,0_short,1_short,2_short,3_short,4_short,6_short,7_short,8_short,9_short,10_short,11_short,12_short,14_short,15_short,17_short,18_short,19_short,21_short,23_short,24_short,25_short,32_short,33_short,34_short,35_short,36_short,37_short,38_short,40_short,41_short,43_short,44_short,46_short,47_short,48_short,49_short,50_short,51_short,52_short,54_short,55_short,57_short,58_short,59_short,60_short,61_short,62_short,63_short,64_short,65_short,66_short,68_short,70_short,71_short,72_short,74_short,75_short,76_short,79_short,80_short,82_short,85_short,86_short,87_short,90_short,91_short,92_short,93_short,94_short,95_short,96_short,97_short,100_short,101_short,102_short,103_short,104_short,105_short,106_short,107_short,111_short,113_short,114_short,116_short,117_short,118_short,121_short,122_short,123_short,124_short,125_short,126_short,127_short,132_short,133_short,135_short,137_short,138_short,139_short,141_short,142_short,143_short,144_short,148_short,149_short,152_short,naive_ave_pnl
2011-03-31,0.0,0.0,0.0,0.0,0.0,0.0,0.0,0.0,0.0,0.0,0.0,0.0,0.0,0.0,0.0,0.0,0.0,0.0,0.0,0.0,0.0,0.0,0.0,0.0,0.0,0.0,0.0,0.0,0.3092788248061525,0.0,0.3771084059058704,0.0,0.0,0.3098700922802738,0.0,0.0,0.0,0.0,0.0,0.0,0.0,0.0,0.0,0.0,0.0,0.0,0.0,0.0,0.0,0.0,0.0,0.0,0.0,0.0,0.0,0.0,0.0,0.0,0.0,0.0,0.0,0.0,0.3799406704571379,0.08108447714190832,0.0,0.0,0.3794791017687822,0.0,0.3814235994253978,0.0,0.0,0.0,0.38096657916246107,0.0,0.3800321321799642,0.0,0.3818619661782214,0.0,0.0,0.0,0.0,0.0,0.3797782359040024,0.0,0.0,0.08409276453549559,0.0,0.0,0.0,0.0,0.0,0.0,0.0,0.0,0.0,0.0,0.0,0.0,0.0,0.0,0.0,0.0,0.0,0.0,0.0,0.0,0.3685286888998319
2011-04-30,0.0,0.0,0.0,0.0,0.0,0.0,0.0,0.0,0.0,0.0,0.0,0.0,0.0,0.0,0.0,0.0,0.0,0.0,0.0,0.0,0.0,0.0,0.0,0.0,0.0,0.0,0.0,0.0,0.2057917523794441,0.0,0.20617576191914216,0.0,0.0,0.300222155402366,0.0,0.0,0.0,0.0,0.0,0.0,0.0,0.0,0.0,0.0,0.0,0.0,0.0,0.0,0.0,0.0,0.0,0.0,0.0,0.0,0.0,0.0,0.0,0.0,0.0,0.0,0.0,0.0,0.20568948175092122,0.08132061486879118,0.0,0.0,0.2219668165063373,0.0,0.22315051155661753,0.0,0.0,0.0,0.23230141615082123,0.0,0.21745375337925196,0.0,0.21258823231503612,0.0,0.0,0.0,0.0,0.0,0.20752695568917978,0.0,0.0,0.08438466167211284,0.0,0.0,0.0,0.0,0.0,0.0,0.0,0.0,0.0,0.0,0.0,0.0,0.0,0.0,0.0,0.0,0.0,0.0,0.0,0.0,0.19377100389575366
2011-05-31,0.0,0.0,0.0,0.0,0.0,0.0,0.0,0.0,0.0,0.0,0.0,0.0,0.0,0.0,0.0,0.0,0.0,0.0,0.0,0.0,0.0,0.0,0.3276510838013134,0.0,0.0,0.0,0.0,0.0,0.20605890569598892,0.0,0.3986965274693662,0.0,0.08908106493505699,0.5256364199939012,0.0,0.0,0.0,0.0,0.0,0.0,0.3432673980512966,0.0,0.0,0.0,0.0,0.0,0.0,0.0,0.0,0.42371406068123496,0.0,0.0,0.0,0.0,0.0,0.0,0.0,0.0,0.0,0.0,0.0,0.0,0.20577962633499203,0.08154009324890783,0.0,0.0,0.3697965243557085,0.0,0.4509992545173899,0.0,0.0,0.0,0.4594562582607764,0.0,0.4328432349580708,0.0,0.4502977871900218,0.0,0.0,0.0,0.0,0.0,0.3717843435715742,0.0,0.0,0.37675577354384115,0.0,0.0,0.0,0.0,0.0,0.0,0.0,0.0,0.0,0.0,0.0,0.0,0.0,0.0,0.0,0.0,0.0,0.0,0.0,0.0,0.4133957337640993
2011-06-30,0.0,0.0,0.5373651535552608,0.0,0.0,0.0,0.0,0.0,0.0,0.0,0.0,0.0,0.0,0.0,0.0,0.0,0.0,0.0,0.0,0.0,0.0,0.0,0.31932691651475054,0.5083806986008226,0.0,0.0,0.0,0.0,0.5054556002394494,0.0,0.4243277620903463,0.04830338571600016,0.4199857015826706,0.4217871210458851,0.0,0.0,0.0,0.0,0.0,0.0,0.4465153771562769,0.0,0.0,0.0,0.03605869920435406,0.0,0.0,0.0,0.0,0.5037307708512029,0.0,0.0,0.0,0.0,0.0,0.0,0.0,0.0,0.0,0.0,0.0,0.3048039579798223,0.5714508294725599,0.24302244492853936,0.3104935460173961,0.0,0.49205138677439414,0.0,0.49702064452833306,0.0,0.0,0.0,0.5989979037384142,0.0,0.537165087334301,0.0,0.4284377462735352,0.0,0.0,0.0,0.0,0.0,0.40684162267168683,0.0,0.40680094174437775,0.4350613185341386,0.47508306636496583,0.0,0.0,0.0,0.5104409515332065,0.278485101507864,0.0,0.0,0.0,0.0,0.0,0.0,0.0,0.0,0.0,0.0,0.0,0.0,0.0,0.0,0.46844197151223377
2011-07-31,0.0,0.0,0.5172590778131858,0.0,0.0,0.0,0.0,0.0,0.0,0.0,0.0,0.0,0.0,0.0,0.0,0.0,0.0,0.0,0.0,0.0,0.0,0.0,0.3669493941992987,0.512694947350027,0.0,0.0,0.0,0.0,0.5093884226011278,0.0,0.46816324913849766,0.06964702200421748,0.4395767521697594,0.38950708540707135,0.0,0.0,0.0,0.0,0.0,0.025630735394397277,0.38939784862480814,0.0,0.0,0.0,0.03655314579325839,0.0,0.0,0.0,0.0,0.5015611044927824,0.0,0.0,0.0,0.0,0.0,0.0,0.0,0.0,0.0,0.0,0.0,0.5092146396827761,0.4698378514851024,0.2324004633752731,0.3150321270783386,0.0,0.5000839646181257,0.0,0.5050948910168604,0.0,0.0,0.0,0.5089704844478554,0.0,0.47321659013649753,0.0,0.4887594154013637,0.0,0.0,0.0,0.0,0.0,0.4522844792788158,0.0,0.2352113523837833,0.4731472547541797,0.5190558780402311,0.0,0.04483969971666978,0.0,0.5165544329954549,0.3093052743490223,0.0,0.0,0.0,0.0,0.0,0.0,0.0,0.0,0.0,0.0,0.0,0.0,0.0,0.0,0.4355878518430323
2011-08-31,0.0,0.0,0.5125456777555822,0.0,0.0,0.0,0.0,0.0,0.0,0.0,0.0,0.0,0.0,0.0819635807815854,0.0,0.0,0.0,0.0,0.0,0.0,0.0,0.0,0.2267206179468805,0.45638098458571935,0.0,0.0,0.0,0.0,0.5159301159309927,0.0,0.4834475418913436,0.08336913616169672,0.44556805556447954,0.38275660189365834,0.0,0.0,0.0,0.0,0.0,0.025938280415242588,0.39727723737473375,0.0,0.0,0.0,0.07762225037559968,0.0,0.0,0.0,0.0,0.5068148992471754,0.0,0.0,0.0,0.0,0.0,0.0,0.0,0.0,0.0,0.0,0.0,0.5048752716614342,0.4750745659047183,0.18910104896877322,0.26648291683554,0.08075029310577321,0.5034575840172203,0.0,0.5409295495086002,0.0,0.0,0.0,0.509423617812444,0.0,0.46182455876509315,0.0,0.5080740578014039,0.0,0.0,0.0,0.0,0.0,0.4459237919326731,0.0,0.3318482118083996,0.4398761227057555,0.5822369321861562,0.0,0.013563107287077086,0.0,0.5240061106538607,0.3077872779204198,0.0,0.0,0.0,0.0,0.0,0.0,0.0,0.0,0.0,0.0,0.0,0.0,0.0,0.0,0.4711416789338958
2011-09-30,0.0,0.0,0.5384140360315508,0.0,0.0,0.0,0.0,0.0,0.0,0.0,0.0,0.0,0.0,0.06496814314291557,0.0,0.0,0.0,0.0,0.0,0.0,0.0,0.0,0.40577731789759847,0.4598499311716386,0.0,0.0,0.0,0.0,0.5412930024424263,0.0,0.4882505737553396,0.2753176291973361,0.5250870261252453,0.38130596739486783,0.12120208785904699,0.0,0.0,0.0,0.0,0.027219187433591127,0.48447446763517604,0.0,0.0,0.0,0.08487078921359092,0.0,0.0,0.0,0.0,0.5382447942636982,0.0,0.0,0.0,0.0,0.0,0.0,0.0,0.0,0.0,0.0,0.0,0.5425469588532831,0.49284340110410146,0.18907873309420667,0.27947217866677343,0.0602725062828917,0.5030775932452776,0.0,0.5539659987520206,0.0,0.0,0.0,0.5133863968001702,0.0,0.5063024127578067,0.0,0.5342283276316848,0.0,0.0,0.0,0.0,0.0,0.44669361967437077,0.0,0.2534568712472776,0.4611398084932589,0.5859424172169253,0.0,0.06533648152912096,0.0,0.5034449358828006,0.26090743992198656,0.0,0.0,0.0,0.04386362569840605,0.0,0.04251286968177259,0.0,0.0,0.0,0.0,0.0,0.0,0.0,0.0,0.49588627533744944
2011-10-31,0.0,0.0,0.5474574871358524,0.0,0.0,0.0,0.0,0.0,0.0,0.0,0.0,0.0,0.0,0.04739620308177846,0.0,0.0,0.0,0.0,0.0,0.0,0.0,0.0,0.34163175459486167,0.4750487691381352,0.0,0.0,0.0,0.0,0.5425368687162342,0.0,0.48060676417218556,0.21179164027414757,0.499672569373743,0.3811454795782038,0.12073441491135971,0.0,0.0,0.0,0.0,0.029712575783278322,0.5017704693809104,0.0,0.0,0.0,0.06180998498322875,0.0,0.0,0.0,0.0,0.5248420684414303,0.0,0.0,0.0,0.0,0.0,0.0,0.0,0.0,0.0,0.0,0.0,0.5274982114740586,0.49413084075038793,0.18099430860597943,0.2944536658805069,0.06007970181839483,0.5023019416609026,0.0,0.5476191675762887,0.0,0.0,0.0,0.49534187873861235,0.0,0.5081723535111569,0.0,0.5368103792338662,0.0,0.0,0.0,0.0,0.0,0.4487454519500631,0.0,0.2588089987191115,0.45438410903063303,0.5771047173661152,0.0,0.026248626822812614,0.0,0.5008361820460946,0.1965902692662981,0.0,0.0,0.0,0.03788190985386349,0.0,0.03676217954428885,0.0,0.0,0.0,0.0,0.0,0.0,0.0,0.0,0.4447417709372475
2011-11-30,0.0,0.0,0.46284118617908787,0.0,0.0,0.0,0.0,0.0,0.0,0.0,0.0,0.0,0.0,0.047347186073545024,0.0,0.0,0.0,0.0,0.0,0.0,0.0,0.0,0.3699301368402029,0.4918857687870607,0.0,0.0,0.0,0.0,0.5502679364793801,0.0,0.4523568064255836,0.18489390319179907,0.36437132065856653,0.26352051733953996,0.21434234955041692,0.3145468738539304,0.0,0.0,0.0,0.2840786387294898,0.5730926126597043,0.0,0.0,0.0,0.22243157985107023,0.0,0.0,0.0,0.0,0.4396394430491062,0.0,0.0,0.0,0.0,0.0,0.0,0.0,0.0,0.0,0.0,0.0,0.4540745988229362,0.4642327994578149,0.49646393862544164,0.5530963466172261,0.06076083588034971,0.5504087649712552,0.0,0.48629319476692356,0.0,0.0,0.0,0.44828787261856,0.0,0.5250851090969401,0.0,0.5200407230290072,0.4815312970890297,0.0,0.0,0.0,0.0,0.45467403802828904,0.0,0.27802234425089883,0.48990460330358787,0.5006689874294022,0.0,0.23834200384127902,0.0,0.5077745983392178,0.1822516825417952,0.0,0.0,0.0,0.19852896780673074,0.0,0.3255376807362438,0.0,0.0,0.0,0.0,0.0,0.0,0.0,0.0,0.3656104458601148
2011-12-31,0.0,0.0,0.4538700313895603,0.0,0.0,0.0,0.0,0.0,0.0,0.0,0.0,0.0,0.0,0.2682485839931203,0.0,0.0,0.0,0.0,0.0,0.0,0.0,0.0,0.2842887551495295,0.49637116851647084,0.0,0.0,0.0,0.0,0.5958093223734929,0.0,0.40481057601620984,0.3807305901873108,0.32823964204950645,0.30287195000916073,0.37973483121569557,0.48468418721725814,0.0,0.0,0.0,0.2909683599876882,0.5383870408534364,0.0,0.0,0.0,0.22280361704193183,0.0,0.0,0.0,0.0,0.448885432044248,0.0,0.0,0.0,0.0,0.0,0.0,0.0,0.0,0.0,0.32408207303691267,0.0,0.43927156139538065,0.5145546877794257,0.4994614065320477,0.5499059502280415,0.06109177991345081,0.5227491925591559,0.0,0.4100718830928356,0.0,0.0,0.0,0.49279453775640775,0.0,0.5175078330142651,0.0,0.47042221375864296,0.44937869447330886,0.0,0.0,0.0,0.0,0.46166670666379966,0.0,0.31242261386233405,0.48486388825968485,0.4355273692900288,0.0,0.20023001767125376,0.0,0.5654787693547795,0.18906284939370144,0.0,0.0,0.0,0.24215221136865908,0.0,0.19138508416381853,0.0,0.0,0.0,0.0,0.0,0.0,0.0,0.0,0.3940259674066057
2012-01-31,0.0,0.0,0.4402070557233811,0.0,0.0,0.0,0.0,0.0,0.0,0.0,0.0,0.0,0.0,0.23557621521159855,0.0,0.0,0.0,0.0,0.0,0.0,0.0,0.0,0.2567323850299208,0.4953374272717294,0.0,0.0,0.0,0.0,0.5456858193718891,0.0,0.3786140192927125,0.3710050995731017,0.2988625664222489,0.2954809815737685,0.33172926416270954,0.36702175803962694,0.0,0.0,0.0,0.2579164353642058,0.537027438151793,0.0,0.0,0.0,0.22078860320212923,0.0,0.0,0.0,0.0,0.4253420804343762,0.0,0.0,0.0,0.0,0.0,0.0,0.0,0.0,0.0,0.33441191531524606,0.0,0.4044110511550476,0.5212361580981713,0.47436067743102667,0.4992820740025483,0.06169793147139901,0.5110618742444184,0.0,0.3907257019389134,0.0,0.0,0.0,0.464245657168557,0.0,0.5006175032576808,0.0,0.417608519026767,0.3855032614826946,0.0,0.0,0.0,0.0,0.4714516559257271,0.0,0.29583695069424226,0.4819956937258466,0.41973882211976155,0.0,0.1894132308206033,0.0,0.5745812306340069,0.19817826589979964,0.0,0.0,0.0,0.18767282441173638,0.0,0.16727152025797348,0.0,0.0,0.0,0.0,0.0,0.0,0.0,0.0,0.34529395568275445
2012-02-29,0.0,0.0,0.41948938951472886,0.0,0.0,0.0,0.0,0.0,0.0,0.0,0.0,0.0,0.0,0.21677799661272043,0.0,0.0,0.0,0.0,0.0,0.0,0.0,0.0,0.2534631665302063,0.47263239127336526,0.0,0.0,0.0,0.0,0.45892784218588545,0.0,0.37321554972776283,0.36392837922064614,0.2752491911599903,0.28826895550607096,0.2411414455958355,0.31779264409481117,0.0,0.0,0.0,0.24744685688887055,0.5308232587667804,0.0,0.0,0.0,0.2141521825770822,0.0,0.0,0.0,0.0,0.390553926091702,0.0,0.0,0.0,0.0,0.0,0.0,0.0,0.0,0.0,0.3344227515512763,0.0,0.3472483839517228,0.5027037554654323,0.4196380310986785,0.4421600679063927,0.06255308889900871,0.48847255707776055,0.0,0.38820873709423837,0.0,0.0,0.0,0.4045784168150742,0.0,0.45922408159319933,0.0,0.39195038128333043,0.38432812621874396,0.0,0.0,0.0,0.0,0.47271668322951943,0.0,0.28297879477501564,0.47616833632617095,0.416290684431817,0.0,0.17639519123654507,0.0,0.5545281684298249,0.20414647064004862,0.0,0.0,0.0,0.17481501684151668,0.0,0.1599418318168975,0.0,0.0,0.0,0.0,0.0,0.0,0.0,0.0,0.326726209839703
2012-03-31,0.0,0.0,0.39602816547818726,0.0,0.0,0.0,0.0,0.0,0.0,0.0,0.0,0.0,0.0,0.2151256648318296,0.0,0.0,0.0,0.0,0.0,0.0,0.0,0.0,0.2577263362944192,0.43410241581456976,0.0,0.0,0.0,0.0,0.4285100767118627,0.0,0.3750010245873979,0.3596185359699769,0.2647668312033873,0.2812549054174129,0.19382004199305894,0.3112900024992704,0.0,0.0,0.0,0.24810801107525332,0.5206963712526061,0.0,0.0,0.0,0.2120709739008733,0.0,0.0,0.0,0.0,0.3527432169591764,0.0,0.0,0.0,0.0,0.0,0.0,0.0,0.0,0.0,0.3340002379012366,0.0,0.29557896257982597,0.4596966114696484,0.38198891699143867,0.4066544682837779,0.06421687787598301,0.4600733376682804,0.0,0.3887728735974919,0.0,0.0,0.0,0.35016628719025567,0.0,0.4158724680382481,0.0,0.38213882917820624,0.38389231893579573,0.0,0.0,0.0,0.0,0.4663294205945316,0.0,0.2785545590390403,0.46707318415688875,0.41540288880813875,0.0,0.17067135690603855,0.0,0.5074505800603077,0.20796960402104858,0.0,0.0,0.0,0.170786858041034,0.0,0.1592319323206906,0.0,0.0,0.0,0.0,0.0,0.0,0.0,0.0,0.3241621565174077
2012-04-30,0.0,0.0,0.44184039951262905,0.0,0.0,0.0,0.0,0.0,0.0,0.0,0.0,0.0,0.0,0.24742270599858746,0.0,0.0,0.0,0.0,0.0,0.0,0.0,0.0,0.2803895128566223,0.4122106476934406,0.0,0.0,0.0,0.0,0.4531481987307385,0.0,0.40970244483298024,0.3572032974802808,0.2914443267865425,0.3162179796238182,0.29373944147985565,0.3440768633654324,0.0,0.0,0.0,0.24941416664581642,0.5743547019860359,0.0,0.0,0.0,0.24226479425025116,0.0,0.0,0.0,0.0,0.35837001426957854,0.0,0.0,0.0,0.0,0.0,0.0,0.0,0.0,0.0,0.3273639121212981,0.0,0.31105596664096363,0.45928766306707414,0.41867211356985556,0.45156536732616603,0.3105057518602806,0.40634893036710173,0.0,0.4114640176384424,0.0,0.0,0.0,0.34781963987169995,0.0,0.521179867170522,0.0,0.42042021289450704,0.38024772887078573,0.0,0.0,0.32307072231620554,0.0,0.45290563813943474,0.0,0.27680165989487626,0.469717886940119,0.29018906640429587,0.0,0.1909744595891071,0.0,0.4679724520361627,0.4985066970385912,0.0,0.0,0.0,0.21725351795483444,0.0,0.1634287795585929,0.0,0.0,0.0,0.0,0.0,0.2396186789687179,0.0,0.0,0.34245646007525954
2012-05-31,0.0,0.0,0.4910627669897886,0.0,0.0,0.0,0.0,0.0,0.0,0.0,0.0,0.0,0.0,0.3527398320975907,0.0,0.0,0.0,0.0,0.0,0.0,0.0,0.0,0.331322818499763,0.4072173755566905,0.0,0.0,0.0,0.0,0.5183590117488279,0.0,0.5276408499766447,0.2819572030354653,0.286151346307263,0.28705494222296263,0.3403227119125016,0.41630630873998037,0.0,0.0,0.0,0.28483574330758354,0.5689181737857731,0.0,0.0,0.0,0.3529682889982139,0.0,0.0,0.0,0.0,0.4585119839086938,0.0,0.0,0.0,0.5070678885522705,0.0,0.0,0.0,0.0,0.0,0.36474897141665397,0.0,0.4548745186629382,0.526301236609895,0.5286183172833083,0.5500691574660377,0.393672176440363,0.4386428489630651,0.0,0.5480207786222748,0.0,0.0,0.0,0.4133454260521619,0.0,0.5603481449721195,0.0,0.546704131190431,0.39397857304691,0.0,0.0,0.47912714556118635,0.36207565188536456,0.4374094725057069,0.0,0.29829536146526947,0.5107461831676879,0.4479277830670959,0.0,0.282571840284355,0.0,0.5907405041473945,0.4890926410366271,0.0,0.0,0.0,0.19816527960565206,0.0,0.35825158497875387,0.0,0.0,0.0,0.0,0.0,0.4379828566800386,0.0,0.0,0.40919690047381296
2012-06-30,0.0,0.0,0.5205921558830348,0.0,0.0,0.0,0.0,0.0,0.0,0.0,0.0,0.0,0.0,0.30900083242292337,0.0,0.0,0.0,0.0,0.0,0.0,0.0,0.0,0.31525582176124056,0.4082008698134514,0.0,0.0,0.0,0.0,0.5484647323726215,0.0,0.535497580858689,0.2864703380220466,0.285953731982513,0.2748518714991551,0.34970110955260103,0.46274327021841705,0.0,0.0,0.0,0.2691144490690197,0.5656075193813047,0.0,0.0,0.0,0.36843900949009545,0.0,0.0,0.0,0.0,0.48255479799819295,0.0,0.0,0.0,0.4716094466120371,0.0,0.0,0.0,0.0,0.0,0.3185436120222144,0.0,0.44944405250610336,0.48977143183253347,0.48730132697655154,0.550764549878988,0.364270628566159,0.48910107078148246,0.0,0.5658175483973288,0.0,0.0,0.0,0.42887493359916873,0.0,0.5628331582716354,0.0,0.5618897647597204,0.36380427243958885,0.0,0.0,0.4881445903685421,0.3610950267694112,0.4238460910640952,0.0,0.2929653300225802,0.5105960999170619,0.42532781014787074,0.0,0.340122482956844,0.0,0.59315049867659,0.4724385230329454,0.0,0.0,0.0,0.19034700305316754,0.0,0.32369370813555326,0.0,0.0,0.0,0.0,0.0,0.3409693496450839,0.0,0.0,0.4269269330391961
2012-07-31,0.0,0.0,0.47683067486666475,0.0,0.0,0.0,0.0,0.0,0.0,0.0,0.0,0.0,0.0,0.2659050555690128,0.0,0.0,0.0,0.0,0.0,0.0,0.0,0.0,0.34203716998859995,0.40891667897410944,0.0,0.0,0.0,0.0,0.5068699192998762,0.0,0.5040211486853181,0.2870987188305462,0.2858995980589305,0.2669747268780193,0.34378265355966764,0.49365705069270105,0.0,0.0,0.0,0.2607761796607022,0.49326375863655836,0.0,0.0,0.0,0.3239056157511076,0.0,0.0,0.0,0.0,0.45556729938487733,0.0,0.0,0.0,0.4643150645404288,0.0,0.0,0.0,0.0,0.0,0.37396478212817796,0.0,0.4579602154283165,0.47717470867378137,0.4822557387562387,0.5742818612041638,0.32428929065279344,0.4923230597808025,0.0,0.548700718789946,0.0,0.0,0.0,0.3607874107750268,0.0,0.5864468337318762,0.0,0.5481020411486061,0.30243130934814055,0.0,0.0,0.45918778678412975,0.3170517244361428,0.4126649976499023,0.0,0.27990375424416913,0.5332023906063376,0.39130681608487333,0.0,0.2546781313916703,0.0,0.5377007567934124,0.44563996414533774,0.0,0.0,0.0,0.2583592313393264,0.0,0.2555080700031392,0.0,0.0,0.0,0.0,0.0,0.29924668199607546,0.0,0.0,0.3461794670734713
2012-08-31,0.0,0.0,0.47245140215071907,0.0,0.0,0.0,0.0,0.0,0.0,0.0,0.0,0.0,0.0,0.2471740436055877,0.0,0.0,0.0,0.0,0.0,0.0,0.0,0.0,0.3452400717097455,0.4096754446393762,0.0,0.0,0.0,0.0,0.4628471038946226,0.0,0.48005218655721105,0.28789199601221516,0.28601108415818755,0.2620008998701754,0.33149755197930925,0.45108307607610965,0.0,0.0,0.0,0.25753899009601994,0.4887998416400363,0.0,0.0,0.0,0.2861359518607104,0.0,0.0,0.0,0.0,0.42799185246559035,0.0,0.0,0.0,0.34094633039169214,0.0,0.0,0.0,0.0,0.0,0.3467576277968184,0.0,0.42572160451909025,0.4525489628923215,0.47469457902338974,0.5652459773974063,0.3051096653148479,0.4988723778955277,0.0,0.5101841022304222,0.0,0.0,0.0,0.3426580928036529,0.0,0.560910413228396,0.0,0.5243592013483391,0.2594149108120521,0.0,0.0,0.4684332397673422,0.20927885384957695,0.40732447119053805,0.0,0.2794119385964436,0.5283101612681008,0.35635989533984613,0.0,0.20149067698872072,0.0,0.5223179798227542,0.40813662556710095,0.0,0.0,0.0,0.258169402163767,0.0,0.21875884057528686,0.0,0.0,0.0,0.0,0.0,0.3622562490211746,0.0,0.0,0.3189423942521735
2012-09-30,0.0,0.0,0.466526963170637,0.0,0.0,0.0,0.0,0.0,0.0,0.0,0.0,0.0,0.0,0.2423177384168742,0.0,0.0,0.0,0.0,0.0,0.0,0.0,0.0,0.35139995799954,0.41082163086146,0.0,0.0,0.0,0.0,0.41783352964815834,0.0,0.45692721689843374,0.2883970559471304,0.28666386266636135,0.25985637490545505,0.31480191227480026,0.42338803925881063,0.0,0.0,0.0,0.2576463466818771,0.482818081329179,0.0,0.0,0.0,0.26782998528976326,0.0,0.0,0.0,0.0,0.40453168387778626,0.0,0.0,0.0,0.29726775144641265,0.0,0.0,0.0,0.0,0.0,0.3425506966874263,0.0,0.39352826913842975,0.4277005954850897,0.46108736237553316,0.5553358351307089,0.29947683197466185,0.5024683396961813,0.0,0.4694459419250598,0.0,0.0,0.0,0.33587489488364025,0.0,0.5267141065545796,0.0,0.4976719875848631,0.24396579395806522,0.0,0.0,0.45707044611715963,0.15313674320613388,0.4058364018840453,0.0,0.27993663974757427,0.5236227706927479,0.3366603646254713,0.0,0.18159779927610806,0.0,0.4954650829663485,0.3780900399348422,0.0,0.0,0.0,0.2599486991569518,0.0,0.21326006343184975,0.0,0.0,0.0,0.0,0.0,0.359918486480648,0.0,0.0,0.3046268193722085
2012-10-31,0.0,0.0,0.48162124735011747,0.0,0.0,0.0,0.0,0.0,0.0,0.0,0.0,0.0,0.0,0.1925048963429379,0.0,0.0,0.0,0.0,0.0,0.0,0.0,0.0,0.37193052352405886,0.42010975685198876,0.0,0.0,0.0,0.0,0.40326778646363814,0.0,0.4782867623981267,0.28884939034641344,0.2181706818838502,0.27951091518014776,0.3352297840377826,0.4044052746830418,0.0,0.0,0.0,0.28492510981942654,0.4375913141646441,0.0,0.0,0.0,0.4012142437748327,0.0,0.0,0.0,0.0,0.33961895177968066,0.0,0.0,0.0,0.3930819505905775,0.0,0.0,0.0,0.0,0.0,0.4129296293660396,0.0,0.363858869121364,0.4478477866279089,0.44242199280642963,0.4627440469591586,0.3242050570389698,0.48046394256101166,0.0,0.4872608476277829,0.0,0.0,0.0,0.30173897523074045,0.0,0.5158749402308879,0.0,0.4732547172120144,0.37224637624235674,0.0,0.0,0.4698861554410371,0.38996504627480744,0.4059750869189461,0.0,0.2795305235463934,0.4461687340523252,0.36494569780264674,0.0,0.3810697317983199,0.0,0.4423640005384804,0.3213416241328722,0.0,0.0,0.0,0.26323338742529007,0.0,0.18928033052785875,0.0,0.0,0.3408191543378062,0.0,0.0,0.3599168302852089,0.0,0.0,0.23728971591630604
2012-11-30,0.0,0.0,0.5189890079817188,0.0,0.0,0.312535667722141,0.6228836919714094,0.0,0.0,0.0,0.0,0.0,0.0,0.25197215763586406,0.0,0.0,0.0,0.0,0.0,0.0,0.0,0.0,0.4028399014772231,0.6030797212367899,0.0,0.0,0.0,0.0,0.5042881900590823,0.0,0.5253848325128269,0.2872692431752967,0.28383781520226437,0.27360355356508526,0.36833461245834903,0.36272205344651004,0.0,0.0,0.0,0.35456019276190076,0.4860216760208899,0.0,0.0,0.0,0.4083096208906092,0.0,0.0,0.0,0.0,0.4126886377475251,0.0,0.0,0.0,0.44872524641850137,0.0,0.0,0.0,0.0,0.06015083815231637,0.4303839144633369,0.0,0.4974509022420268,0.5101144759170206,0.4872989605704046,0.5116263895752002,0.3834597563065716,0.5229343121551719,0.5655711616213357,0.5529022240580226,0.0,0.0,0.0,0.37112378334840723,0.0,0.5423087635760685,0.0,0.5439398731925829,0.33613672549531504,0.0,0.0,0.47586089327826353,0.5741913243421685,0.40584387801669747,0.0,0.3631140453884,0.4670488523407079,0.4552146458461182,0.0,0.4430985906582273,0.5575478742396416,0.5463673120485255,0.32503340015892945,0.0,0.0,0.0,0.29980022958708485,0.0,0.27139364882365896,0.0,0.0,0.42994525398931555,0.0,0.0,0.3616516786703846,0.0,0.0,0.3451517778891735
2012-12-31,0.0,0.0,0.5021862494769297,0.0,0.0,0.31237303319684695,0.6130904411566472,0.0,0.0,0.0,0.0,0.0,0.0,0.2415942858791317,0.0,0.0,0.0,0.04940983100998466,0.0,0.0,0.0,0.0,0.41996450135356067,0.5991728061855001,0.0,0.0,0.0,0.0,0.45629502307184666,0.0,0.5139329982516946,0.2868070836841328,0.27967813621833265,0.27034640668965315,0.35758752900935437,0.3344214261455681,0.0,0.0,0.0,0.3411220980249577,0.4726301089606083,0.0,0.0,0.0,0.38533583115349807,0.0,0.0,0.0,0.0,0.42018462328882333,0.0,0.0,0.0,0.43462432802091905,0.0,0.0,0.0,0.0,0.06111943796090015,0.31835387695074363,0.0,0.49955346094916164,0.4851527489578475,0.48380449707522993,0.5160906382420369,0.38898305572155606,0.517788652330773,0.5743020691594847,0.5233961721352454,0.0,0.0,0.0,0.33338184648182306,0.0,0.5402162440539798,0.0,0.5305773751877952,0.3056384119856688,0.0,0.0,0.4654092019371427,0.5541474520038029,0.4068747214699213,0.0,0.3362610808531041,0.4613993502185838,0.42830816838101343,0.0,0.4146834978085159,0.5650376315834259,0.506556167826945,0.31160905627869556,0.0,0.0,0.0,0.2989393598912172,0.0,0.24393152999299217,0.0,0.0,0.37868982762287684,0.0,0.0,0.3641937830502502,0.0,0.0,0.28342650692616866
2013-01-31,0.0,0.0,0.4914651685771788,0.0,0.0,0.31257049189868935,0.6066834239098143,0.0,0.0,0.0,0.0,0.0,0.0,0.23800871352049507,0.0,0.0,0.0,0.022524961061288262,0.0,0.0,0.0,0.0,0.39112141057439276,0.5287733984246523,0.0,0.0,0.0,0.0,0.41377180693060456,0.0,0.4912955804780381,0.2879501746698049,0.28013395673902053,0.26885522816017204,0.3436504447042621,0.30763387760733507,0.0,0.0,0.0,0.33286876443573465,0.4625449017038919,0.0,0.0,0.0,0.3573657962997585,0.0,0.0,0.0,0.0,0.3953921767649473,0.0,0.0,0.0,0.4139502397219154,0.0,0.0,0.0,0.0,0.06243574052738076,0.28769321701258926,0.0,0.4699639154844979,0.45813925132842676,0.476779437256242,0.5054633017528857,0.3645387292414527,0.5124809443670794,0.5750592276564814,0.49402495924242196,0.0,0.0,0.0,0.32400114862565543,0.0,0.5245986621855926,0.0,0.5045676324117968,0.28415161233890784,0.0,0.0,0.4552886168498128,0.5139288373244515,0.40902321799354957,0.0,0.31627308820395217,0.45699119416728523,0.3988185486993215,0.0,0.3784723301163448,0.5861212049608573,0.4847765958040841,0.3005158283058668,0.0,0.0,0.0,0.3009423604014119,0.0,0.2342295680701776,0.0,0.0,0.32538419476060776,0.0,0.0,0.36807887285699137,0.0,0.0,0.2602704613462232
2013-02-28,0.0,0.0,0.47652856706111374,0.0,0.0,0.3122910903054633,0.5892236327770437,0.0,0.0,0.0,0.0,0.0,0.0,0.2768479218938398,0.0,0.0,0.0,0.014175129573945662,0.0,0.0,0.0,0.0,0.37165349435014494,0.528052602961134,0.0,0.0,0.0,0.0,0.37909189741310384,0.0,0.46843170396893347,0.28558040986180483,0.2750989284080138,0.29705462697267243,0.397416595474899,0.2885396837666145,0.0,0.0,0.0,0.3264217530792705,0.4825875502909898,0.0,0.0,0.0,0.3315699746445966,0.0,0.0,0.0,0.0,0.37279931466441585,0.0,0.0,0.0,0.39275661673431206,0.0,0.0,0.0,0.0,0.06365078058277594,0.2765226174745752,0.0,0.42964043473992575,0.4373001688604265,0.4635653098579368,0.4916261873457885,0.3501842233983812,0.503516855034052,0.5775779686557027,0.4607230525452562,0.0,0.0,0.0,0.3185351089877921,0.0,0.5044153109662839,0.0,0.48061143163425873,0.27417720643216326,0.0,0.0,0.4407374869675314,0.4664273219392827,0.4076880628223847,0.0,0.3036968134984548,0.4756707489962463,0.3749327406532228,0.0,0.34986245464823523,0.576175153922554,0.4624090952690707,0.3463552654939008,0.0,0.0,0.0,0.3025517850643609,0.0,0.30997688760369396,0.0,0.0,0.36803431271103776,0.0,0.0,0.37166879487291554,0.0,0.0,0.2595980776155135
2013-03-31,0.0,0.0,0.46888123747168203,0.0,0.0,0.31251019617495973,0.5845568169513462,0.0,0.0,0.0,0.0,0.0,0.0,0.2671957022217588,0.0,0.0,0.0,0.014483376738840386,0.0,0.0,0.0,0.0,0.36211339110506996,0.4963575254254607,0.0,0.0,0.0,0.0,0.3581317574988883,0.0,0.4463315931951061,0.2868690072633776,0.264492331740263,0.295171772427163,0.383493898870508,0.2768752699892716,0.0,0.0,0.0,0.32492958327852517,0.46922963523039624,0.0,0.0,0.0,0.3128184162790934,0.0,0.0,0.0,0.0,0.3551671728911782,0.0,0.0,0.0,0.37139018581166977,0.0,0.0,0.0,0.0,0.06527912861788604,0.27480285272130656,0.0,0.3993546371437225,0.4236462433918048,0.44836366795302723,0.4821853787610677,0.34517620108586416,0.5002015740418453,0.5517201395573641,0.425425678004886,0.0,0.0,0.0,0.31698213694657135,0.0,0.4851415903870174,0.0,0.4549185486571467,0.2725515409952715,0.0,0.0,0.42383395740142726,0.4153901499456352,0.4098117674515445,0.0,0.29800760410265364,0.4688891580837358,0.3589316618344842,0.0,0.33170460950063796,0.5717039296430813,0.4421204705320665,0.33530056790756796,0.0,0.0,0.0,0.3065072465283043,0.0,0.2797325705491713,0.0,0.0,0.3250920279988797,0.0,0.0,0.3760795987838641,0.0,0.0,0.25028763406469295
2013-04-30,0.0,0.0,0.4578632111533767,0.0,0.0,0.31251379088843173,0.5809527411083419,0.0,0.0,0.0,0.0,0.0,0.0,0.3420973404403249,0.0,0.0,0.0,0.015309128475536823,0.0,0.0,0.0,0.0,0.3549947874445236,0.4895073946520153,0.0,0.0,0.0,0.0,0.34654113564490674,0.0,0.43897062867339975,0.2735434147393944,0.265431794325338,0.2994904363767107,0.3688582332289173,0.2683662869765226,0.0,0.0,0.0,0.3235884200779093,0.4665540698104273,0.0,0.0,0.0,0.3003243375389792,0.0,0.0,0.0,0.0,0.3564865751180046,0.0,0.0,0.0,0.34140622983526775,0.0,0.0,0.0,0.0,0.3574994601566728,0.27567230897932365,0.0,0.3993634406360903,0.4139429005283707,0.4269920795596221,0.4685469729724335,0.4142106787413611,0.49273274909301146,0.5102372335346594,0.3955882076051307,0.0,0.0,0.0,0.3196414091647969,0.0,0.4617190666624379,0.0,0.4444262637453659,0.28476700078471173,0.0,0.0,0.4115561258414326,0.37180770540037944,0.41091859204387293,0.0,0.30644713746530866,0.47095794842482586,0.34703074474714135,0.0,0.32143717475719547,0.5696149722463323,0.4450382849864353,0.32289160869236294,0.0,0.0,0.0,0.31053992966392413,0.0,0.31190605822154216,0.0,0.0,0.3249596539906477,0.0,0.0,0.38159958481627865,0.0,0.0,0.24858671051847286
2013-05-31,0.0,0.0,0.4462511683632312,0.0,0.0,0.31236885958730537,0.5707441358430433,0.0,0.0,0.0,0.0,0.0,0.0,0.33643774373281704,0.0,0.0,0.0,0.016519238328384846,0.0,0.0,0.0,0.0,0.35158849435758033,0.4654780116125575,0.0,0.0,0.0,0.0,0.3411007910440946,0.0,0.41652050090900034,0.2730685115594677,0.25948921259625984,0.29752935241698286,0.356539268748386,0.26329459949676853,0.0,0.0,0.0,0.32361416534553894,0.4530060234850485,0.0,0.0,0.0,0.2941922362703308,0.0,0.0,0.0,0.0,0.34203533758218413,0.0,0.0,0.0,0.30980150002562845,0.0,0.0,0.0,0.0,0.35953156071663145,0.2777608165898153,0.0,0.3732699903798642,0.407970647474802,0.4043585273384293,0.45364790167209895,0.41545805085674614,0.48474699428815293,0.47215634348540103,0.37559680411247354,0.0,0.0,0.0,0.31860123295086545,0.0,0.44040741132008265,0.0,0.4198797441671173,0.28263509709541096,0.0,0.0,0.3824002703166453,0.35289408876369677,0.4117542034747029,0.0,0.30085779859946404,0.46135860425098496,0.33946716017758133,0.0,0.31698920390134483,0.5605298221259839,0.4285896652510792,0.3122589061683045,0.0,0.0,0.0,0.3148416786897082,0.0,0.30595902873077513,0.0,0.0,0.3217603115688373,0.0,0.0,0.38759111870880425,0.0,0.0,0.2466285907068934
2013-06-30,0.0,0.0,0.47332020403896574,0.4233754325640958,0.0,0.24082791726621758,0.5663841688200363,0.0,0.0,0.0,0.0,0.0,0.0,0.3914419884065044,0.0,0.0,0.0,0.06649562238474717,0.0,0.0,0.0,0.0,0.40973245777890166,0.4410286701358281,0.0,0.0,0.0,0.0,0.3766747236311756,0.0,0.47520913792292474,0.2690078962368548,0.29757043064501554,0.3512534062433481,0.47026938063760265,0.3028289296416653,0.0,0.0,0.0,0.3608398735693428,0.47837898065312506,0.0,0.0,0.0,0.3598591591345203,0.0,0.0,0.0,0.0,0.3427745932889922,0.0,0.0,0.0,0.39761530142149937,0.0,0.0,0.0,0.0,0.3824386129558695,0.30254063453668273,0.0,0.4182365787155564,0.4280490587170084,0.5006634467892199,0.48499539730386,0.4288488845221545,0.5143762620701535,0.45877467156125207,0.4286541907067843,0.0,0.0,0.0,0.3438484353566366,0.0,0.504364636355293,0.0,0.47407014336336856,0.3946077271564784,0.0,0.0,0.43472908754058126,0.4353582769788947,0.4386471695686373,0.0,0.31500371947016276,0.5005650831043906,0.38641370189618446,0.0,0.31119357419995847,0.5852995856051982,0.4154032914224408,0.35152217110260475,0.0,0.0,0.0,0.32747565067085566,0.0,0.2644060689248021,0.0,0.0,0.3495461835913566,0.0,0.0,0.4453716105432874,0.0,0.0,0.28294306873190417
2013-07-31,0.0,0.0,0.46527664204913555,0.36451055321240616,0.0,0.2413226256231286,0.5638761166211169,0.0,0.0,0.0,0.0,0.0,0.0,0.3731131479563271,0.0,0.0,0.0,0.16447173777032945,0.0,0.0,0.0,0.0,0.41461615747534364,0.4214085342078845,0.0,0.0,0.0,0.0,0.368713260302352,0.0,0.4544422487387415,0.27128947858262475,0.2843461426872297,0.34549938641099365,0.44890160801718787,0.30020551188049444,0.0,0.0,0.0,0.3573325095265476,0.47001612686822947,0.0,0.0,0.0,0.3401246539758433,0.0,0.0,0.0,0.0,0.335058017832654,0.0,0.0,0.0,0.36809218561563717,0.0,0.0,0.0,0.0,0.38795065867790013,0.30534253708542364,0.0,0.3912711433956757,0.4234637903406661,0.4817567368991209,0.47450731690850334,0.42245431141322687,0.5085565351971895,0.4242550342575334,0.40220586569646677,0.0,0.0,0.0,0.3412945700680262,0.0,0.48648893013610794,0.0,0.45085649408592404,0.3738650255811444,0.0,0.0,0.4178263342803566,0.42780061409542347,0.4822360340290358,0.0,0.3082039446597332,0.49326420264101667,0.3707496532987799,0.0,0.3016269886612516,0.5659832482117721,0.40902323853037875,0.366107353763519,0.0,0.0,0.0,0.3447585501959748,0.0,0.2636729240617843,0.0,0.0,0.37757402831659365,0.0,0.0,0.40609045586722103,0.0,0.0,0.3176671512863804
2013-08-31,0.27827675522417844,0.0,0.5377229398619233,0.4471237716730758,0.06183275842970915,0.24236366880246119,0.546283622870025,0.0,0.0,0.0,0.0,0.0,0.0,0.4314390361828419,0.0,0.0,0.0,0.1821132385713521,0.0,0.0,0.0,0.0,0.3790425106864813,0.4294751650118691,0.0,0.0,0.0,0.0,0.47940166399064316,0.0,0.5772789617790798,0.2687551280811568,0.43737471782050014,0.5166607312691248,0.46414331439929307,0.2980137661261845,0.0,0.0,0.0,0.5406502451507329,0.5085025194074339,0.0,0.0,0.0,0.494311216132744,0.0,0.0,0.0,0.0,0.39819949119294495,0.0,0.0,0.0,0.5174005136807163,0.0,0.0,0.0,0.0,0.58049942118444,0.3599250145958244,0.0,0.46260802805171714,0.4415568398876154,0.49720562986021494,0.5654747300510491,0.5538058046638328,0.6220317382151478,0.5003627371061748,0.5672062440040618,0.0,0.0,0.0,0.398027499656719,0.45956396783493547,0.6194636240886616,0.0,0.5718170580359813,0.5270655066683572,0.0,0.0,0.3994750506779228,0.5210887654185803,0.5263032341266488,0.0,0.33457260306797293,0.5132208055936365,0.49792178848399166,0.0,0.36562070103835514,0.5753765864258098,0.5205982155191556,0.478681339979664,0.0,0.0,0.0,0.32936769172709046,0.0,0.31239470186011875,0.0,0.0,0.552769435729432,0.0,0.0,0.4538083647847423,0.0,0.0,0.35879620966424935
2013-09-30,0.2505124454580517,0.0,0.530248198503471,0.4394579632753368,0.3140048800136529,0.24553462050890448,0.5226817784065205,0.0,0.0,0.0,0.0,0.0,0.0,0.4105852233420795,0.0,0.0,0.0,0.37796143529468373,0.0,0.0,0.0,0.0,0.396228470837195,0.4138109053581745,0.0,0.0,0.0,0.0,0.4790811038087108,0.0,0.5721887230514348,0.2702814846070852,0.42063762609470784,0.5045181922358345,0.4499450793933753,0.29971370147981397,0.0,0.0,0.0,0.5404282477965237,0.5014252766049103,0.0,0.0,0.0,0.4661839778559825,0.0,0.0,0.0,0.0,0.385264241451805,0.0,0.0,0.0,0.5244179646541186,0.0,0.0,0.0,0.0,0.5404599457860516,0.3453647408563788,0.0,0.4358312430443252,0.43548382479052183,0.4817052365280314,0.526393762886711,0.5461638611177115,0.6095210408394172,0.4891076594518765,0.5454988769515635,0.0,0.0,0.0,0.3960313848195719,0.48334167215793206,0.6161148008018297,0.0,0.5637847525910505,0.5206997696936623,0.0,0.0,0.38754773399618747,0.4843950459135677,0.523701702448784,0.0,0.3249114190590886,0.5071528216403645,0.4841884242842324,0.0,0.3422678940825348,0.5618222582713366,0.5071732308082436,0.421286234797253,0.0,0.0,0.0,0.3325918162058987,0.0,0.2989385292638706,0.0,0.0,0.5567701312098229,0.0,0.0,0.4464790934236572,0.0,0.0,0.35626544377408403
2013-10-31,0.28700789860451786,0.0,0.4952689333576076,0.4286622809545987,0.30199539627020777,0.24888793955941912,0.49346114757081905,0.0,0.0,0.0,0.0,0.0,0.0,0.3919371600671857,0.0,0.0,0.0,0.40128912152049245,0.0,0.0,0.0,0.0,0.41274273724464267,0.42461432250115405,0.0,0.0,0.0,0.0,0.43299628410141167,0.0,0.5279394224715285,0.2712756264164367,0.40019404442835865,0.46136080031789417,0.43470216040771387,0.3336754470211795,0.0,0.0,0.0,0.49440500516971514,0.5125399332680496,0.0,0.0,0.0,0.4101494509055674,0.0,0.0,0.0,0.0,0.38998667307815155,0.0,0.0,0.0,0.5046903988513256,0.0,0.0,0.0,0.0,0.5380873920173695,0.3248921490524451,0.0,0.4354752898598322,0.4310819646698591,0.46781733431817313,0.5286658598564021,0.5526178837116051,0.5572484110700816,0.47353020062481127,0.5052737729067848,0.0,0.0,0.0,0.35528333026428005,0.42822381179514024,0.572305281378729,0.0,0.5168725112446616,0.5100259741415107,0.0,0.0,0.37321039952054286,0.47771786227003415,0.4708404445039335,0.0,0.3454977878671578,0.5157356450558687,0.4929422458440273,0.0,0.3612939817141496,0.5279444447196383,0.4701183951495903,0.41398954587166165,0.0,0.0,0.0,0.3654848725594541,0.0,0.2914774376977927,0.0,0.0,0.570577072019745,0.0,0.0,0.43907081847416307,0.0,0.0,0.303784922435382
2013-11-30,0.24027638581372807,0.0,0.4865672578776436,0.43528425007566496,0.28725184036386464,0.252481198757411,0.47263745183386024,0.0,0.0,0.0,0.0,0.0,0.0,0.3794749249184429,0.0,0.0,0.0,0.35793798064892696,0.0,0.0,0.0,0.0,0.4065823583549024,0.4100355096710008,0.0,0.0,0.0,0.0,0.41317263571981433,0.0,0.5169042604651107,0.27303698490482825,0.38773314900909156,0.4501238772206492,0.42336387813229925,0.3331511162130994,0.0,0.0,0.0,0.4803980052552742,0.4722671934201153,0.0,0.0,0.0,0.39202224727424706,0.0,0.0,0.0,0.0,0.3801502746523288,0.0,0.0,0.0,0.4996700216996585,0.0,0.0,0.0,0.0,0.5143031334606113,0.322626953487848,0.0,0.41180035863696085,0.4291671235625289,0.4589533988733608,0.520842204965581,0.5315500478968824,0.5434632290465135,0.4578589044646744,0.48167915451517546,0.0,0.0,0.0,0.3542066049512265,0.3156474220335012,0.5591101108687379,0.0,0.5022307701108305,0.49711099446829143,0.0,0.0,0.36307146980129895,0.4705600921118155,0.45890796579416715,0.0,0.32889206694172557,0.5094267721454201,0.47855000748065635,0.0,0.34336685662398064,0.4883499248427256,0.4591807050777267,0.4047663027798796,0.0,0.0,0.0,0.36581860073137584,0.0,0.28946058746734354,0.0,0.0,0.5664856819216633,0.0,0.0,0.43247605884400836,0.0,0.0,0.28728559697287126
2013-12-31,0.15082973183641613,0.0,0.4767757202952292,0.4656253794843275,0.21346038622491298,0.25613062988465596,0.4577809064746048,0.0,0.0,0.0,0.0,0.0,0.0,0.36944257938931824,0.0,0.0,0.0,0.2863459177150012,0.0,0.0,0.0,0.0,0.4459914564278067,0.3966417377217576,0.0,0.0,0.0,0.0,0.39953759626625984,0.0,0.5034069430209374,0.27356753627677083,0.43246431572936145,0.4739496375849614,0.4117835013184785,0.3328464238927586,0.0,0.0,0.0,0.46584022378307244,0.5094286836703075,0.0,0.0,0.0,0.37721275233736684,0.0,0.0,0.0,0.0,0.38275950091127336,0.0,0.0,0.0,0.5097963571124656,0.0,0.0,0.0,0.0,0.5001468301996825,0.33244942840734787,0.0,0.391821018240063,0.4277058871661344,0.451943136341091,0.5116374223059293,0.5246429717946443,0.5298301132545262,0.43947914520570147,0.4545375508795331,0.0,0.0,0.0,0.35798988055858866,0.29892033836106197,0.5427090447201744,0.0,0.4851996928462861,0.5482312728105788,0.2963684007596011,0.0,0.35371953946101925,0.45748747619635305,0.44868133376064423,0.0,0.33400240551151106,0.5476543661879059,0.46149603122974725,0.0,0.33049567744651215,0.454391730895308,0.44903313884314977,0.42249559628880334,0.0,0.0,0.0,0.3843383229467133,0.0,0.3315091219736794,0.0,0.0,0.5634638998608874,0.0,0.0,0.46271796642225343,0.0,0.0,0.29431592074643403
2014-01-31,0.3096829959875763,0.0,0.5119364593577476,0.36591817389219655,0.32442995542527964,0.27878591146081927,0.44799485396954436,0.0,0.0,0.0,0.0,0.0,0.0,0.4260210062126774,0.0,0.0,0.0,0.3182449763778866,0.0,0.0,0.0,0.0,0.4750703310360928,0.3847242096774938,0.0,0.0,0.0,0.0,0.432081775488059,0.0,0.5301317495912127,0.27213583892240994,0.4542232045877601,0.5200047073106508,0.5121281513444562,0.3323101521261466,0.2353096990445704,0.0,0.0,0.5186750904347726,0.4853559382034325,0.0,0.0,0.0,0.4548913361384174,0.0,0.0,0.0,0.0,0.4169566816396448,0.0,0.0,0.0,0.5353722991262228,0.0,0.0,0.0,0.0,0.5419974543613112,0.424900474999375,0.0,0.4575605700745151,0.4518880300040175,0.5162871693734642,0.542561782942052,0.5447362610100797,0.558359885588017,0.526203578537634,0.5244495444309925,0.0,0.0,0.0,0.38486995862664514,0.29633216877682445,0.5787089001394534,0.0,0.5217640775899579,0.5719889439161081,0.29750893512042237,0.0,0.39971942534259086,0.47704134594129133,0.49374022120486155,0.0,0.39224060136486477,0.5157342210296353,0.5191335858793189,0.0,0.44447994694189835,0.49205055478629955,0.5007622633262371,0.4433485232483048,0.0,0.0,0.0,0.38195156992432105,0.0,0.33694598507417955,0.0,0.0,0.5663334318709098,0.0,0.0,0.486334733596226,0.0,0.0,0.3322670302695956
2014-02-28,0.2599884508565122,0.0,0.5548709356048842,0.34200117771146077,0.2913437431075939,0.27029959437411955,0.44418492040027374,0.0,0.0,0.0,0.0,0.0,0.0,0.40944730170977106,0.0,0.0,0.0,0.3162023098223728,0.0,0.0,0.0,0.0,0.4575045446469989,0.3944148521416192,0.0,0.0,0.0,0.0,0.4628738373757167,0.0,0.5734543467751158,0.2710692433266258,0.4457603735305973,0.5180937791498346,0.5156030086828153,0.3331524558840892,0.5521288536249448,0.0,0.0,0.5570503937160862,0.47737642215976706,0.0,0.0,0.0,0.4662474992307154,0.0,0.0,0.0,0.0,0.4087646745140802,0.0,0.0,0.0,0.5779175112813414,0.0,0.0,0.0,0.0,0.5878880446224815,0.3991625787851112,0.0,0.4527568508420861,0.4597610425460205,0.5292306317565288,0.5811617100110934,0.5746693627272349,0.5465982728232894,0.5534025032577289,0.5745021601636252,0.0,0.0,0.0,0.3921939060136698,0.2959645720610189,0.5698783152429817,0.0,0.5682978207376569,0.5668347728095637,0.2990972254995876,0.0,0.4496350529721311,0.5288611404671666,0.5415854423899623,0.0,0.4139966031360512,0.5078038396433984,0.5262195513077297,0.0,0.4727357138073034,0.5292072918887292,0.5009877106314243,0.4858340745842668,0.0,0.0,0.0,0.38065274094584817,0.0,0.3250496071085765,0.0,0.0,0.5534711532270387,0.0,0.0,0.4821585813068987,0.0,0.0,0.37577343000382774
2014-03-31,0.17489356349593274,0.0,0.5457979321315664,0.30934867128246785,0.25486935701760854,0.2709369665279974,0.4111397814201512,0.0,0.0,0.0,0.0,0.0,0.0,0.3961334935551275,0.0,0.0,0.0,0.2988285752660302,0.0,0.0,0.0,0.0,0.44343327239983393,0.3829068186949302,0.0,0.0,0.0,0.0,0.4521903331947313,0.0,0.5630929297089292,0.27054107086085233,0.43800170910070885,0.5107947743769936,0.49986613265570906,0.33481394029323375,0.5601914341779969,0.0,0.0,0.5486414508906932,0.4700677140928194,0.0,0.0,0.0,0.4511450937935299,0.0,0.0,0.0,0.0,0.3878176432746628,0.0,0.0,0.0,0.5744194305937093,0.0,0.0,0.0,0.0,0.5782439780893381,0.377990999747463,0.0,0.42992934257250526,0.4538879445181636,0.5136437889312977,0.5734035894838583,0.5556201766145715,0.532098875756714,0.5379832885279175,0.5578928609774214,0.0,0.0,0.0,0.3878895473831096,0.29597151100732244,0.5563568284994591,0.0,0.5561505726415222,0.5627603698666659,0.3067509448193867,0.0,0.43436694536496195,0.5220604294239864,0.5229972532160003,0.0,0.3943874212036621,0.5005828217646304,0.5195810263461679,0.0,0.45406985056839405,0.500516613798515,0.48714030494560284,0.4821733700049094,0.0,0.0,0.0,0.38005376757707426,0.0,0.31798543562048215,0.0,0.0,0.5109478826086462,0.0,0.0,0.4796542479363757,0.0,0.0,0.3609922265189886
2014-04-30,0.2118485893487148,0.0,0.49849821063783795,0.39537321173498674,0.2144406901551364,0.2725937931883905,0.41218306194938237,0.0,0.0,0.0,0.0,0.0,0.0,0.4556428442745363,0.0,0.0,0.0,0.27619530916922064,0.0,0.0,0.0,0.0,0.4850643497530032,0.3890753937198735,0.0,0.0,0.0,0.0,0.44129320316431875,0.0,0.5665487788932936,0.127056353266728,0.4299748331326207,0.5636417619534558,0.5126871276836711,0.3551194855774025,0.5557904152046964,0.0,0.0,0.5544672211096816,0.49009246544955976,0.0,0.0,0.0,0.45402931664738994,0.0,0.0,0.0,0.0,0.42518712103795103,0.0,0.0,0.0,0.5701228156552756,0.0,0.0,0.0,0.0,0.5477446013709178,0.3625884116987773,0.0,0.47059225692572093,0.45681849732765095,0.5000820464746092,0.5550975596082048,0.4718308937249608,0.520312411070154,0.5132191495586824,0.5487618908122764,0.0,0.0,0.0,0.4112477964717229,0.37242958600382653,0.6048869661168236,0.0,0.5566954923208572,0.5649156722043861,0.4761500111035878,0.0,0.43994247702766964,0.47528112462340205,0.5172762236688838,0.0,0.40299536246838424,0.518569693482611,0.5171588091980321,0.0,0.4825984530459262,0.47686849614588434,0.5497223760834572,0.4789419509448854,0.0,0.06591445809083872,0.0,0.4039908722079469,0.0,0.33470637507839174,0.0,0.0,0.5053357438505036,0.0,0.0,0.4786648887699463,0.0,0.0,0.36255094215230727
2014-05-31,0.16113943496910932,0.0,0.49144906262398425,0.37955443927953575,0.18289738333028563,0.2749988206868653,0.41517281061577954,0.0,0.0,0.0,0.0,0.0,0.0,0.4381630727427143,0.0,0.0,0.0,0.3401238944584177,0.0,0.0,0.0,0.0,0.4759318537239462,0.37795941973883584,0.0,0.0,0.0,0.0,0.43642370967279276,0.0,0.5559625838734308,0.1277182699470333,0.42300962919876184,0.5577186247539381,0.5013148957486033,0.35652312614394793,0.5419461371408051,0.0,0.0,0.5479189993819743,0.4839229614557939,0.0,0.0,0.0,0.4396869212438641,0.0,0.0,0.0,0.0,0.4109568917694018,0.0,0.0,0.0,0.5663582921913395,0.0,0.0,0.0,0.0,0.5383604829523445,0.3536369592443261,0.0,0.44756376445703916,0.45308048635926185,0.48998097329279666,0.5473417172463109,0.4587155504390492,0.5112547488376136,0.5041340325383169,0.52830100498506,0.0,0.0,0.0,0.40554073353987413,0.3690018201171448,0.5926808146975063,0.0,0.544175867334946,0.5624159388817433,0.4377878171372132,0.0,0.42862810192357326,0.46334022555225085,0.5040300530950739,0.0,0.38897062728266174,0.512319991694912,0.5100166454374451,0.0,0.4686531295233515,0.46008738125847254,0.5369306348967753,0.4764751722365484,0.0,0.05362900602792286,0.0,0.4017292279928698,0.0,0.3265866158884085,0.0,0.0,0.4482400044096341,0.0,0.0,0.47856859258346646,0.0,0.0,0.3520606159443754
2014-06-30,0.1283942894076125,0.0,0.48651995835975437,0.360876984396314,0.1668034481324034,0.2779693866672074,0.41978132015436403,0.0,0.0,0.0,0.0,0.0,0.0,0.42471081751557305,0.0,0.0,0.0,0.3391440471313293,0.0,0.0,0.0,0.0,0.47003118144982226,0.3709919834362145,0.0,0.0,0.0,0.0,0.43479462848799577,0.0,0.5452683800042657,0.12901331566606355,0.4174804581136782,0.552090176086717,0.4930175690721639,0.3586186561391315,0.5315535591575653,0.0,0.0,0.5417096836612736,0.47954407788778664,0.0,0.0,0.0,0.425736799432668,0.0,0.0,0.0,0.0,0.401369148820209,0.0,0.0,0.0,0.5636052371534004,0.0,0.0,0.0,0.0,0.526193743757269,0.34965120439563163,0.0,0.4292116136684876,0.4514774322545169,0.4833913337576523,0.5383353113216236,0.4447202462604607,0.5046741950479117,0.497871207675791,0.5080684339855736,0.0,0.0,0.0,0.40227331843530856,0.36847201740044705,0.5804115696335519,0.0,0.531532654870046,0.5603308870256697,0.3822370285098576,0.0,0.42275536963061955,0.44909941181461527,0.49381766203305605,0.0,0.37739677925211296,0.5082142266487059,0.502009841424003,0.0,0.45472419126208186,0.45012924609121263,0.5273220852435432,0.4747060352691639,0.0,0.03759020298179038,0.0,0.40104270692500904,0.0,0.32311460458934943,0.0,0.0,0.42393507413615633,0.0,0.0,0.4789285811423319,0.0,0.0,0.34538801236448313
2014-07-31,0.10738447687557759,0.0,0.48742646281854185,0.40093674453865946,0.15729547033677657,0.28028222595716384,0.42264488135215394,0.0,0.0,0.0,0.0,0.0,0.0,0.43199421201614246,0.0,0.0,0.0,0.3398832998936617,0.0,0.0,0.0,0.0,0.48466344254234883,0.3684204820644643,0.0,0.0,0.0,0.0,0.4333414405274273,0.0,0.5424686635146804,0.12891079480062803,0.4227758629894744,0.5548503367569936,0.5061389310184492,0.359619878666218,0.48891733126839515,0.0,0.0,0.5330784704036792,0.4841244205041998,0.0,0.0,0.0,0.4312181228264889,0.0,0.0,0.0,0.0,0.39217354698583146,0.0,0.0,0.0,0.5561680685451595,0.0,0.0,0.0,0.0,0.5237020492449787,0.34589270360903634,0.0,0.428594996837852,0.4538797024144413,0.4770216495514198,0.5413536710208439,0.4253336827584779,0.5066302105848881,0.5199609152602009,0.5017873358162745,0.0,0.0,0.0,0.4048952395230324,0.36814705121124597,0.5754284872482086,0.0,0.5270757872072687,0.5553729575480456,0.3641411408174334,0.0,0.4230658567190397,0.43065999836836216,0.4930559357958472,0.0,0.3643932749596586,0.5123173151106336,0.5027729931497377,0.0,0.4619742340350987,0.4436959185740982,0.5304011397414693,0.4300541974474411,0.0,0.033393486891664374,0.0,0.39970276085823647,0.0,0.3340408373475932,0.0,0.0,0.427183827364638,0.0,0.0,0.4777112767762158,0.0,0.0,0.3515491869506062
2014-08-31,0.34572822432376765,0.0,0.5131582712062229,0.46345126224744027,0.4655031441285586,0.2828081375537456,0.4258911704480295,0.0,0.0,0.0,0.0,0.0,0.0,0.4400217901532914,0.0,0.0,0.0,0.3632242825148437,0.0,0.0,0.0,0.0,0.46275824709421104,0.42389815046867846,0.0,0.0,0.0,0.0,0.44636962706193994,0.0,0.5658694173408116,0.12905287116513967,0.4411093579422035,0.5739124305018836,0.5627101985767716,0.3613868427748631,0.42913314217675064,0.0,0.0,0.5175344639461544,0.5341595314801935,0.0,0.0,0.0,0.49905125984581217,0.0,0.0,0.0,0.0,0.39382834599137573,0.0,0.3069983160487593,0.0,0.5683316212391517,0.0,0.0,0.0,0.0,0.5131149138261539,0.3555047540046925,0.0,0.4461375255410639,0.5064235037540732,0.48569048257610525,0.549103418037127,0.47950754225487097,0.5535000960122024,0.5805516645611096,0.5115234181047061,0.0,0.0,0.0,0.41783557929592446,0.49384908748855916,0.5983258266367105,0.08877134112021748,0.5486819219933736,0.5611174559988547,0.3973164292212577,0.0,0.44281210131380133,0.4739529983034483,0.48089642899218166,0.0,0.3749498587591294,0.5164355849046154,0.5127808366190246,0.0,0.5153013635765354,0.4403603301121143,0.5311574026886055,0.48719893272388937,0.0,0.033280251885690976,0.0,0.4103539939791915,0.0,0.343849665062404,0.0,0.0,0.42381580028746973,0.0,0.0,0.4774788723473601,0.0,0.0,0.36434621213870966
2014-09-30,0.3120529000290171,0.0,0.5658294242841208,0.4527425545685152,0.44091222770060556,0.2851995853279953,0.4286217657339675,0.0,0.0,0.0,0.0,0.0,0.0,0.4268826516780883,0.0,0.0,0.0,0.40645198087728807,0.0,0.0,0.0,0.0,0.5225933491950849,0.4181666720438166,0.0,0.0,0.0,0.0,0.44442488408197883,0.0,0.5189884443114723,0.12894383696735875,0.5049016265106913,0.5804052167031013,0.5535075539374346,0.36288093300576557,0.3897841479988092,0.0,0.0,0.5244267582682977,0.4958450236959928,0.0,0.0,0.0,0.4867494554279278,0.0,0.0,0.0,0.0,0.3935252788546369,0.0,0.3852926537081369,0.0,0.560917691873509,0.0,0.0,0.0,0.0,0.5696081008517629,0.35222472462031135,0.0,0.4495404984282849,0.5037331009513242,0.48042613892740865,0.5405672229623877,0.5147353711553906,0.5132612093414045,0.5725131098733688,0.49127296443307444,0.0,0.0,0.0,0.42343075719258916,0.5438494320209143,0.5484973682443807,0.08389071360906189,0.4992567189971525,0.5556889406564778,0.4511693849571831,0.0,0.39833359264065654,0.4559112694857276,0.4683047689087939,0.0,0.36242785695738533,0.5251526821713172,0.5033765646687308,0.0,0.5011877963188138,0.42387794396938544,0.5209729928925887,0.4485571161318482,0.0,0.0335572562126327,0.0,0.4194027919475338,0.0,0.3360017383767348,0.0,0.0,0.472075867567969,0.0,0.0,0.4764731489093886,0.0,0.0,0.36829040869917373
2014-10-31,0.4302942493306165,0.0,0.5485812621778573,0.4487410126693478,0.46347649816017145,0.3862108111536083,0.5806405095293132,0.0,0.0,0.0,0.0,0.0,0.0,0.4964617694510596,0.0,0.41804072358415145,0.0,0.41650955274873214,0.0,0.0,0.0,0.0,0.5448357795107586,0.4037388493164969,0.0,0.0,0.0,0.0,0.4404008336222394,0.0,0.5676432197703808,0.28412281920765053,0.4867875831527645,0.5325771726320845,0.5314255880053004,0.3686309844589734,0.5767861828864002,0.0,0.0,0.542450154227454,0.5165690313909035,0.0,0.0,0.0,0.49388621570982505,0.0,0.0,0.0,0.0,0.37924232703825833,0.0,0.5424892678454306,0.0,0.5327389591270737,0.0,0.0,0.42471863713330754,0.0,0.5375382950056825,0.37625731965076087,0.0,0.49834237529623415,0.49807463635476334,0.5214477211242781,0.5750613262600637,0.5758186516650023,0.5792781410697059,0.563123338569997,0.5461745422988902,0.0,0.0,0.0,0.45521617420125376,0.5105052502779254,0.6221419303648269,0.08442564471292434,0.5516343670525492,0.550016364060812,0.4085375040635137,0.0,0.47589538146258326,0.5492719045101947,0.5631257059090563,0.0,0.4215286169137303,0.5562202607096304,0.5357881108334176,0.0,0.5455616627131228,0.5068026713213643,0.5468253541648775,0.453676402842469,0.0,0.06853396173134824,0.0,0.4731765659885033,0.0,0.4174367347991661,0.0,0.11862495408104096,0.5543576708909005,0.0,0.0,0.47697424796692633,0.0,0.0,0.37748037143986174
2014-11-30,0.42567632056063864,0.0,0.5437703302052088,0.4421949383558052,0.4568912363713339,0.3808076510493751,0.5463680218121223,0.0,0.0,0.0,0.0,0.0,0.0,0.48491521673807236,0.0,0.4174582285925917,0.0,0.40263891960606246,0.0,0.0,0.0,0.0,0.5331565556459624,0.392300459329786,0.0,0.0,0.0,0.0,0.43317093378081056,0.0,0.5621669156857746,0.28462295322395037,0.4854237336721399,0.5294994332051771,0.5284319133532481,0.3713962071103502,0.5496117219706338,0.0,0.0,0.5393104634455945,0.5126603824623127,0.0,0.0,0.0,0.4886952034213885,0.0,0.0,0.0,0.0,0.37017327420567664,0.0,0.5424539298052058,0.0,0.5313267393976064,0.0,0.0,0.3218743578085902,0.0,0.5348839696557142,0.37195461824358306,0.0,0.4838064664333662,0.4894488887263756,0.5119462672403203,0.5701542361295763,0.5694982519900782,0.571387140713577,0.5629414759416165,0.5348609385196574,0.0,0.0,0.0,0.4432347892244724,0.4850870714873761,0.6115420271240511,0.08569484702549338,0.5444115499181725,0.5454526640267717,0.3875487179121506,0.0,0.4615480241570622,0.5459124271866467,0.5512584759572807,0.0,0.4114989956467241,0.5514680943197812,0.5314303193957813,0.0,0.5393154854413414,0.4842384575119356,0.5317795734491131,0.45321661786444756,0.0,0.06624487011051247,0.0,0.46642933247884144,0.0,0.4756004434320934,0.0,0.10503395073111411,0.49056713399660984,0.0,0.0,0.4784488536896038,0.0,0.0,0.3633097618705389
2014-12-31,0.4128062907633876,0.0,0.5360586369679707,0.43157544275432447,0.4502131694764634,0.3753202058264095,0.5175289883968887,0.0,0.0,0.0,0.0,0.0,0.0,0.5211801964700659,0.0,0.37845714892130766,0.0,0.4139956106577877,0.0,0.0,0.0,0.0,0.5474599323746182,0.429171998501152,0.0,0.0,0.0,0.0,0.46663831156422725,0.0,0.5817471987262446,0.28127135790868213,0.4788592854342915,0.5530605548724741,0.5405377817324722,0.4057540754934661,0.5579369958298666,0.0,0.0,0.5099023746547143,0.5053451939183189,0.0,0.0,0.0,0.5046689595773798,0.11862999297840779,0.0,0.0,0.0,0.38888833216249574,0.0,0.5348506784178483,0.0,0.5230642232848743,0.0,0.0,0.5647563259026604,0.0,0.5555294442661994,0.4863774138984951,0.0,0.5109814566448505,0.5043558299874448,0.536444731817769,0.524323058450456,0.5347695698554998,0.5224740899614416,0.5517313419569477,0.5604698279468381,0.0,0.0,0.0,0.457252183504102,0.5224114459341419,0.5786936028793727,0.16520900986471115,0.562199167726485,0.5653094180220684,0.4542240189450783,0.0,0.49575368607865816,0.5154071731918282,0.567261041106757,0.0,0.41423841198645606,0.5590514966397774,0.5532349277583021,0.0,0.4637976836585444,0.5381179419767387,0.5123775069486578,0.457070427394929,0.0,0.18116784565739413,0.0,0.4582601120399467,0.0,0.506933420285402,0.0,0.08324985920422011,0.4814327420677018,0.0,0.0,0.47806144595594585,0.0,0.0,0.3902350997188079
2015-01-31,0.43331972320178413,0.0,0.543255306044732,0.42327995054451306,0.4472809486260527,0.44487805745577663,0.49950031263270195,0.0,0.0,0.0,0.4967070222355007,0.0,0.0,0.5550339017886425,0.0,0.40920582320875615,0.0,0.45807135769711377,0.0,0.0,0.0,0.0,0.5638287446381708,0.5003170231635637,0.0,0.0,0.0,0.0,0.5074668470697901,0.0,0.5967809661895885,0.30493090955497554,0.48901404538646503,0.5620928317732639,0.5787158618413635,0.4197249286074076,0.5468373151689322,0.0,0.0,0.5114792619496874,0.5147311993110001,0.0,0.0,0.0,0.5111488143876196,0.27056131780058473,0.0,0.0,0.0,0.40194007866168785,0.0,0.5400919886800959,0.0,0.5640809677850988,0.0,0.0,0.600398239715386,0.0,0.6169205445680983,0.46560449340444887,0.04939875297305395,0.546932136772918,0.5272673185213845,0.535883598395102,0.515113099879686,0.6028946814065099,0.5283548193220462,0.5794086173872552,0.5808757320368968,0.0,0.0,0.0,0.4707535578012814,0.5885784206384452,0.5879137791666006,0.23635145842493224,0.5768721259195597,0.5612183401823727,0.4702550261628576,0.0,0.5312250454076411,0.5747103541505254,0.5845368774451628,0.0,0.40320125091434234,0.5665042776438055,0.5682459431895962,0.0,0.47274939607681066,0.5173101029162688,0.5320816091558389,0.5013633002603498,0.0,0.23670841530636327,0.0,0.5187687733887894,0.0,0.5393679706122605,0.0,0.24479122878704157,0.5515366824042858,0.0,0.0,0.47972784725089335,0.0,0.0,0.42383989931693605
2015-02-28,0.42996163521146996,0.0,0.5401237926688441,0.3541859994990645,0.4465954641497614,0.43768097672952855,0.4908862776110097,0.0,0.0,0.0,0.30321208847473496,0.0,0.0,0.5519010925510077,0.0,0.35512558585836074,0.0,0.4370776442421327,0.0,0.0,0.0,0.0,0.5578703489076694,0.48937053597109903,0.0,0.0,0.0,0.0,0.48467976499329846,0.0,0.5949437634565792,0.30475236881994616,0.48835666520117493,0.5606476538830909,0.5766791375813025,0.4194237158168439,0.5368972724009219,0.0,0.0,0.5107807597280954,0.5112772261727093,0.0,0.0,0.0,0.5091851589447455,0.5268484612946079,0.0,0.0,0.0,0.39008720902950295,0.0,0.5237073564359285,0.0,0.5647365887396518,0.0,0.0,0.5763882591352673,0.0,0.6181233418278894,0.45078942835069374,0.056725367054393155,0.5403976228337579,0.5101739302089003,0.51688546853592,0.5104804968177955,0.5991144673052647,0.523051240367833,0.5808790947928678,0.576442589002191,0.0,0.0,0.0,0.45731672387939654,0.5710707530470933,0.5811031536631517,0.22323306029448775,0.5737726924898993,0.5575841807952484,0.5003972240458872,0.0,0.5199309324119865,0.5728175427273083,0.578711366520012,0.0,0.39561713091435574,0.5630193075762036,0.5671870631067866,0.0,0.47230145328428536,0.5011480954780574,0.5201319384105619,0.5006504229985385,0.0,0.22590973972078185,0.0,0.5134941641684899,0.0,0.5274895261276294,0.0,0.13668530644370358,0.5138064384167611,0.0,0.0,0.48149011414360254,0.0,0.0,0.4552604238248713
2015-03-31,0.4396807717161549,0.0,0.5570041714942023,0.34325136456548927,0.444893670438455,0.4300230539537493,0.4773947668067377,0.0,0.11903018421781536,0.0,0.533765188064233,0.0,0.2528231650270214,0.5609548572012221,0.0,0.40991222324742727,0.0,0.5627659877135016,0.0,0.0,0.0,0.0,0.5715697005796596,0.513545373994922,0.0,0.0,0.0,0.0,0.5360799596001058,0.0,0.5994317201868427,0.30213619834657274,0.5031112401872159,0.5022260962372073,0.5848649638223296,0.4283117572500331,0.5165110493422856,0.0,0.0,0.5157219386341205,0.5211207671631365,0.0,0.27098620228004366,0.0,0.508567824762345,0.5099387143619515,0.0,0.0,0.0,0.39351966248679815,0.0,0.5478927589948105,0.0,0.5497888202412836,0.0,0.0,0.5622412301783415,0.0,0.585853249201864,0.4644292663140751,0.3533999231749304,0.55752836372875,0.5116313424461889,0.5139601250831901,0.5276090474512073,0.6038683604978269,0.5327904689643842,0.5815353948468976,0.6278048547624214,0.0,0.0,0.0,0.5112193397746496,0.4894526570221409,0.5889576875265837,0.4730403816538384,0.5791024833760317,0.5416522689052522,0.5126085780772411,0.0,0.5338090768415413,0.5666222338000676,0.5833318378430045,0.0,0.4302286105635986,0.5784594952854378,0.574463263939994,0.0,0.5176537460658109,0.4819372833557359,0.5492368488172515,0.49777491283368835,0.0,0.24765716533157567,0.0,0.5175605217723863,0.0,0.5610160327054056,0.0,0.2520774212307975,0.5714536056461549,0.0,0.0,0.4809552198698415,0.0,0.0,0.4442014130888053
2015-04-30,0.43723491602087433,0.0,0.5947410779788191,0.33443580276037793,0.44464124783027,0.4251570569633842,0.4676528792888806,0.0,0.11675069236004794,0.0,0.462678222917325,0.0,0.3733825438087485,0.5597010397974537,0.0,0.3936303653003219,0.0,0.552074190909138,0.0,0.0,0.0,0.0,0.6167609267077397,0.5541710913582029,0.0,0.0,0.0,0.0,0.5154352841079004,0.0,0.5976608726817818,0.30116827498255416,0.5021414250382384,0.5016248133509551,0.5829386543404839,0.45106366017222566,0.4928821900102666,0.0,0.0,0.5153890278226582,0.5175538245040797,0.0,0.24357654703064066,0.0,0.506992694741096,0.5007723213576105,0.0,0.0,0.0,0.3838437214267239,0.0,0.5480780871921646,0.0,0.5960370465340653,0.0,0.0,0.5690230205848507,0.0,0.6352118007765308,0.4494615326435308,0.35236339848343595,0.5539930962291452,0.4962591708837248,0.49834468272879584,0.5219699383989802,0.5787318314334218,0.5274016521076303,0.5807939479056375,0.622340206147679,0.0,0.0,0.0,0.4953140119027304,0.5588705104320332,0.5832198322215938,0.4718199479852758,0.5747140083959377,0.5360655091550949,0.5364264788050818,0.0,0.523234632381074,0.560613357242154,0.6242353700881358,0.0,0.4230476181464488,0.5745702495123862,0.5736956306811193,0.0,0.5169952437852614,0.4663522743808194,0.5357407479376625,0.4957011585089005,0.0,0.24561945416722175,0.0,0.48332894807063476,0.0,0.5579840306823108,0.0,0.19446394248223114,0.5660578509541636,0.0,0.0,0.48108014604938293,0.0,0.0,0.48025286541745704
2015-05-31,0.39595591151128035,0.0,0.5903275341486358,0.3270132972245163,0.4441424766701217,0.4209211399210109,0.4575978804712136,0.0,0.08817603905567672,0.0,0.4391138550096133,0.0,0.46820893669735575,0.6031321854554976,0.0,0.3610979174344735,0.0,0.5790389334317712,0.0,0.0,0.0,0.0,0.6112547216753664,0.5169327762788792,0.0,0.0,0.0,0.0,0.5015940109035548,0.0,0.6394260336090793,0.29965079024429825,0.5459368677467262,0.5007851486434215,0.5799568350694236,0.45045746502710343,0.4683689102549892,0.0,0.0,0.5547527574017975,0.5469044577033559,0.0,0.1868712438986749,0.0,0.5046407396652087,0.5006261952556301,0.0,0.0,0.0,0.422463301253708,0.0,0.5320345784234239,0.0,0.5937283291892584,0.0,0.0,0.5543373874515988,0.0,0.6262195505223466,0.43641793990830124,0.3458210557068473,0.592772414091203,0.4840807524950996,0.4861050925814289,0.5322687616759342,0.4993842731393975,0.5217028143064881,0.5774037071651714,0.6156169040123431,0.0,0.0,0.0,0.47713319224776635,0.552402992071534,0.5763661540527563,0.4671165767155807,0.6152921952089095,0.48061705666342697,0.45669832356636436,0.0,0.5555218034496355,0.5514815595871954,0.6201665183048105,0.0,0.4154092819029011,0.6182971537408434,0.5722274432064556,0.0,0.5152779776575276,0.45231303565394865,0.5656595736753942,0.4928283665422147,0.0,0.5144760231477029,0.0,0.4809477244848768,0.0,0.554426892807193,0.0,0.11739252224238315,0.5706825281480838,0.0,0.0,0.4800057201371822,0.0,0.0,0.46017288735249207
2015-06-30,0.40419778599485784,0.0,0.5580135630774868,0.3208791577421257,0.41452477385284303,0.46113769382188635,0.4898485479984032,0.0,0.5114057834586213,0.0,0.44633112298033867,0.0,0.4936053201735503,0.6099392091580784,0.0,0.42476857540242474,0.0,0.5611319978618028,0.0,0.0,0.0,0.0,0.6106916891838721,0.4970800341510881,0.0,0.0,0.06489344879198847,0.0,0.4854058954155166,0.0,0.6439010161186945,0.29745788488741404,0.5074617019112795,0.5452325016715308,0.5845526953869765,0.44990814180458516,0.5031833608327506,0.0,0.0,0.5218305690209755,0.5661580449981592,0.0,0.46485113788002314,0.0,0.5058942608292228,0.47844324416731354,0.0,0.0,0.0,0.39096717223745503,0.0,0.5571412469494744,0.0,0.5980970086153612,0.0,0.0,0.5243068420141123,0.0,0.5905266020026458,0.48278316736347443,0.34472725054683917,0.5566332643632926,0.4895159256192834,0.4902441773223119,0.5110134856429779,0.5270986499172355,0.5364622909177015,0.5805142188600725,0.5726374436538,0.0,0.0,0.0,0.4748106040604642,0.5212065958181464,0.5894554557273729,0.47296156129896566,0.5764010994278215,0.47150979264488907,0.4735351426716859,0.0,0.5259633926169881,0.5408241111101901,0.6153298133132261,0.0,0.4337728727523541,0.6197879395358815,0.5700615514495054,0.0,0.4751249495129481,0.44080131386508165,0.5772130926255095,0.48912213536269544,0.0,0.5159362803518912,0.0,0.42700360717241154,0.0,0.5565729842343886,0.0,0.38483238193356784,0.5897879034819284,0.0,0.0,0.47849594985325494,0.0,0.0,0.4603277042396152
2015-07-31,0.4002775477554311,0.0,0.6045892490224111,0.31679226436144864,0.3542305459734825,0.4769992335537473,0.5178363462135812,0.0,0.4683927555483855,0.0,0.43887295186499736,0.0,0.44319232664141084,0.5987540476181137,0.0,0.3649451562314519,0.0,0.5642492970750842,0.0,0.0,0.0,0.0,0.6005806134903295,0.4943938126561661,0.0,0.0,0.03220620738820243,0.0,0.5093418685133468,0.0,0.5973285507419696,0.262991771295062,0.5564754405761823,0.5450234317275549,0.5837864353681466,0.4455876809838697,0.4817712446850698,0.0,0.0,0.5713116293240079,0.5279071742578914,0.0,0.5567377117757812,0.0,0.509374856719503,0.5577129201148913,0.0,0.0,0.0,0.42200509431514793,0.0,0.5487398423473631,0.0,0.5711953413657364,0.0,0.0,0.492705121345067,0.0,0.5926495831476415,0.5143126854151827,0.3443640706547845,0.5955845172330874,0.479561799822041,0.4801915574543603,0.5448646179855113,0.5577322079210577,0.574199085610737,0.5476733885215926,0.5808739826894351,0.0,0.0,0.0,0.4751465147480678,0.5098851961451989,0.5939148024789499,0.4827159910470955,0.5733361905480955,0.462980363471931,0.4295266123565071,0.0,0.5318194789327252,0.47689954182396865,0.6109386732791796,0.0,0.4570743119601455,0.5579563661348196,0.5685263166724247,0.0,0.5191367786527495,0.4334399087802648,0.542386938484993,0.48636333521591674,0.0,0.5065995618372101,0.0,0.41764136495557674,0.0,0.5847999158615146,0.0,0.4108267898120588,0.5818598919017365,0.0,0.0,0.4777290459158083,0.0,0.0,0.5113969940339288
2015-08-31,0.3908365829399368,0.0,0.5960100353101514,0.3133975439516426,0.37098342654193095,0.510972327221122,0.46980779943452106,0.0,0.4775167947916576,0.0,0.40825690657437147,0.0,0.30634423882840994,0.5582859383236111,0.0,0.38465476151593964,0.0,0.5329582032072262,0.0,0.0,0.0,0.0,0.5619709505243417,0.47766196263182065,0.0,0.0,0.2338006840337628,0.0,0.5077044942699755,0.0,0.6382775764715649,0.3454030914659277,0.5108862855985411,0.5436604579729879,0.5907994942547291,0.47481555490822064,0.36761096228529005,0.0,0.0,0.5704263810505698,0.5046293789331506,0.0,0.44864766521648575,0.0,0.5556857827392248,0.5736987881903732,0.06436334883734932,0.0,0.0,0.4153048932253205,0.0,0.531986877111386,0.0,0.563734787442378,0.0,0.0,0.4842129925248535,0.0,0.5861214630860523,0.572338389089609,0.2433156871611452,0.5529837657159193,0.5163072464757625,0.48505806564697923,0.5101917697415485,0.5391360456710895,0.5548048747121544,0.5394241652749808,0.5712338848696522,0.0,0.0,0.0,0.512348959579453,0.4938950155317409,0.6218379170313986,0.4732449567002573,0.5673928659575658,0.4524578284506469,0.43788130957976784,0.0,0.5399362368439898,0.46709529989355797,0.6030576069449505,0.0,0.40148941387094406,0.5760923705293578,0.5649699328495096,0.0,0.51591170081164,0.42756898565210466,0.5972427765243379,0.4813676763640203,0.0,0.4981893105264799,0.0,0.4649439957452452,0.0,0.5550923411555837,0.0,0.3577594698626869,0.6030815267200871,0.0,0.0,0.4752910201372562,0.0,0.0,0.5276669577289892
2015-09-30,0.3842805459675715,0.0,0.6038287966989958,0.3122516495915572,0.38438339900642277,0.49765168741176546,0.47374222409316313,0.4748608187411176,0.5479617754380988,0.0,0.3337735850256158,0.0,0.29169305747289787,0.6036695182495253,0.0,0.3839312899945002,0.0,0.5174806455898968,0.0,0.0,0.0,0.0,0.6094393765774181,0.47483846642852845,0.0,0.0,0.4696864988147874,0.0,0.5843593492655954,0.0,0.6367804496826649,0.3317902573436575,0.5607988593746598,0.5436610390092997,0.5987304549291648,0.48763899226498064,0.3934850383998518,0.0,0.0,0.5720740856174471,0.5129434964733897,0.0,0.5099423566043114,0.0,0.5591965711019916,0.5627474199490571,0.06660623808305441,0.0,0.0,0.4313051898635469,0.0,0.5204056660626015,0.0,0.5665402737897778,0.0,0.0,0.5275192397495901,0.0,0.585946991105576,0.5742045117833535,0.26867375818800604,0.601470732636722,0.5574622380295902,0.5219659572874578,0.5050781555704088,0.5866075169646107,0.5480329712995243,0.5569815850620801,0.5637909127332013,0.0,0.0,0.0,0.46335203674755593,0.4757784392056635,0.6654001559038555,0.46881910186603487,0.5627640456775728,0.44357998694502543,0.46058272207365397,0.0,0.5333430336020316,0.45844559574465266,0.5978940141208343,0.29599529619153125,0.42900792509064234,0.5689920007023057,0.5628283205498552,0.0,0.5097040976420812,0.4366681905688373,0.5770410026793696,0.47933082623502277,0.0,0.49750276991272896,0.0,0.4874883810980147,0.0,0.5468874428726013,0.0,0.4862857208610744,0.6472732470917673,0.0,0.0,0.47494690809453577,0.0,0.0,0.5347886391863621
2015-10-31,0.37397335986746466,0.0,0.6020718083957398,0.31166345146035557,0.42021078695879,0.4942290042571206,0.4750480811153616,0.6296142831654241,0.5488723733378026,0.0,0.28996761493052664,0.0,0.2908909295868247,0.6028068031724826,0.0,0.3863718789699371,0.0,0.48593251352899647,0.0,0.0,0.0,0.0,0.6090376530105114,0.4703240853722989,0.0,0.0,0.419291426340431,0.0,0.5036161852382164,0.0,0.6342082539105073,0.3238416828947995,0.562278772961965,0.542590020676496,0.5990968752234394,0.4862799790585349,0.37696522451421544,0.0,0.0,0.5728820502862288,0.5112481539499467,0.0,0.475132423419141,0.0,0.5584904287617074,0.5331198799632643,0.35737308631574244,0.0,0.0,0.4265264196903667,0.0,0.5039128208627424,0.0,0.566522446346545,0.0,0.0,0.5111269004122878,0.0,0.5809072812188499,0.5591073936470902,0.2390175590187747,0.5972820250250317,0.5430371661403234,0.5114406512182226,0.5020572209903695,0.5829509767859217,0.5443883879440173,0.5595380299594399,0.5532544664415654,0.0,0.0,0.0,0.45268002265911833,0.45623776347051637,0.6321912510193795,0.4601672856780385,0.5561301962168063,0.43401063747429025,0.45741629906257797,0.0,0.5260862103225897,0.44822672717019885,0.5912195235748618,0.3348630356819396,0.42792447952796886,0.5660932124520375,0.5592185222670638,0.0,0.5078373876128766,0.43224247449267367,0.5608635744406298,0.47645902338433105,0.0,0.492394630030639,0.0,0.4846859241931116,0.0,0.5452371957663384,0.0,0.4523737860818627,0.6352641892957946,0.0,0.0,0.4739354100679771,0.0,0.0,0.5189333201915783
2015-11-30,0.3615526728746027,0.0,0.5990751524725566,0.31148193396376983,0.4114470729250946,0.49052600043216726,0.47375939251205695,0.6246632948254276,0.5515727056651257,0.0,0.32860335844200816,0.0,0.30742742280751306,0.5632083253802402,0.0,0.3829152953040204,0.0,0.5401700439117498,0.0,0.0,0.0,0.0,0.6076663062879392,0.46411001491350956,0.0,0.0,0.46594274491466686,0.0,0.5265796173574011,0.0,0.6301132436705827,0.34270665691707436,0.5187440003740245,0.5470323853608497,0.602642278972406,0.4849149777083911,0.3599779808567664,0.0,0.0,0.5280618841717297,0.5160083412715673,0.0,0.4866755229235626,0.0,0.5564871644720862,0.5244762498324675,0.35648259340004745,0.0,0.0,0.4258168944633595,0.0,0.48693388783933256,0.0,0.6017492129625134,0.0,0.0,0.4881200861340137,0.0,0.572719332722269,0.5891331691573619,0.22474308341386995,0.5501801573008015,0.5390962888598738,0.5181144077506487,0.4977771077799041,0.584225358208409,0.5395593681689733,0.5580677002851673,0.540612236902737,0.0,0.0,0.0,0.4718852528223245,0.43710834006301946,0.6240012535632983,0.4476904063967475,0.5481501122691905,0.42446657472206945,0.45213514471196015,0.0,0.518572039477723,0.4381476154249959,0.58448852888249,0.39276340883064914,0.43474109718907383,0.571459680830926,0.5545217135037623,0.0,0.5208135646960809,0.4294320450877015,0.5471529034661706,0.47298113327865354,0.0,0.5234785479967636,0.0,0.5007516777182692,0.0,0.5754539669802134,0.0,0.4650584212430095,0.6340573514968206,0.0,0.0,0.47257793440150586,0.0,0.0,0.5259596052524751
2015-12-31,0.3705821901576458,0.0,0.5989601205518593,0.31166429162184556,0.40872364007690515,0.48650840302053555,0.47043442655487755,0.611374970380062,0.5249021298642982,0.0,0.47377786112003545,0.0,0.331365675067029,0.5861076715857635,0.0,0.3627878043997557,0.0,0.5419481358955587,0.0,0.0,0.04930666325786409,0.3392762690856327,0.5599912215817985,0.45597343803015083,0.0,0.0,0.4140478395732216,0.0,0.5451371317110723,0.0,0.6244661236232174,0.35628299422793963,0.561491987634562,0.5252063311524746,0.5159434205321557,0.4862418451080131,0.3433435108989748,0.0,0.0,0.5508227670944296,0.4840776349496253,0.05360595549193209,0.5684925298353067,0.0,0.5786625866907595,0.5271221633824078,0.3915658430157041,0.0,0.0,0.4031311492455674,0.0,0.4908515125054489,0.0,0.5880009734591757,0.0,0.0,0.4585571212036906,0.0,0.5613407953466086,0.5944054640004214,0.4579339507486632,0.5708081493414962,0.5056547827754033,0.459980145808866,0.5331676003216144,0.5695668104341978,0.45941433224713746,0.4885313842978421,0.5261183854488732,0.0,0.21788121887810744,0.0,0.3983090363709312,0.4665300538531715,0.601249949154858,0.3921702796513134,0.5382725237757388,0.4139284350382235,0.4601630164003948,0.0,0.5106438011104324,0.4615233050561905,0.5762902123310275,0.35153262819559394,0.43895060409467146,0.5122630118075647,0.5482208918763826,0.0,0.516534345475434,0.3661449302666515,0.5190327158774795,0.4688739986711803,0.0,0.46518351851605944,0.0,0.48681724599148907,0.0,0.5468279277070677,0.0,0.4871526156126197,0.6489002167094305,0.0,0.0,0.4709186660572467,0.0,0.0,0.49998601003991594
2016-01-31,0.3814276172044957,0.0,0.5976328487157024,0.3118622527869929,0.5057761021104563,0.4660154375957005,0.4647244241635625,0.44029410923604895,0.5145411389449641,0.0,0.4941187409611488,0.0,0.3166063041074526,0.5693601720419237,0.0,0.406151422944566,0.0,0.5319737918063658,0.0,0.0,0.22802514275740302,0.3372764712888139,0.5641921675436423,0.4466278662050556,0.0,0.0,0.4775800421124354,0.0,0.5111358763242237,0.0,0.6173807670257336,0.4393524990851883,0.5606805890530492,0.5245646312630045,0.4599755817477204,0.5120736490350696,0.44953057719347705,0.0,0.0,0.4921547238428976,0.5222595667523283,0.42770555526852555,0.5290364517960885,0.0,0.5394769358798042,0.466040539673934,0.4982824273909549,0.0,0.0,0.4311066077233727,0.0,0.4744576991351455,0.0,0.5817092025064801,0.0,0.0,0.45006592849125937,0.0,0.5480817692315891,0.612399539086908,0.46257665946183524,0.4994534195882606,0.5249481484784699,0.5557160570040015,0.5239349089391485,0.5519204811061333,0.42564688132546896,0.5490815976641653,0.6505967052839212,0.0,0.49516810686806856,0.0,0.5083745872588283,0.4459155804483102,0.6055084152579012,0.28037724369629186,0.5293814807675609,0.42465758308478135,0.44857288465153394,0.0,0.5024146548805094,0.45033581710397796,0.5674417216347117,0.42186195257543796,0.4443549326316656,0.5287190495121431,0.541263223694975,0.0,0.48398381080210146,0.4806296121120047,0.5230036781669909,0.4644375398996952,0.0,0.46326206176848184,0.0,0.47996629710475713,0.0,0.5892650441665006,0.0,0.501178403268106,0.5569411068527306,0.0,0.0,0.4689802949174062,0.0,0.0,0.5657562344590058
2016-02-29,0.37361317143643646,0.0,0.5930966345271715,0.31256910542327687,0.5241709033343136,0.45177010194863826,0.4595437942927145,0.4593052491216665,0.49004477953656306,0.0,0.4628534284917699,0.0,0.26285788527482506,0.5516039719402909,0.0,0.3702236851573987,0.0,0.5181621612225354,0.0,0.0,0.16447831793368475,0.33644738760244763,0.5712183019900896,0.437370754017714,0.0,0.0,0.47274838173007877,0.0,0.5192099894435107,0.0,0.610196541899452,0.4294030615683342,0.5585078852303185,0.5241384826110412,0.457693707158156,0.504609814540113,0.4754877081802164,0.0,0.0,0.4934339466628614,0.5181419612318195,0.4380132641390006,0.555439743606245,0.0,0.537371806732607,0.44997074527862935,0.471446237384565,0.0,0.0,0.43188847653235246,0.0,0.46233580605634633,0.0,0.5236002698781012,0.0,0.0,0.4256638479900044,0.0,0.5351058734250279,0.6125281909229351,0.4715808970210391,0.46688564226669726,0.5306572463539668,0.5279867592844524,0.5185551563885299,0.5663365835977501,0.4208412900200854,0.5444254932706801,0.6446133281731092,0.0,0.3986073208150762,0.0,0.5184955128617654,0.42832210580200913,0.5595877676332214,0.26771616551845,0.5205772279308699,0.41482180326211027,0.46364449104412236,0.0,0.4953645134278625,0.4406995598681601,0.5589171753670467,0.4541959534343343,0.4476395439098868,0.5216555760116264,0.534214081735521,0.04439461241285228,0.5329895787870659,0.4902917398110488,0.5110924228672441,0.45679865089431465,0.0,0.4630835383220421,0.0,0.4956255271908012,0.0,0.5871166127068344,0.0,0.4948504313799963,0.5598117914243423,0.0,0.0,0.46750448829134217,0.0,0.0,0.520814111088613
2016-03-31,0.36508297481941804,0.0,0.5909830829489167,0.3139582324005116,0.5119165012077642,0.4521612777427468,0.4557146055508996,0.4450412754011079,0.44748800789931864,0.0,0.4162368632731559,0.0,0.18057040316088724,0.5505217418580586,0.0,0.3550369005664192,0.0,0.49981086765845556,0.0,0.0,0.16427966054469376,0.3372841469277094,0.5714433846421346,0.4282839001758312,0.0,0.0,0.4712802900012514,0.0,0.5054633131015741,0.0,0.6034475951962998,0.4265475862153976,0.5588295428371042,0.5239004219955379,0.45827750497661224,0.49854870697768583,0.46403815526501624,0.0,0.0,0.49560127291026557,0.5165732335052632,0.40427800745510967,0.5240207998401539,0.0,0.5353659788047594,0.43160162853907663,0.41333374044254156,0.0,0.0,0.42221815037509663,0.0,0.45426911660275054,0.0,0.5217910212575,0.0,0.0,0.4125884296274393,0.0,0.5222555142903816,0.611287881597896,0.46812663199925997,0.4632620639737389,0.518342526163066,0.5171541621328113,0.5150535919216223,0.5671037031324723,0.4162820813976816,0.5446455420094223,0.6382869726195352,0.0,0.4003505795635988,0.0,0.5093765731619647,0.4135819600084533,0.5551867958745972,0.2576977192082399,0.5119172690857314,0.40523076861041973,0.4594555454986166,0.0,0.49109099924483135,0.43227676497559253,0.5508605153726631,0.45361707890119446,0.44646512513959774,0.5173548423038716,0.5268876752876875,0.017922717620812597,0.5323896330105933,0.4846445548295271,0.5010694969071952,0.4464001797448353,0.0,0.4633703512857639,0.0,0.4872887951615707,0.0,0.5850675390139669,0.0,0.4922841902203409,0.5457196742830239,0.0,0.0,0.4667156481778385,0.0,0.0,0.5135845508591528
2016-04-30,0.3565562129093126,0.0,0.5901001697813524,0.3155447427039688,0.5007751978196445,0.4527311720739522,0.4524694865510389,0.426716913946381,0.40588414718116067,0.0,0.3817482234338259,0.0,0.14416027902443598,0.5492066348593958,0.0,0.33780462214785667,0.0,0.482211639621796,0.0,0.0,0.16492216170809235,0.338732930712802,0.5714631790291779,0.4203056164142274,0.0,0.0,0.46401541860717743,0.0,0.4923818394629948,0.0,0.5976067196934517,0.4248345890378768,0.5600623529783748,0.5226239311183338,0.45981670867246033,0.4942885231810287,0.451211805605011,0.0,0.0,0.49763043220376196,0.5159885052140997,0.2919793790486356,0.47735170752668926,0.0,0.5331833044193259,0.4084201648549113,0.36999247439848193,0.0,0.0,0.4132918454336342,0.0,0.4306024694756254,0.0,0.5214432445964153,0.0,0.0,0.4040305063058402,0.0,0.5106757010952159,0.6109562289120309,0.4617269565985933,0.45933921856871585,0.5075939430148573,0.5075791203084542,0.5126676061807585,0.5421975783912105,0.41258151233914026,0.5466874623725549,0.6316653988878034,0.0,0.396801656328462,0.0,0.4984702594395036,0.4038804606516861,0.5510733420920462,0.24920707098866718,0.5046231885059481,0.3971256423372762,0.4554545927888389,0.0,0.4889014550459879,0.42608521656887516,0.5439501328352966,0.4537553694863088,0.44545052499938387,0.5142879782829541,0.5203020579928468,0.016189154091868805,0.5316709062713886,0.4786183557475661,0.49341782740298856,0.4377916130473909,0.0,0.46220556517331635,0.0,0.47965003318360305,0.0,0.582553326665322,0.0,0.49023273745944296,0.5238757982510341,0.0,0.0,0.46637469800824466,0.0,0.0,0.5051197040290955
2016-05-31,0.34607315590175,0.0,0.5867369288598032,0.31714173400587303,0.4887869455731243,0.4523481929482735,0.44728648949691896,0.4453178513161508,0.4365904679898867,0.0,0.36144569453831776,0.0,0.28602333068823027,0.5458013110295032,0.0,0.3396813180707719,0.0,0.36117578505506415,0.0,0.0,0.1655173690760977,0.3395792931930822,0.566656699012831,0.4113438052184445,0.0,0.0,0.4473390809086188,0.0,0.46500994930949446,0.0,0.5958015183697631,0.4228897018711531,0.5782313158481437,0.4396649879496131,0.45905604119335724,0.49022655871534554,0.4356827661809802,0.0,0.0,0.4982483902866254,0.5143348820652789,0.25507672366280837,0.38754587986151406,0.0,0.5297093922635878,0.3459128469748391,0.34525790739252316,0.0,0.0,0.4082009768144705,0.0,0.42648605775127313,0.489568630621933,0.4080598612175727,0.0,0.0,0.3973845737621459,0.0,0.49757083951921205,0.6095658935893626,0.44965234776048413,0.45347238855662847,0.49620422354923077,0.4970076413279295,0.5099706569823624,0.524956246723771,0.4046466241004939,0.5463007814009505,0.622572918726383,0.0,0.36720879944005885,0.0,0.4953550219695834,0.42736745536015547,0.5887724115831873,0.23950391551148573,0.5468752014477781,0.38181666333826547,0.48295518202908083,0.0,0.48623411186559024,0.4204391610111371,0.5361118229197502,0.452333883797521,0.448120006621197,0.5095781169949753,0.5130594429373018,0.016632214867489777,0.5296329252882293,0.4708020960481467,0.5359870038855168,0.4292150420989628,0.0,0.4579387407491568,0.0,0.47030437479339376,0.0,0.5781636828700134,0.0,0.5183957870427729,0.4657041914657001,0.0,0.0,0.4658264165883033,0.0,0.0,0.5489895691862715
2016-06-30,0.33475062809948897,0.0,0.5869708985205808,0.31855536864819245,0.5325000266342746,0.4506500709942734,0.4407147014597847,0.4393153961505489,0.3906663968413559,0.0,0.5219437616832511,0.0,0.342832103748671,0.5659555843558839,0.0,0.3805605512289182,0.0,0.39306835832535886,0.0,0.0,0.2681327512641248,0.33956925076918554,0.5636958655597533,0.40202022919904706,0.0,0.2406653351635422,0.45211901483958206,0.0,0.5389812548218483,0.0,0.5878359029979059,0.42062500496226785,0.5749012797144272,0.4483049648563771,0.5117978279776306,0.4974663889950531,0.4189596866669408,0.0,0.0,0.5244707340557372,0.5159223792538051,0.4313266604429786,0.37112561485388,0.0,0.5426086258527628,0.3624491648118296,0.3614738614384053,0.0,0.0,0.4293665345054971,0.0,0.433672412636316,0.5339653477729033,0.4521917649630348,0.0,0.0,0.38752804145322334,0.0,0.48414357023295157,0.6152207113037971,0.43292347458570785,0.4584440514288486,0.5037820290260482,0.500305510551554,0.5321147372741948,0.4813291830409892,0.3982981661501704,0.5435491381509031,0.629125086684147,0.0,0.3183372636327561,0.0,0.4759815249752157,0.48862454184964177,0.5930439604657666,0.3089998471634955,0.5531563956694071,0.4395441342846916,0.48293611816761073,0.0,0.48322113748135886,0.45488777867054475,0.5277844350449676,0.44791013852888606,0.4618310568149388,0.5047147440550119,0.5057145930206869,0.10614257295650331,0.5261541236128547,0.4618975019150158,0.5014877769254408,0.4213069479384754,0.0,0.5065608091953353,0.0,0.47383732157765823,0.0,0.5559580093917239,0.0,0.48052638898249417,0.47857318087054396,0.0,0.0,0.4650371832524741,0.0,0.0,0.5704766373447719
2016-07-31,0.32432878665733744,0.0,0.5833701210810565,0.31985735281361305,0.5275061544107602,0.4496531197616941,0.43382808213307805,0.42236931302943753,0.3569235603334478,0.0,0.5109702114593131,0.0,0.2944412357422184,0.5620935548748213,0.0,0.3631235107449201,0.0,0.37565561738105147,0.0,0.0,0.2426024854606777,0.3390612959112664,0.5619813750809459,0.39330093825515317,0.0,0.23688857327925794,0.4458340406733644,0.0,0.522037004138569,0.0,0.5800190918715363,0.4184386557488659,0.5737439106174037,0.4396485484876892,0.508752544421698,0.493276411454643,0.40298575516909,0.0,0.0,0.5238539767944012,0.5130864444494061,0.4299467095194867,0.3652254876828392,0.0,0.5383339316092951,0.3490163561592657,0.3571036284865748,0.0,0.0,0.4248989552436773,0.0,0.4298946099990811,0.45283188188503043,0.4401101938938469,0.0,0.0,0.37883867392370457,0.0,0.47180266210843363,0.6138034013490008,0.41495672535892697,0.4498924139390973,0.49315547285928657,0.49038705562312956,0.5259965396888746,0.47739962000554487,0.3915220475627695,0.5396488814208493,0.6188139965733515,0.0,0.2851531499455546,0.0,0.4683992837989077,0.4838085929433193,0.5874834818340887,0.2954070254838531,0.5457405388958402,0.43307730511487497,0.47610803951573444,0.0,0.480371715252331,0.4513768074686406,0.5197664725204417,0.43990321041765773,0.4616898066225629,0.49820485931694075,0.4989954881590228,0.09574414133613748,0.5217360184284039,0.4529492298419296,0.4936530989212052,0.41461562972777855,0.0,0.5025795962294601,0.0,0.39765236572211204,0.0,0.5526103958496723,0.0,0.46930323863456913,0.4514718897037135,0.0,0.0,0.464262452093319,0.0,0.0,0.5652235056110508
2016-08-31,0.3151071198242301,0.0,0.5817621646184428,0.32176323692435255,0.5218170521704901,0.4486757138707163,0.4291776977667522,0.40076315110521926,0.33294230161018945,0.0,0.49274590699199733,0.0,0.26981823287462453,0.5579644254081297,0.0,0.34567877392005497,0.0,0.35715092130257436,0.0,0.0,0.23033805352362255,0.34017872837853186,0.5600524889263158,0.38556293158982563,0.0,0.23777999964464305,0.437170328130769,0.0,0.5031439906737765,0.0,0.5617128671971404,0.41743153190640275,0.5745114476360159,0.43118298876805133,0.5074748207272051,0.4512238713559592,0.3869585814560152,0.0,0.0,0.5234914069581841,0.5123344461473416,0.42338719674632913,0.35132609407904886,0.0,0.5334387266377636,0.3308878419154444,0.3585411555363739,0.0,0.0,0.42165497417042413,0.0,0.428874667745168,0.3178887914089296,0.42769889886947654,0.0,0.0,0.37370732764045994,0.0,0.46086553858392004,0.6134344473370172,0.39455050059976976,0.44030092969756524,0.4828136630586313,0.4805115190347902,0.5208699528795773,0.47283170792817986,0.385334864982874,0.5397384132062176,0.6079449600653484,0.0,0.26817248189976894,0.0,0.4605248044073536,0.47823051703023506,0.5817717529228426,0.28240630054537963,0.5392277663035582,0.4277311414767963,0.47021068574770053,0.0,0.48012422511918645,0.4491367749950718,0.5124783984357638,0.4291420702503323,0.4606734762728078,0.49337476712623624,0.49294400328614657,0.09071619734255564,0.5170148512869212,0.4439235690719397,0.4870596543930837,0.40924061265409817,0.0,0.4991893440292852,0.0,0.38961251584375306,0.0,0.548940343984759,0.0,0.45400293739085795,0.4202026959580727,0.0,0.0,0.4642168205702814,0.0,0.0,0.5570543666162908
2016-09-30,0.3035914946395855,0.0,0.5588484419462908,0.3228338588441051,0.513204198598758,0.4447155922779794,0.4201949921542075,0.3792432475253957,0.31677766954421926,0.0,0.5569720091334328,0.0,0.29463768013780584,0.563064758734548,0.0,0.36598890126628136,0.0,0.3995240204916203,0.33388274165272885,0.0,0.24553195956354204,0.3745632707025852,0.5674936029528111,0.4062005121368703,0.0,0.2394787909517128,0.4495437348771517,0.0,0.5095776379643474,0.0,0.5258739491277425,0.4147488208518591,0.5772450858414053,0.3970192530823432,0.4838489799168604,0.4579058064621385,0.3722771304593479,0.0,0.0,0.5183547673215539,0.47310811826214727,0.44644532250900737,0.3427925164735002,0.0,0.5409029647877805,0.363011490368311,0.496666220855639,0.0,0.0,0.3828153435327138,0.0,0.45088967993226275,0.29348417453621195,0.46886827923418295,0.0,0.0,0.3915693322603884,0.0,0.47146417650521655,0.6094816042623324,0.37371581468359194,0.44074505961484195,0.5283135125185876,0.5161842685586951,0.5173683796642385,0.4745189318853462,0.3740217844616367,0.5026600468293203,0.6043644711410862,0.0,0.26063304961605327,0.0,0.5053329773013503,0.5543263123615709,0.5418551715500274,0.3087201853447466,0.5017703394224241,0.4377590880486889,0.49578619528631074,0.0,0.4635431857585592,0.4394496356751212,0.5037404637386915,0.4100241430960133,0.45537965486718596,0.4529932346129778,0.4986775095473141,0.0880384532000674,0.5237376315285805,0.4344130153596045,0.5433356923513588,0.38106296260341577,0.0,0.4890763739317603,0.0,0.36576857215987296,0.0,0.5594831657494066,0.0,0.4777397209334383,0.4151067045954149,0.0,0.0,0.4631345355296113,0.0,0.0,0.5295123255848222
2016-10-31,0.2969818681769689,0.0,0.6032610196040313,0.32426977715816585,0.5054945780203522,0.4416863602154212,0.414062652181863,0.4230502383691505,0.3156552947905378,0.0,0.5410008672669862,0.0,0.31205863098295056,0.5579072754586243,0.0,0.32807914283252576,0.0,0.4666159754762094,0.6207411615524968,0.0,0.21910417457342973,0.32177691882020215,0.5324337269732571,0.39550800055153346,0.0,0.24216442353330583,0.4424157334397786,0.0,0.508554192636549,0.0,0.5193686226076059,0.4131981655217557,0.5840762019004774,0.3970405732156172,0.4795060961499642,0.4548077897718196,0.3603116457708526,0.0,0.0,0.5170080370112489,0.47092709853980474,0.4516940524675884,0.3924819073024812,0.0,0.5339147889630235,0.4212943706024901,0.4899322568538072,0.0,0.0,0.38512769438662914,0.0,0.4452637322096763,0.29676149714856065,0.44235829649015285,0.0,0.0,0.39089979167552535,0.0,0.4615059320579434,0.6409604679621781,0.3587285870584999,0.43028212037270014,0.5195333047195135,0.5085306352518932,0.5215591384631802,0.466566025951581,0.36707604410987194,0.49916336586292986,0.5929369192967681,0.0,0.2538567562186618,0.0,0.4960263597473276,0.5628536095885537,0.53557372046462,0.2978510586422786,0.4955255470360865,0.4325892433490049,0.5185193733052816,0.0,0.4614227223178645,0.43448661801514954,0.4571553234009718,0.3931616501049056,0.4592958332368091,0.4952391047700678,0.49353197715115577,0.08746440212246351,0.518184965753605,0.42708842239987205,0.5365397126006064,0.37943106048272784,0.0,0.4831398820411766,0.0,0.4015639672725163,0.0,0.5550462865480471,0.0,0.47699859305995035,0.43147590402946917,0.0,0.0,0.4628116353768779,0.0,0.0,0.5829697881180637
2016-11-30,0.30806639496291843,0.0,0.6083534437037095,0.3259815206617424,0.5287625294434751,0.4592438133903091,0.4098560458693712,0.4048443859906829,0.2915566983407025,0.0,0.5180410618285045,0.0,0.30656642563644176,0.548061157795875,0.0,0.34451650170562403,0.0,0.44590241149889653,0.510548687526506,0.0,0.2046226440771876,0.3951429536231583,0.5134740451250247,0.38862736344223947,0.0,0.2457303346926058,0.4321341200164965,0.0,0.5192896418391317,0.0,0.5654844883071114,0.4124892710586222,0.5883692243111388,0.3970918165506269,0.47621603878582547,0.4860405523710189,0.3497448053648885,0.0,0.0,0.5155373566870256,0.4998946998514706,0.4432818670925329,0.4024062643017843,0.5884980585249882,0.5348194148580122,0.3672752023716043,0.4788100684348503,0.0,0.0,0.42737410694116734,0.0,0.4418628976756085,0.28382146554846227,0.4887288013933655,0.0,0.0,0.38251368117982687,0.0,0.4532715849618071,0.6493327602257302,0.3461315882954534,0.4359843802980157,0.5099357311314263,0.501434100739729,0.531752721723369,0.46169988677846824,0.36020550410852525,0.5408497898225381,0.598461982891991,0.0,0.4711667512379469,0.0,0.4946112098972253,0.5623224426135699,0.5856044836847417,0.2725395129366738,0.4950051550982958,0.4284985664208583,0.5087887651562559,0.0,0.5124453302955089,0.48053410962698007,0.45122399550161124,0.4099790433533997,0.4570350897174824,0.4805294153536217,0.48918577838349414,0.08806979272433643,0.5236770296691015,0.4205895503790522,0.5436469649977164,0.3785963843098793,0.0,0.4774401740429227,0.0,0.39906118995016143,0.0,0.5929901593924346,0.0,0.4692079617284933,0.41419115404974705,0.0,0.0,0.46294207986052593,0.0,0.0,0.5791166119932322
2016-12-31,0.30214791629144017,0.0,0.6073132580131888,0.32783418461116604,0.5235827053426079,0.457211293407274,0.40703200102018905,0.38889275979453025,0.28143833108416305,0.0,0.49181605599737777,0.0,0.29346814804234983,0.5419663418153892,0.0,0.33405487931629296,0.0,0.4463531486182057,0.4940372075019522,0.0,0.19715373249158769,0.3684159046877141,0.5153402548508251,0.38280792247964485,0.0,0.2495628009401446,0.430831371553272,0.0,0.5076539129982169,0.0,0.560843752117695,0.41233688651244016,0.5318987468937236,0.39704264466250894,0.4731676223902871,0.48470668519855636,0.3410189067339612,0.0,0.0,0.5137151775951128,0.5007840746224509,0.43128141539301224,0.39973811969475437,0.5453248088459132,0.527525690725206,0.3573812571478193,0.46226499955475586,0.0,0.0,0.42446662732124046,0.0,0.43989991985872856,0.2345607374057839,0.48875445910341725,0.0,0.0,0.3763551256710136,0.0,0.4467152059091703,0.6498613881239526,0.33638635305417236,0.42511039518058846,0.503072962252039,0.4950793703352133,0.5297126973667575,0.45617631554331795,0.3544869766258606,0.5425189132206271,0.5884542437916169,0.0,0.43605430760406844,0.0,0.48717981469188437,0.562125967992424,0.5802461377171972,0.26371740317199677,0.4905069335429854,0.4254275743017609,0.5039739763600424,0.0,0.513258702572452,0.47633711462709316,0.44610315825155267,0.3949624299499289,0.45441403697083993,0.4813949993001457,0.4856753037219878,0.089514111517735,0.5188308610732756,0.41518809430977405,0.5386181060642236,0.3783183947005869,0.0,0.47184229652970444,0.0,0.3969444986809272,0.0,0.5876980182634378,0.0,0.5304633474971558,0.38491248262250854,0.0,0.0,0.4633741150493863,0.0,0.0,0.5563668390801695
2017-01-31,0.2970336302266374,0.0,0.6061910825429255,0.3297500146276291,0.5178497656922424,0.4545830166111715,0.4046538574368256,0.3759257602675529,0.2733418007197169,0.0,0.43122096733329296,0.0,0.26702720400382685,0.5350584730317731,0.0,0.32312152189821963,0.0,0.44575187711743663,0.47828920925634316,0.0,0.19391591640931172,0.3408519387595228,0.5167047498576055,0.3777186243835184,0.0,0.2531360123498929,0.4158929632463512,0.0,0.49689005733145974,0.0,0.5567085290687352,0.4123903367162499,0.5334274875925223,0.3967714946145574,0.4694206988889902,0.48369750617381485,0.3338915668675721,0.0,0.0,0.5112889164863598,0.5015485856754366,0.40515387386793006,0.39383229786830604,0.4317598513448186,0.49283507083819095,0.3445468399330611,0.4418538035994901,0.0,0.0,0.42208651990898977,0.0,0.43843073431391355,0.17183481105935958,0.4885580896960061,0.0,0.0,0.3718912214115047,0.0,0.4413321156747238,0.6497866586392884,0.3289280671518342,0.4136298642166328,0.4969302393760418,0.4891852069135551,0.5276204130896247,0.449946530658986,0.3490098661795434,0.5438201656334171,0.5789783275194396,0.0,0.40891874921367927,0.0,0.47985663200031564,0.5617688725941266,0.574298215670409,0.2556038431880571,0.48675794435320535,0.4230489612676636,0.4987364635158136,0.0,0.5142727250806397,0.47306542150669273,0.44139390233929177,0.38120120507310457,0.45109710110064755,0.4821631687000125,0.48275554446858404,0.09155479615654365,0.5134098695080614,0.410704370106456,0.5339355649707727,0.3782784426320182,0.0,0.46595593636095944,0.0,0.3949837918264012,0.0,0.5814840977742335,0.0,0.5173459768634748,0.35907745223316084,0.0,0.0,0.46393726112466266,0.0,0.0,0.5488878698647913
2017-02-28,0.29243551823660036,0.0,0.6043216134977383,0.33121654183151306,0.5117278112678739,0.4509914021791244,0.401242347594404,0.3666183925010967,0.2672896171213718,0.0,0.4139248004176331,0.0,0.23376750236640642,0.52766855049073,0.0,0.31235554791647213,0.0,0.44357623142035296,0.4601201703870374,0.0,0.19287595406178373,0.3185660678106028,0.5170122895131021,0.3730949753850074,0.0,0.2555469955092758,0.40166011462917944,0.0,0.48781631652296276,0.0,0.5526544190396131,0.4118362194883675,0.5333988412514825,0.39603318430714324,0.4641269917451116,0.4825918608813873,0.3283190686779279,0.0,0.0,0.5082051174181607,0.5009911462233037,0.37058629697377576,0.3850168048610705,0.4195618427406063,0.48482842724931224,0.3312400880836023,0.4221174762397316,0.0,0.0,0.41988492175122055,0.0,0.4363295756387208,0.14379639916215908,0.48658452050992795,0.0,0.0,0.3686088325167405,0.0,0.43663830817999905,0.6481439131716713,0.3233624589610389,0.40243174618019223,0.4906107426208494,0.48239071385188204,0.5246655551411776,0.44343232279502964,0.343630100773356,0.5423042323944054,0.5703682267562931,0.0,0.3886790859938105,0.0,0.4729544074595876,0.5605511801744752,0.5679304421873141,0.24869228507651311,0.48344469830014136,0.42089731769115,0.49329310249014424,0.0,0.5141221421003291,0.47038290669319377,0.43681933589308053,0.3702778460320394,0.44695259530760584,0.4815214169411839,0.48017699434691713,0.09359840487657646,0.507554425224777,0.40699574538074196,0.5291770700150167,0.377894630833953,0.0,0.45953032303435565,0.0,0.39282561625830154,0.0,0.5746882197757499,0.0,0.5021340910982693,0.34013950675565524,0.0,0.0,0.4641357763278885,0.0,0.0,0.5418748417362381
2017-03-31,0.2869214301855201,0.0,0.6006653005790034,0.35307078530687663,0.503446997739297,0.44514122093571923,0.39484524318037967,0.3468857441322788,0.2561445561634974,0.2730837805324694,0.4000163482485131,0.0,0.19803998479361046,0.5178460913305934,0.0,0.28961449447081833,0.0,0.43858938470363124,0.4101071904696631,0.0,0.19181509000645805,0.2958329942059809,0.5197987221371617,0.36755481704603366,0.0,0.25689496290729885,0.38558726983183966,0.0,0.4863869717833761,0.0,0.5472746898755928,0.41042547297516896,0.5332972269267134,0.39984842846541435,0.45514964698913263,0.48093249854509496,0.3226622782832605,0.0,0.0,0.5036175720399105,0.49817410858103756,0.2685785042083993,0.36467934563916693,0.4165889920755408,0.4747890453598768,0.34586153441268663,0.4004439339465344,0.0,0.0,0.41309165437873996,0.0,0.43239080620703074,0.13212012948451585,0.4880258374026939,0.0,0.0,0.3802602959357996,0.0,0.44024586006782934,0.6410065000652371,0.31781347374945274,0.383926032592633,0.48321343220289065,0.46202219038502174,0.5246793944718938,0.46842798839673505,0.33695033847376393,0.5360032516224472,0.5602694849199548,0.0,0.3704347078914768,0.0,0.46287141808504134,0.5738585056666707,0.5580946134368783,0.2414273128491773,0.4794778229829556,0.4181197936075785,0.5035140078747149,0.0,0.5118516685684337,0.4674102932718519,0.43093992552792804,0.4295939897438079,0.4406887021062114,0.4785370277344675,0.4771453341986039,0.09591513701416234,0.49968908651598826,0.4030074565452301,0.5226681629666,0.3820645211008735,0.0,0.45061576750053856,0.0,0.4359055962629386,0.0,0.5656132360765237,0.0,0.4803575883063802,0.3176999272988302,0.0,0.0,0.4638131283275781,0.0,0.0,0.5424358621313539
2017-04-30,0.2838352194066122,0.0,0.6025752781173687,0.3061606118345004,0.49638695464789706,0.44050965238158946,0.39162235091800035,0.3733339003403926,0.2196713578569484,0.4494494941653217,0.38198064182138347,0.0,0.18971171660184447,0.5097854162650921,0.0,0.27956051292039563,0.0,0.43559626579016025,0.33502179652535974,0.0,0.19231498235586428,0.28476186938755477,0.5535611259076157,0.3643413961060425,0.0,0.2577028519240016,0.375004548316896,0.0,0.479140129951694,0.0,0.5441658419127862,0.41002696751946666,0.5339648120074201,0.4017229700039053,0.4486450709865322,0.48040490830564303,0.31902797131586985,0.0,0.0,0.5000114647760664,0.49756088577079655,0.3186184118476415,0.39331559853112164,0.4155366760262195,0.46695182538682056,0.3381626022086274,0.3877835051872436,0.0,0.0,0.41207842056197286,0.0,0.4326741241106985,0.14130852002302652,0.48557981090232494,0.0,0.0,0.37735395533080957,0.0,0.4352605211255323,0.6462763414715013,0.3150155275750302,0.3779886335385101,0.4778993908937641,0.4556508456587236,0.5233687127103719,0.4625729156299184,0.333280981121222,0.5337481109087884,0.55364730576648,0.0,0.35874092585067324,0.0,0.4569708087307787,0.5812335261808325,0.5486494519034593,0.23691600767254298,0.4773534912753523,0.41877882494544794,0.46517607831963703,0.0,0.5117731287727204,0.4658922565026824,0.4311800857471059,0.4223594414406784,0.4355625747354739,0.4778901709683188,0.47557717331844507,0.09847480646615277,0.49366799154120455,0.4009534760322247,0.5184078242141554,0.4322793720656883,0.0,0.4449816344834151,0.0,0.44109573777134087,0.0,0.5584351109972044,0.0,0.4533681056165462,0.31346396631203327,0.0,0.23646802451266685,0.46408118883588306,0.0,0.0,0.5400065139936255
2017-05-31,0.28157121803711727,0.0,0.6014707643295292,0.3563415825192155,0.48843269821972746,0.4353291957438206,0.3898120254247558,0.4487190248415681,0.2304090943625786,0.47442467553638695,0.39547433913243285,0.0,0.2007801336592888,0.5141964983080349,0.0,0.2942266886964849,0.0,0.44968893931171006,0.28782952473095924,0.0,0.21343852069071653,0.27778687364712157,0.5546727051944038,0.3619573067527063,0.0,0.25807458216223234,0.3659848553783992,0.0,0.47286388071384317,0.09125690129265716,0.5419526359382209,0.40834792453774954,0.5364722496499537,0.40406962860876017,0.44207908597021056,0.47986872745506204,0.31602306869114766,0.0,0.0,0.4959095196641168,0.49830565400702603,0.35879064922927306,0.3820812883346213,0.2759335685663923,0.4589204783413494,0.32024026711253417,0.3784594124828576,0.0,0.0,0.4172156137720328,0.0,0.4316145672661016,0.18177986327489193,0.4843908994143757,0.0,0.0,0.37553189959683403,0.0,0.4318801351728697,0.6438704349694514,0.31311412310369274,0.3666759481075725,0.4650750736576783,0.4484355463153567,0.528068996963256,0.456421440266505,0.3306686622532618,0.5335452626578491,0.5481400067847704,0.0,0.34866268876165213,0.0,0.4535175955693533,0.5807509633958656,0.5380034841058012,0.2330014370093161,0.4760538066244206,0.4348631791897432,0.4377710954960694,0.0,0.5129542563069114,0.4650183730197755,0.42770726361516803,0.41502420907648097,0.44017120453539216,0.47857989610323326,0.4746100419111727,0.10183279219168298,0.48760112289879204,0.3996804248430166,0.5137305696461466,0.43992767655038084,0.0,0.4401114136222856,0.0,0.43934491524467517,0.0,0.572624401919867,0.0,0.4321806131368336,0.3251089455878414,0.0,0.2461353957631494,0.4648199811117238,0.0,0.0,0.5321154914446306
2017-06-30,0.2797274634364838,0.0,0.6002906531862754,0.35599139047210987,0.4806762983806709,0.4297588516179604,0.3882485295707043,0.4378985311439645,0.22838297460007187,0.504199245830902,0.3857579186824018,0.0,0.17694045483386275,0.5053439999389284,0.0,0.28462790305164143,0.0,0.4443515465988505,0.2092427736636668,0.0,0.21304195539594992,0.27405293279093224,0.5548786460450031,0.3601352452497393,0.0,0.25753736151668516,0.3593491257568883,0.0,0.44675174025624464,0.08074667378487103,0.5402204013608436,0.40855230083184313,0.5351460683421725,0.4032964482314499,0.4353240388518174,0.479955526111623,0.313841950818067,0.0,0.0,0.4914368369186283,0.4988035696832087,0.32857679611784785,0.3686001478604465,0.2740296420483463,0.4518159695670914,0.3073870621285118,0.3724929839103002,0.0,0.0,0.4167536318931986,0.0,0.430441906421808,0.1649510433424228,0.4830065644205216,0.0,0.0,0.37449629812121715,0.0,0.4082280777942977,0.6398198134165596,0.31166064832164087,0.35654648950801937,0.46012484943671345,0.44079615140066014,0.5259944022183575,0.45030575621082763,0.32860370273730893,0.5329446399718856,0.5439132003216224,0.0,0.3411043708176839,0.0,0.4439434709732944,0.5798645843148846,0.5273182928486352,0.2298684845201437,0.4752090096129742,0.4332556932198285,0.415384799042934,0.0,0.5139421619210768,0.4645128199979137,0.39965375173914375,0.4069466724562317,0.4343169649662075,0.4790187286919444,0.47382123506218893,0.10516617815428866,0.4821445539317383,0.3988562306534584,0.5093678691327417,0.4398107505355607,0.0,0.43576891047292843,0.0,0.4376253045148678,0.0,0.5633404210874761,0.0,0.4138479835424663,0.31074045505599024,0.0,0.254874680604003,0.4654821519368165,0.0,0.0,0.5148596148824132
2017-07-31,0.2779292670821331,0.0,0.5961930339291668,0.3290586378201959,0.4729555812621935,0.4235183512476127,0.3851729338064345,0.39559545294134263,0.22771908681276867,0.32435898130096236,0.3791920987426644,0.0,0.17907500938263946,0.49659931407907765,0.0,0.2755239663098489,0.0,0.4224393501414399,0.20389779926143978,0.0,0.2129750714297074,0.27102906541535343,0.5477963403105738,0.35850811470936683,0.0,0.2559486148615565,0.35439847306410427,0.0,0.44333689720316216,0.32991018315749177,0.5383234456714415,0.40829010681816225,0.5305396108960809,0.448543845034266,0.42738255540803016,0.4799665068682033,0.3121757390160477,0.0,0.0,0.48680180656500777,0.4979262611474572,0.2849537129064361,0.3547209899977095,0.2732003637825185,0.44553202828481564,0.29645290575675515,0.3684852426627954,0.0,0.0,0.416378565420681,0.0,0.4284852946809529,0.13864327524847322,0.47981632421771675,0.0,0.0,0.3738597594436294,0.0,0.4023750005781922,0.6334428501252439,0.31032347191025095,0.3475307842752728,0.4552406176613474,0.433051972181894,0.5194390444366854,0.4443677075725226,0.31149520243283213,0.5295026215224168,0.539637499319492,0.0,0.335014956801236,0.0,0.4344026178868569,0.5780482989721678,0.5164722771293752,0.22765694352078314,0.47411127918767687,0.4317237136843566,0.3836534408562741,0.0,0.5134644372324518,0.45322473510981676,0.4216067401558596,0.39965079781277335,0.42801473211556984,0.4781412324361244,0.47173511584043254,0.10830527302290811,0.47703216595213116,0.3983414319618205,0.5045417965487999,0.4361248395669644,0.0,0.4311314710721592,0.0,0.435674736575732,0.0,0.5537889082928482,0.0,0.3979975379077452,0.29846112310264994,0.0,0.26001696357437276,0.4659070039823437,0.0,0.0,0.49836609432213147
2017-08-31,0.27631326752691104,0.0,0.5641829211429477,0.3424448535468031,0.3809963498622314,0.416274040857624,0.3818724270694565,0.36718609490172754,0.26806180148603925,0.5075665669633802,0.3690274772605048,0.0,0.31821009031771236,0.5131763471836043,0.0,0.31873228484844884,0.0,0.4436444355654864,0.24786621935994368,0.0,0.23921224515741304,0.26879229980071484,0.5757270716511798,0.3571737768630899,0.0,0.25349287976731666,0.3507667361381812,0.0,0.4048984806922677,0.46401524967238417,0.5002209993930984,0.40791522314029893,0.5015328591339155,0.41446802224381135,0.418533090937866,0.48002591640533365,0.31078930984066,0.0,0.0,0.5108592199624074,0.5177369136055113,0.36601214210936506,0.36931366229773227,0.43250744809922637,0.439498081314119,0.36624162082520634,0.36645251707225934,0.0,0.0,0.38081811077093786,0.0,0.4022363072418537,0.3914933636829796,0.44564899889201853,0.0,0.30912517113769,0.3793698142862662,0.0,0.4447361270316376,0.6367394596924069,0.3404367877155097,0.3110424521182466,0.4498172874995583,0.42419814112657905,0.5523897811696827,0.4520046722653643,0.33526225262928594,0.5246594781199866,0.5355828476512488,0.0,0.3293294224630502,0.0,0.3999132913821386,0.6371579395190228,0.47766122625505497,0.22600797871059347,0.4341621993774619,0.4302933407146879,0.39407048171982506,0.0,0.4739839568763592,0.3865673144710471,0.42088191906709704,0.39274214792313433,0.43036433323036105,0.4944800007074683,0.46940533595462697,0.11176744471167399,0.47200943084514796,0.3981240314478647,0.4711630720959672,0.48424442973156095,0.0,0.45269136734306303,0.0,0.45730105262437,0.0,0.5405369704188616,0.0,0.4720482436053949,0.3432937901483042,0.0,0.2625415479261328,0.4662766824853419,0.0,0.0,0.5283902274382518
2017-09-30,0.2765008055343394,0.0,0.5637120430262682,0.3297045548574885,0.37611087809216914,0.4107912704516538,0.3821511119605454,0.3606958627727062,0.26212957238882806,0.49739603064962035,0.36456004015602494,0.0,0.3067273833444299,0.5054265867201566,0.0,0.31110910212872395,0.0,0.4436673630240873,0.22245581144653542,0.0,0.23832221950706925,0.27220427712563505,0.5765163856225186,0.3575185028146017,0.0,0.2515542975644098,0.3502225000305691,0.0,0.4025503833844072,0.4428950332469698,0.499068381602552,0.4086859913062892,0.5034076519132189,0.41426004934220806,0.4131208269105498,0.48106548319762915,0.3104498664435132,0.0,0.0,0.5065969998808038,0.5188126533120669,0.3514066683293676,0.3583135130102633,0.4003665656537603,0.43575724630530205,0.3552066047663079,0.37223025655974956,0.0,0.0,0.380849796234438,0.0,0.4024154173506096,0.3909115223984804,0.44542119508325184,0.0,0.3296042856441685,0.3796357846043566,0.0,0.44235315385537066,0.6313316014817743,0.3377571752865472,0.30849828073842933,0.44581643149119826,0.41695225296118593,0.5510654210731093,0.4474381095244672,0.3352314507580263,0.5251160836998151,0.5342422732691737,0.0,0.32545997322090797,0.0,0.39565218390467977,0.6375469725236506,0.4612737249977026,0.2258098747512188,0.43432493220616364,0.4302286844819152,0.38969918311890384,0.0,0.476368243821967,0.3735128192852759,0.4196193499525977,0.3892863069696384,0.4247986397912808,0.4786950873922171,0.4680525511673238,0.11534810519078015,0.46918275189957387,0.3990616689464553,0.4690571722171994,0.4834403079260379,0.0,0.4493595329291573,0.0,0.4559898498576605,0.0,0.5343558227155543,0.0,0.46078645875661617,0.32742003342106135,0.0,0.2635116087213636,0.4673381597071315,0.0,0.0,0.5205564522240506
2017-10-31,0.2769753588808371,0.0,0.563330526247385,0.31883976596698044,0.3709207589741796,0.4051096600152318,0.3830373132371327,0.3552274992761818,0.25825719281771436,0.4726401841403905,0.3621923190520973,0.0,0.28754117032172466,0.49754374968551257,0.0,0.3042780324861959,0.0,0.4430389678550975,0.21241447823071885,0.0,0.23813343719244937,0.2729164209126985,0.5767077756766275,0.3582723994224321,0.0,0.2494287125957115,0.3499209413621751,0.0,0.4011687895978712,0.42197568843269895,0.498413060456863,0.4097166016022597,0.5054833163228077,0.4139059485129627,0.3550982896450574,0.48198165977990864,0.3105789145846116,0.0,0.0,0.5019069285992545,0.520021941236654,0.33154164093203875,0.345353301386045,0.3751243156872375,0.43273463500140236,0.3155734747046407,0.3740117753662659,0.0,0.0,0.3812464286895758,0.0,0.40286188217590635,0.3882229040482061,0.4454413947331612,0.0,0.36229205259755154,0.38031494528904686,0.0,0.44048568997978454,0.5805046176360336,0.3355945617804826,0.3066181482119242,0.4416110600963396,0.40947046059065373,0.5498568067075518,0.44252159230320237,0.3356311263381898,0.5258109471398444,0.5335268493354098,0.0,0.322258860958737,0.0,0.39181068592996054,0.6377495106316406,0.45679534023708557,0.22592198917684334,0.43379078490852196,0.4305726845237601,0.38522999387961887,0.0,0.4790571993153706,0.36153213135969525,0.4187024817479707,0.38506668401775024,0.4189182376601276,0.4803547355210907,0.46652612006901706,0.11911568267093738,0.4670406175832672,0.40029635195445035,0.46740652866891824,0.48280567574518346,0.0,0.44657583698321335,0.0,0.4547921238671788,0.0,0.5279736929912596,0.0,0.44993419934728246,0.3151633296736535,0.0,0.26357315860417796,0.4686092117601829,0.0,0.0,0.5124045353075071
2017-11-30,0.277189943153557,0.0,0.5224824721949728,0.31072933347953285,0.3651810128311593,0.39899938415871145,0.3829821913557954,0.35095117610639615,0.2558245020476549,0.3698863756159541,0.36122843562713336,0.0,0.2627825120656372,0.48962492447251194,0.0,0.2978514307678105,0.0,0.44105190386115084,0.20975865689930906,0.0,0.23864141114166978,0.2730347807195392,0.5759786663327708,0.3588653861307897,0.0,0.24700410929618385,0.34970196187526087,0.0,0.4003001159302755,0.38229581869433665,0.49654115620511624,0.41037800365638805,0.5064408842720373,0.41311317206125275,0.34927906000744097,0.48071816632592684,0.3107856291830428,0.0,0.0,0.49673148880838636,0.5202973294456039,0.3102870682993014,0.3317142680789639,0.36060444494016886,0.4301085663736129,0.3045625609612189,0.37547764174444,0.0,0.0,0.38156245626433055,0.0,0.40302363453883755,0.3795304111978533,0.4443252970170535,0.0,0.2809680786578098,0.3810239701530512,0.0,0.43856140482857475,0.5723104678241923,0.33352170620062854,0.3040169503671459,0.4369662082716013,0.40223044287926885,0.547935165505805,0.43716520253127217,0.33579713569818287,0.5247175980545291,0.5326467591720229,0.0,0.3193837681355372,0.0,0.3881721172924901,0.6370725292660431,0.4523740110201059,0.226160816560379,0.4331162938024219,0.430786305728816,0.38062127136893664,0.0,0.4808158837962191,0.35262268091584253,0.41606601683780425,0.3816065762965335,0.41260456236966137,0.48107137532586663,0.46446742838585087,0.1226761830256886,0.4651582918474878,0.4013864588665115,0.4654950239896102,0.48185943868664644,0.0,0.4434124309383503,0.0,0.45328496780222627,0.0,0.5214445662343498,0.0,0.4397363556398105,0.3066011419202438,0.0,0.26263803666224034,0.4696143094689513,0.0,0.0,0.5047711048179125
2017-12-31,0.27697172831483485,0.0,0.5208854990967593,0.30582481863904076,0.35911831115413156,0.39269338357613315,0.38118948485323756,0.3476457590567217,0.25421548249923986,0.32633881541422316,0.3610387352826324,0.0,0.2386425181137832,0.4820950855610312,0.0,0.2917407885705525,0.0,0.43758760191213497,0.20936999882007307,0.0,0.23930835812296983,0.27212745955305284,0.5744514066865198,0.3591161713456499,0.0,0.24441434191355646,0.3493354957530049,0.0,0.3997633073661576,0.34977742716763327,0.4958185704609708,0.4105255695285436,0.5057299197002154,0.41198277789486665,0.3427634765168336,0.478822415608298,0.31097642853460544,0.0,0.0,0.4914033484214407,0.5192738743042133,0.29173921769294275,0.3188273361156747,0.35287791252978407,0.4278233212726694,0.29488038145554407,0.3761992962692762,0.0,0.0,0.3817144202468074,0.0,0.4012361619498645,0.36365499534922113,0.44153138116383506,0.0,0.2324749346358926,0.3816222759392624,0.0,0.43645963787997294,0.5627410492829233,0.40258295624620505,0.3026792661823985,0.43209655670198394,0.3958255035912934,0.5450590680935485,0.43165608874980627,0.3354448474001694,0.5209019739911045,0.5313032322622702,0.0,0.31677244763217327,0.0,0.384814701111092,0.6353783254620207,0.4480956102701141,0.22646652349569169,0.43198594109375293,0.43074864450746364,0.37615290568571186,0.0,0.4811064033663797,0.3472997705215517,0.4093168674236159,0.37901434456195027,0.4061802819153321,0.48038501824366264,0.4619561309377484,0.12582498376318507,0.46343719449033344,0.4022141038987634,0.4631053450026881,0.4805433458182439,0.0,0.4394161459253945,0.0,0.45148563176707274,0.0,0.5151880076109336,0.0,0.43047624857604755,0.2796771535772029,0.0,0.2606868277469336,0.4702830020764125,0.0,0.0,0.4962825561230611
2018-01-31,0.2773528970839123,0.0,0.5196679395652827,0.3032845520943941,0.3526809555811025,0.3864382436225617,0.380178981437787,0.34457742631718363,0.2538288704840328,0.3110679324532767,0.36198603751965586,0.0,0.21736963553975064,0.47481576902833655,0.0,0.28645642196168386,0.0,0.43242607190879817,0.20988831799410038,0.0,0.24059590731285307,0.2724447283375777,0.5726771908739746,0.3599780308085419,0.0,0.2421032802884606,0.3497905930573825,0.0,0.4000328737850973,0.3308993384479741,0.4957995054578182,0.41102896371539727,0.5054457469855719,0.410770147229021,0.3367699850608776,0.4766291848819658,0.311600838316471,0.0,0.0,0.48587412576838085,0.5188331100688034,0.276234018225309,0.30641879193880545,0.3481874180466476,0.42620846398005174,0.28599203233723686,0.37804390201749527,0.0,0.0,0.382447594695802,0.0,0.4010734372390912,0.34023234588143675,0.4393232936864972,0.0,0.2206823224772211,0.3827833333696394,0.0,0.43494180396783,0.5521033545832862,0.40097432285276374,0.30214871178450703,0.4271276873761909,0.3901802786951371,0.5426963736765809,0.4261058962962809,0.3360158691607121,0.5179132540669762,0.530546853233942,0.0,0.31457594235925246,0.0,0.3820263213836815,0.633350444518523,0.4444268260931816,0.22739595881358923,0.4329244481036139,0.4311686048193675,0.37181378477668153,0.0,0.4821510835138707,0.34468328021296785,0.408460687378354,0.3778336321229531,0.39966693560815947,0.48040894809897716,0.4592435877803755,0.129330926565178,0.46246607677808915,0.4035669117934552,0.4040902774125821,0.4795824920447362,0.0,0.4361598398450882,0.0,0.4498281219498405,0.0,0.5093156165750278,0.0,0.4229025526728247,0.2762515630234968,0.0,0.25770736789079485,0.4712733985013208,0.0,0.0,0.4900111881303015
2018-02-28,0.271757666807144,0.0,0.5100597831190095,0.4718254912795686,0.3440873365619922,0.4337257499766346,0.3692937199158545,0.35077308062412466,0.2894100582029321,0.391738950897187,0.4497560756517762,0.0,0.30939963629688383,0.43363646126785677,0.0,0.27689819353147405,0.052105715535577156,0.5074273710752011,0.2847444536273351,0.0,0.3317002048574676,0.2885507041187912,0.5736734464007683,0.35825438616801575,0.0,0.24725025299146092,0.3828384815787489,0.0,0.4593489360510465,0.3255583171111697,0.5663843521940547,0.3199358823500177,0.49669831506795853,0.4603617200545594,0.35360094686079035,0.47522936708512875,0.38197386744761475,0.0,0.0,0.48527503954774276,0.5078525687751284,0.2712479496846144,0.38959840459444867,0.5232702412321262,0.46756166096167817,0.28665925532184505,0.38563129680187364,0.0,0.0,0.384447393003212,0.0,0.43388044811886434,0.42626761755369336,0.42605557966152424,0.0,0.2091170260859575,0.43176562130821566,0.0,0.4951779735053536,0.5529029415966662,0.39816325155358323,0.32706551124012734,0.4694223230978974,0.3700281582147895,0.49873657123842846,0.4362911707318938,0.3333032943233388,0.4993768927864852,0.5584696368769506,0.0,0.3100611132329781,0.0,0.4802973957599623,0.6277537085415559,0.512049674159947,0.3666655145714416,0.5042256764403942,0.4659388084407103,0.40738238318889114,0.0,0.564505289078342,0.35790279020892857,0.3971971246194185,0.3859856341876527,0.44441193048611766,0.46943560012255914,0.49174639083348604,0.09506081116089912,0.4352944139904465,0.4327050987541945,0.3963819522195745,0.4663664937833425,0.0,0.42114827567082186,0.0,0.42060310140002466,0.0,0.5195258584244916,0.0,0.3457746893426052,0.28597643414700347,0.0,0.17024551124676754,0.513935671021906,0.0,0.0,0.493046106837732
2018-03-31,0.2787980372960245,0.0,0.5111202911075599,0.49160611336447124,0.33818362433478705,0.45187016431737936,0.36973091339620046,0.3835499604094518,0.30234371273158644,0.42509903576344366,0.4741825094175135,0.0,0.2927904230305929,0.3924365102399506,0.0,0.27083997810252347,0.5058728506263114,0.5443624047461423,0.33314678225999267,0.0,0.34404441132448893,0.2494160114056005,0.5705835532994835,0.3728080405883554,0.0,0.29734608034811394,0.41216749708925843,0.0,0.44769547303788465,0.32803550248557545,0.5403043829417005,0.3862683272991777,0.5443935390831092,0.49760564034973737,0.3503886606548423,0.5142547613535997,0.39552335676710254,0.0,0.47705477811810987,0.45328190606477803,0.5100723677613285,0.2827738943661071,0.4040935149421257,0.4755038173838036,0.43581203188888856,0.26043674158893276,0.43618401996181505,0.0,0.0,0.4478555198281844,0.0,0.47607493789169697,0.40495618608839296,0.42598261999187176,0.0,0.4111512905516564,0.43657056608786,0.0,0.5512454810869184,0.4971612328092094,0.383323221579646,0.366284672358238,0.47258244698587704,0.42220050613583815,0.5211692338893281,0.4442891843125043,0.33376488984082303,0.5001356643698083,0.5636216472192536,0.0,0.1689758665170057,0.0,0.49258238991562314,0.603869192553935,0.5123784052371786,0.3606592846876238,0.49410657537785074,0.4774680504642673,0.4635419789940284,0.0,0.5582762334781511,0.4044843633828354,0.45062613783626365,0.3723264540240883,0.44876072317850907,0.4676424063182184,0.489195358110057,0.3741470579551739,0.48533726997376275,0.45312332426561874,0.4399502848654459,0.4645830328535603,0.0,0.3694258539832587,0.0,0.417442345597546,0.0,0.5150346159690966,0.0,0.35958259856542246,0.2920982667167602,0.0,0.16663551299026758,0.5108012852602668,0.0,0.0,0.5512903461771482
2018-04-30,0.2364382063468395,0.0,0.5108725227784473,0.4747808055184952,0.3325540686987835,0.47578130794299406,0.36936475764837656,0.3833743131329652,0.30072170640822055,0.31630386456565013,0.4879363590187203,0.0,0.27418738562686595,0.33052250945486267,0.0,0.3780564396651082,0.49710850999540984,0.5410826567418308,0.43573069685030885,0.0,0.33748384619822985,0.3674043467008243,0.6110582808019331,0.2851445333982472,0.0,0.3008088667014425,0.399011758976864,0.0,0.45683062120057766,0.32727396581323004,0.5282997801969923,0.3842997303979714,0.5442625211832168,0.4964323603637216,0.34692457191490506,0.5195757273942335,0.39198288594540437,0.0,0.5059847552853198,0.4500055641606724,0.48584109893821414,0.26414663344480466,0.4320527938359687,0.3888256001371449,0.48390914605542656,0.28074236548635084,0.43228536129707207,0.0,0.0,0.38346174608239836,0.0,0.4724543736290368,0.38533478428393925,0.4246742543999589,0.07952651327251248,0.3743018000243948,0.4353575823556407,0.0,0.5488448766015233,0.527858548371276,0.40248781147950713,0.3010226748517816,0.46613012527341335,0.42107745223406357,0.5092340931089074,0.4158723420556578,0.3730049128810551,0.4990965041147743,0.5523943075116479,0.0,0.3314301761288807,0.0,0.4364019974341228,0.6016421812019557,0.5095497050576582,0.25456943355881617,0.47608288471425425,0.4760662031762131,0.45976133312191736,0.0,0.544650827757355,0.4069503127459205,0.3715492217027732,0.375268544598249,0.4378837496916226,0.46477916873532155,0.4957963243881825,0.2634391042848978,0.4845388806989988,0.459287032811726,0.4395678540911257,0.462707034384135,0.0,0.36995592362067864,0.0,0.42222703035143394,0.0,0.5271203582642381,0.0,0.35608062038353544,0.3110434836942577,0.0,0.1672433782342132,0.5071827194378005,0.0,0.0,0.5404474950685734
2018-05-31,0.2402398463961396,0.0,0.5607668567632771,0.46492264785705656,0.32792769741960864,0.4764915066489019,0.28370485590079236,0.39222983294060926,0.26607288972958376,0.30400870962298504,0.4801108519233406,0.0,0.25905241044286065,0.33209726058348754,0.15988979780251808,0.32546709259017326,0.5266151272330869,0.5528707836743567,0.40690113608614387,0.0,0.33511550249468464,0.36037678933546863,0.6044853857724563,0.27122305336807717,0.0,0.3056714526536064,0.40156234310026656,0.0,0.45094499178234027,0.3387429845697244,0.5306118764818961,0.37545198203275637,0.5429319161349456,0.49585883409793075,0.3472836454999565,0.5186878671387607,0.39110133008830145,0.0,0.44908734087488367,0.4039115032961924,0.4920028018487792,0.2870121383465433,0.42365078216313073,0.3753332995111668,0.4829624553327862,0.32834291114982306,0.4324704953018761,0.13266040462477297,0.0,0.3649608820265811,0.4663513074180681,0.47516692212829803,0.43896215991573917,0.42855823436380436,0.18980485748008363,0.3566400491638755,0.4371881162052018,0.2491479451446968,0.547180247781134,0.5248741603196424,0.40272295198788743,0.28861317400377967,0.46719338046505976,0.4211419202106523,0.5550500243609409,0.4027209857120808,0.37717355498748084,0.5049124954698941,0.5518728577930798,0.0,0.2838458832127927,0.0,0.4320031652227523,0.6561927836026108,0.5072821302909256,0.2581066575731902,0.4759078834314488,0.48104283439166823,0.4120258710287165,0.0,0.5457137439208279,0.4084371057803953,0.37109196253676985,0.38536671000747674,0.42751686153237617,0.46084949030458044,0.4958040704848129,0.2618901648071682,0.48493709984143046,0.4618873691832213,0.44239554499755956,0.4630316998070709,0.0,0.3530848121922489,0.0,0.422223020118804,0.0,0.5236293725872934,0.0,0.35771030729761094,0.3436667854030483,0.0,0.16978231232904079,0.5043768814579991,0.0,0.0,0.5083806545233515
2018-06-30,0.25071809120548216,0.0,0.5628243429844162,0.4556485389551064,0.4581663947889234,0.4743755315017086,0.27663628945057206,0.43314179382434287,0.35488694238982155,0.3791756166655966,0.4620196135403999,0.0,0.3669605363730642,0.342507342724522,0.24893951607639528,0.3918781847930277,0.43161650718208117,0.5340033133260211,0.43475460896191115,0.0,0.3489051144137249,0.3502487575206935,0.5693385522781339,0.3142721651998134,0.0,0.30666138768134193,0.4001460274646926,0.0,0.4345385450577692,0.4917838411914384,0.5350029564763685,0.3920753500994573,0.5084696911147648,0.46727033035807614,0.3435127331801882,0.5243975487846538,0.38871524748149344,0.0,0.45092703042492066,0.407903395561345,0.49118742106273344,0.31172637818142973,0.4653317387675764,0.3594107493830818,0.48066620715567876,0.3236255089794587,0.42952958220830184,0.32663479142517843,0.0,0.41643226028372077,0.4413615492448052,0.47727442176350887,0.5015488655569728,0.4480723216592399,0.4966728071471328,0.3447684441176093,0.44767781366818193,0.24815708514131377,0.5267471382494787,0.5462469288432056,0.4012895164909765,0.31697397534140426,0.4665494876875214,0.4197180531863111,0.5237309710446575,0.43973883438803646,0.37673286657887783,0.5016119480272404,0.5504426853815406,0.0,0.2311726867109365,0.0,0.4649077823393444,0.6278309737378427,0.5149418370773596,0.2598976677105217,0.48390431898374486,0.47999065050241435,0.3865208594175897,0.0,0.5519943440819146,0.4069417489845844,0.3688298865031621,0.38706482719369434,0.4433591348351854,0.46205640228414774,0.49561234601688137,0.2560051751597289,0.48383888271983966,0.4611480484201159,0.40182089619503025,0.4609849184501894,0.0,0.35174807685564885,0.0,0.4383973710050893,0.05671468888544292,0.5190862078293766,0.0,0.35627260009407263,0.34282035878021555,0.0,0.2717007389099048,0.49970717626902184,0.0,0.0,0.49363038449759883
2018-07-31,0.25265935048728805,0.0,0.5609020628633199,0.4496261206016719,0.45417453477856096,0.4740517582235545,0.27656865833124117,0.428664286613332,0.3493986203051511,0.33589694802012887,0.4948833769374358,0.0,0.3678415507146594,0.34322050512424285,0.23100965548077276,0.3889036355131491,0.39272008127577374,0.5322291681132358,0.4075222882210492,0.0,0.34578753610176954,0.34490219993415344,0.5660814264028053,0.3153129762068248,0.0,0.3098568642929649,0.4015952328337615,0.0,0.43297526798863123,0.46807069455856143,0.530535814645121,0.3931624323914739,0.5545208389409415,0.5122377138247834,0.34298167461222606,0.5231314254722802,0.3884834621490903,0.0,0.4491853507138479,0.4047629372788151,0.49449652656309473,0.30501212333200994,0.451405079753225,0.34655659090536645,0.4800260859039565,0.3524497856122085,0.4713790769341184,0.33030171983896617,0.0,0.41875381890718777,0.4295706647079746,0.4783753544722223,0.4794850799820496,0.4863701714462847,0.5338836417931216,0.34076115134775253,0.4886510318413675,0.24882845551101535,0.5676474276549605,0.5433387526592826,0.4020498327301448,0.31823120902972146,0.46710964823394296,0.41978233759326694,0.5232283007936017,0.47811601462709674,0.3793310737674674,0.5039731174510446,0.550416051075709,0.0,0.22610618079951195,0.0,0.46094311902439555,0.6265911209639001,0.5115765899450982,0.26255105233752096,0.4808647521453216,0.48039322147681546,0.38358677520074114,0.0,0.5516010373011535,0.4078141855362729,0.36454723519064364,0.3899727556083982,0.43995003491383067,0.4611525468242327,0.4951919284056277,0.24773627578524468,0.4844516304734262,0.4533251940707861,0.4033617330927713,0.46088496851109234,0.0,0.3520258057583304,0.0,0.43791245779051957,0.058459281367346,0.5163106214013959,0.0,0.309566916918011,0.3784613797773065,0.0,0.24092351069729742,0.4955219220845114,0.0,0.0,0.528450383305986
2018-08-31,0.25343036391306295,0.0,0.5602622071920433,0.4424877915967821,0.4490213109695479,0.47196856551063915,0.3094105072237908,0.42451122308310796,0.3442252371784573,0.2887064713119,0.48619193867318344,0.0,0.3466224593996403,0.34315747190904555,0.232826861761067,0.38495594242274783,0.37657136947542325,0.5283110486839412,0.3811781739901462,0.0,0.3420298149433777,0.3375924337691106,0.5587598046186157,0.31558169548149223,0.0,0.3113799003330223,0.4017600955136829,0.0,0.43111052297066477,0.44216536482105695,0.5299900984611452,0.39264272485301444,0.5535516416867718,0.510727937744791,0.3401259625321357,0.5210280921758759,0.38725743624358905,0.0,0.4255053393790969,0.4007691031505908,0.4941624932919504,0.29987251840258045,0.43575543912500875,0.33570236681047794,0.4785819423811625,0.3448217226428254,0.4720488460495577,0.3215343588798611,0.0,0.42025796459222997,0.3447385334659431,0.4768183011527345,0.4600978653308483,0.48414313716213925,0.5242423876613299,0.33667938401848585,0.48724673549678665,0.24884695282269081,0.5624658036564445,0.5376882594031677,0.40174267541092146,0.31884637656639037,0.46674164877992047,0.4191854413282719,0.520019442308836,0.47341064286455764,0.3787545723666346,0.5010456693951648,0.5498635794710339,0.0,0.22153414501692284,0.0,0.4560508987572215,0.6234611715447174,0.5087992632882032,0.2646185072584147,0.47963807982339096,0.4798876253682908,0.3796079033071844,0.0,0.551639433668728,0.4069728037789844,0.3629268923842321,0.39205681278277427,0.4352030237168688,0.4565483996204043,0.4936701488887811,0.2306648308608789,0.4842650257458026,0.44639240077597037,0.40299950830456926,0.45936259170187344,0.0,0.35085110289546684,0.0,0.4364237588733577,0.0513517239106219,0.5129572586159135,0.0,0.30616275586857467,0.37205694930042904,0.0,0.2252369519646737,0.48936146927915786,0.0,0.0,0.5213208713940545
2018-09-30,0.25477636256020075,0.0,0.5612097159045861,0.43237202090896276,0.44526029940521133,0.47089052583679214,0.3103277505625716,0.42226615046940935,0.3415583540336462,0.25487995368094685,0.48171796171749787,0.0,0.3283608772115712,0.3437461353447788,0.23333136616837935,0.3825782648725598,0.3701337366296236,0.5247790398350369,0.36261364214459413,0.0,0.340573313134514,0.33388986380762414,0.5550309166696134,0.31633689323704495,0.0,0.31343861830641795,0.4027130282721161,0.0,0.4294007225944594,0.4225328377602785,0.5305913064573985,0.39290622961797594,0.5536677253303354,0.5096816129648486,0.3390698026889355,0.519936819141962,0.3872621327198502,0.0,0.3664872647306727,0.39782432826421427,0.4954006898202709,0.2974735679680031,0.42482741530410084,0.32700999531680564,0.47814859372839813,0.3394761661857598,0.4736684174703229,0.29592133384805563,0.0,0.42210836901599796,0.28853948526951406,0.4770415185764561,0.44721771339305105,0.4838448097344666,0.49151271215883624,0.33579797821143736,0.48674413864301447,0.24922706819577795,0.559205346962146,0.5330923691492212,0.4024672706163192,0.3201302991814601,0.46690855978126505,0.4185123016023573,0.518623134599583,0.4697868871451048,0.37919526858345387,0.500685099778479,0.550059193428977,0.0,0.2186451327105896,0.0,0.4526044166945974,0.6211933603357719,0.5071194362140939,0.2666555256757359,0.47778911790753953,0.48012451155748903,0.3770700958411736,0.0,0.5524026072904391,0.4072643591420788,0.3625805510191452,0.3942752820305338,0.43177290067519947,0.4547478314536183,0.4932188763918803,0.21650557498899486,0.4849020345394977,0.44243671626694625,0.4037574144788291,0.4589137687629689,0.0,0.350452620173902,0.0,0.43557251271207986,0.04105250670217266,0.5111105272374189,0.0,0.30422155637914594,0.3688576064977059,0.0,0.22038843691373444,0.4839890907237665,0.0,0.0,0.5136468896401243
2018-10-31,0.2662177376892917,0.0,0.5657616596630127,0.428401470864855,0.4860195178276346,0.5094526063119946,0.4713431742671047,0.440932085494398,0.44484234704089387,0.3069769318652971,0.44710828314983236,0.0,0.40501491055308214,0.34459066125199334,0.41697320643335356,0.26526085554712187,0.5461491685372996,0.5739914915173184,0.39341470645105986,0.0,0.36720904229438545,0.5156789416553352,0.5679933982665787,0.35650217779592275,0.0,0.3284005369848868,0.42686764371851554,0.23912282780225014,0.44539356950183606,0.4996147506063518,0.5542069377499982,0.4370496429594158,0.557964285465501,0.4774813621356553,0.32284145220036997,0.5081703272411078,0.4541934389651713,0.0,0.40263890481719683,0.4198396622645224,0.4956680519503551,0.34376753861390624,0.4650681921340247,0.4452765468095645,0.4772762530900975,0.3204359073795886,0.4718562414003307,0.23225117716777294,0.0,0.4172554191420864,0.41141999480116137,0.4851365284463018,0.4944338308752313,0.4810332366886231,0.5094734859317943,0.6148983348419677,0.4642820423749335,0.41735157444078447,0.5630638926013075,0.5740404259333344,0.4606430531888975,0.3325561394821185,0.45427821559367876,0.3281173951989685,0.5164243097066972,0.46179857031225535,0.38513964105210374,0.4985835859666503,0.5467678183633708,0.0,0.3182608927971338,0.0,0.484159159207096,0.6376120928739455,0.4817073022335525,0.3471004708579031,0.48189247383772854,0.4841444646440904,0.40270428998005353,0.5000555467434212,0.5524853902541053,0.3856750314517342,0.37414709431808735,0.49157779280675346,0.45029050457511055,0.4521315863982089,0.5101978801062418,0.4372101055089738,0.520336363780337,0.4379048690463518,0.4312831717368188,0.509800891988834,0.42862323176552924,0.34973454971705464,0.0,0.45222564921798664,0.45371091356103727,0.5457328336241812,0.0,0.4257735982549341,0.4080818705672671,0.0,0.36973479180432256,0.4770376246020026,0.0,0.0,0.542996508233642
2018-11-30,0.2751913041975471,0.0,0.566962463336656,0.42252806651818287,0.48330716613090136,0.5318054498195709,0.5362971732443431,0.45159533230155985,0.5101004986917408,0.27738194745843897,0.43704654761418377,0.0,0.3873054787454078,0.38699360115431575,0.4726717378790942,0.2634793974282038,0.5473272532193655,0.5695223647064751,0.37594510640531603,0.0,0.4124283230290355,0.5261795077552102,0.5808260348138023,0.3523183542765125,0.0,0.349295331830423,0.42568330274320626,0.2787789010677347,0.4930613099984392,0.4967822383236412,0.5438801714455916,0.4372348052784282,0.5580646394401121,0.47638763453894795,0.3219153812408943,0.4330899529443112,0.46010807872203036,0.0,0.3548810666944631,0.4164975075554686,0.4971630996004811,0.37493763320650625,0.5004589316287116,0.4284171776276638,0.4738029355926964,0.313742977591949,0.46629096608337295,0.3331451682311364,0.0,0.42491424828455,0.49046014622863576,0.48101839042593175,0.475357233650872,0.48102603846753256,0.5535432638932875,0.6096844014640325,0.47515470224172013,0.4103644749490264,0.559938814450182,0.5826632191561736,0.48238356701535395,0.3610747312860792,0.46018179469312526,0.34510944499550333,0.522155165704961,0.4888651134001101,0.38884908181040956,0.4983712131239625,0.5512387142288019,0.0,0.312367380407903,0.0,0.4956188918822105,0.6361699361216177,0.4782862053579732,0.3278252842184372,0.4801910793578874,0.39699344687815297,0.4117727985232035,0.5710500996576977,0.5532890935947236,0.38548871899553255,0.37013219832033256,0.5184561795947477,0.45463590399454235,0.4202089598215987,0.5092435701873458,0.460394528122176,0.5336274481825263,0.4451215361159289,0.43161328677999006,0.5095125839013751,0.45075223441006285,0.3494448583320011,0.0,0.4980804847288675,0.4486874561988223,0.5616178246089454,0.0,0.4324497487891106,0.4426005380959002,0.0,0.3391236080206566,0.4704869496728905,0.0,0.0,0.5570636973214734
2018-12-31,0.27665613504106107,0.0,0.5708412529274488,0.4193059111442737,0.4734263083075185,0.5950752297282994,0.5722018761028143,0.48404884017777194,0.5313599786099404,0.2532805978626939,0.43685861088259825,0.0,0.37452212549407643,0.40749563982560805,0.5084026794802224,0.2637104146592236,0.5404966489322214,0.565392033563429,0.3649877638409118,0.0,0.4360041925598353,0.5202765815431992,0.6371609978488899,0.35028425370775973,0.0,0.34614797771182315,0.4265965241023073,0.5276809227465925,0.4942413592325312,0.4964954733599799,0.5448472705409926,0.4988228290823053,0.5602482059356374,0.47598613825104974,0.3236552616508882,0.5492315191899505,0.5102801285944982,0.29672056243577377,0.2712973217530419,0.41430169418411616,0.5015612195284811,0.3463348179278238,0.4609990119600773,0.4132601748885857,0.4944210159423559,0.3095683022012113,0.46449296757641373,0.4230615701471074,0.0,0.48018671643053373,0.5831560006794216,0.48136814331224254,0.45681327402808364,0.4840035151515426,0.5351589123241924,0.604815771700867,0.4780454649586432,0.4244495005722873,0.5590340340442489,0.5953413938224316,0.5124521774855981,0.3925924751485737,0.45798904586207034,0.3623546838008624,0.5234041035237976,0.5117596021449228,0.3924532297175064,0.5026122579514253,0.5491249068158277,0.0,0.3731975313505388,0.0,0.5418727654372203,0.6359198182565694,0.5241576692996683,0.34687530578024445,0.48006751122318525,0.4859002356170591,0.4615103352286816,0.4516557927643735,0.5542871279234961,0.3874301951699896,0.3678696663289505,0.6097067580492345,0.4853751326786223,0.4244722150780287,0.5098235353644064,0.5244853079761786,0.5664087642978767,0.4746366511022081,0.433898690938432,0.51078453165486,0.5211697226737623,0.35059844991607364,0.0,0.474562495991031,0.3968756213097432,0.6139453471773069,0.0,0.4178980211272881,0.43436889954484026,0.0,0.3093311889501614,0.46522674590838947,0.0,0.0,0.5726917337539074
2019-01-31,0.2785373795078238,0.0,0.5744714759731363,0.41693122569079544,0.47338331566873243,0.596475797889428,0.565283046653331,0.4800279817857176,0.521492298098165,0.23574472059267768,0.4378837635049815,0.0,0.36435368102137344,0.4067002773660703,0.5039226640714711,0.2649583220229253,0.5451943853158662,0.5596714815353888,0.3576232713989898,0.0,0.45501854854609175,0.5185572727342639,0.6345957583628196,0.34869908950168965,0.0,0.3419798747600739,0.4279780866669967,0.5433419905338546,0.4983352359968379,0.49930677899379905,0.5459871350282082,0.5010364120368895,0.5629302556031007,0.4753580281562161,0.3257033152881724,0.5470625852550179,0.5226684971334243,0.2888743341583711,0.23874595372647442,0.41174537908157866,0.506068766061576,0.3376355993681308,0.45370443010891076,0.3975570195019144,0.491812224537739,0.3058080903366796,0.46471065757595,0.3361782560935414,0.0,0.4782589375341253,0.5847862073255892,0.4832893580123852,0.43537943464882845,0.48735157469619,0.525172463584816,0.5989107761444618,0.4800553812421555,0.4112945706626886,0.5583719252896551,0.5971836989749107,0.48761344828294395,0.39841455105054985,0.45724962467309965,0.36298092623372713,0.5248529088674115,0.5076789062571693,0.3963704826497571,0.507687673395793,0.547259436677795,0.0,0.3634842028391178,0.0,0.5364506724247976,0.6354100888138549,0.5229901851183781,0.3477397678804034,0.4801594017337383,0.4875029726664289,0.45999390091702963,0.39299248494613775,0.5552521805651531,0.38985268425958974,0.36664143200862825,0.6063914976404542,0.48257657340697735,0.4291224468905333,0.5106556591242554,0.5330918776309452,0.5626736697430089,0.48826736937342824,0.43653546323658743,0.512341763711745,0.5283771676382781,0.3520626577473035,0.0,0.47290076052100927,0.405494534309397,0.6275829485683835,0.0,0.4133696478066982,0.4281079967953073,0.0,0.28552732819912285,0.459798405796142,0.0,0.0,0.5665105384219943
2019-02-28,0.27972672986592917,0.0,0.575845636702738,0.41491788095097043,0.4728047775979608,0.5970774907713909,0.5588245742795355,0.47881012295574354,0.5127145130608107,0.22881856807665932,0.4391357247430889,0.0,0.35838420503751034,0.4055641024183398,0.48862901051675417,0.2658783758095854,0.5391247697472819,0.5532758683353046,0.3535203782210962,0.0,0.45021534506581246,0.5165210134651865,0.6314544110548262,0.3468512388094582,0.0,0.3385091657535343,0.42920053117660784,0.5416593471635192,0.49549511786416006,0.5039412061352413,0.5463850953906035,0.5021905527147407,0.5639109321126633,0.4744767547100192,0.3261458837843127,0.5449253944520622,0.5171090814792344,0.19199854559841922,0.2088846939763166,0.4093076323621763,0.5081583525829332,0.3324379241336297,0.4476123782509795,0.3861491894335826,0.48930991622622866,0.30350446483868476,0.46564378447986743,0.31925037655593486,0.0,0.4766008398816848,0.5822649457930542,0.4841900025089178,0.41831703210294496,0.4889442155556841,0.5013695363247432,0.5907483298210815,0.4814531081886869,0.3916171914943244,0.557356554803636,0.597354140524256,0.4861621862973317,0.39787840246380407,0.45702204245232864,0.3631637269697606,0.4972364875632292,0.5035434982772182,0.3983565750163028,0.5093492158484058,0.545974217072873,0.0,0.36045295820073153,0.0,0.5317406310196365,0.6341329124418813,0.5218818301883319,0.3484065947264914,0.4800158139726813,0.48859157204418974,0.45824173912699007,0.38991206238198517,0.5558990953637488,0.3910795121283342,0.36335916230776344,0.6033069310081471,0.479662628966149,0.4315855427901183,0.5110095785368887,0.532791393493106,0.5592407290991754,0.4873980740885345,0.4380117020104972,0.5130866664945436,0.5287989931816581,0.35268341768137335,0.0,0.47111107212829745,0.37101801067413004,0.6232460673949627,0.0,0.4094897844259392,0.42386921723928456,0.0,0.2744771973980344,0.45521634318921567,0.0,0.0,0.5604129095087832
2019-03-31,0.2771809968943527,0.0,0.5754879243510963,0.41180712225748595,0.4711229313958562,0.5964567656230729,0.5503956708952673,0.4718818432314233,0.5008761511626884,0.22503066690302956,0.4738007603688202,0.0,0.35374962669841004,0.3904476591659711,0.4579351403305382,0.3930947101982297,0.5180634499760567,0.5447059693042405,0.35014468849672065,0.0,0.4441836408911826,0.5111389174631801,0.6265386376547629,0.3436069213399316,0.0,0.3341968847212634,0.4293920936972592,0.5146096529207256,0.49258616143101674,0.504490096127068,0.5459306268814919,0.5018585027467427,0.5626566564378103,0.5152280169927819,0.3245780802309139,0.5421079817486328,0.5105480209577298,0.12432672461269778,0.1791278609690435,0.40647582540461147,0.40465528553475777,0.3279058169726185,0.440278637002134,0.37426213709864764,0.485875541852897,0.330250785131996,0.46470792170533826,0.29250529759427246,0.0,0.4637821365562528,0.47795004412710584,0.4827818014041045,0.40402482837336817,0.4881119358425867,0.46967153705008746,0.5768555057074705,0.4810435717175085,0.3697540340209477,0.5552938647769046,0.5907801231110346,0.4833560157473383,0.39688614817736895,0.4563184503689854,0.3630635825781835,0.4955184257673439,0.48810159628798105,0.39835747998278864,0.43953685815855836,0.5447984648119666,0.0,0.3564700409539194,0.0,0.5100718489887597,0.6313836257066525,0.5205275675636193,0.34792761775219316,0.47936605743553096,0.48912066184643993,0.45517195788654974,0.3902522660018216,0.5562409440258385,0.3907981800273829,0.36160758342340105,0.5983755191337756,0.47579440275508683,0.4725265496696208,0.5106249865823567,0.5315697426869995,0.5550684142035873,0.4184884724151696,0.43826570041087487,0.5127451273792367,0.49989723388892293,0.3557406623080923,0.0,0.4686379690845485,0.42107416695037453,0.5840620661314861,0.0,0.40346606410896557,0.4130629147639932,0.0,0.26814037277708835,0.45031065611410664,0.0,0.0,0.5507152799945478
2019-04-30,0.27850567356590733,0.0,0.5759982780891648,0.4097327934037046,0.46990918843018564,0.596469827697393,0.5442379674413111,0.45870017567306653,0.49066381441882634,0.22487500609103003,0.47585089399222846,0.0,0.35148670289885564,0.38944420007670205,0.42364587399724457,0.3918781825578581,0.49291512279190575,0.5354733911277958,0.3494028435509818,0.0,0.4394059111464345,0.5065447855114849,0.622284798755015,0.34144728502673605,0.0,0.3310659365760138,0.43051798280431774,0.46291913194688034,0.49061272994527366,0.503132876661135,0.5462992764669546,0.4989442957294764,0.5624048609264081,0.5139551143222113,0.3242014018080133,0.5397873317238953,0.5053128134711062,0.10644060436538225,0.1582427466565952,0.40411361536752727,0.40602994418254934,0.3250823954983432,0.4266272946754071,0.3637306815003464,0.4834507645254863,0.3285263774030723,0.4654208051357139,0.2646957600876038,0.0,0.4628457783804917,0.45272680465788967,0.48304227535273936,0.39564785569261257,0.4880516579042647,0.44233372736442805,0.5612123963961226,0.4818684482511076,0.3561843043250845,0.5541010501621271,0.5892905950226098,0.48218744920450796,0.39666407841185714,0.4562477859332657,0.36354872903414565,0.494917516150152,0.48353911094062724,0.3995888096152902,0.4391558989199948,0.5441913742473734,0.0,0.35317662923831833,0.0,0.5050169678994392,0.6289290448750354,0.5198582276770863,0.3483999386804239,0.47940246770798306,0.48378795182607465,0.45307642700759726,0.39205547021497983,0.555505960561423,0.39149231267909385,0.3604833344482479,0.5951082471170414,0.4722753983734801,0.47428252924456477,0.510925931559746,0.530994323609187,0.5517294908171879,0.417832238967564,0.43945696451767213,0.5131828764276514,0.45450869861862103,0.3559150468900827,0.0,0.4665479296451526,0.31892836496510124,0.5795851144358174,0.0,0.3995974830318277,0.4108659896456331,0.0,0.2669521059552237,0.4462808928129792,0.0,0.0,0.544352917807432
2019-05-31,0.28933902621867313,0.0,0.5796106498691124,0.4077417954079253,0.5267562302206548,0.6067342604536404,0.5501114997805412,0.439173154101051,0.5389854691496555,0.18097961271830693,0.481778632043378,0.0,0.4153058696752459,0.31763765943779987,0.394545126106892,0.27608606176396816,0.6053287707166869,0.543131740364703,0.46028330148388963,0.0,0.5152783926307244,0.5974009655738675,0.6324269358340651,0.373109084008488,0.0,0.32323550374303545,0.4316324671328721,0.2845006873890324,0.47871914788265385,0.498169426264372,0.5354867083072541,0.5169393743289709,0.5831219123636414,0.538171706508051,0.37579960137766516,0.5373936302595944,0.48473115043610093,0.10161943781627328,0.14561612578171343,0.4364942612471292,0.42505757634880964,0.3759653364016389,0.49792725219936995,0.3538420172902442,0.5441535760854532,0.31086175787704623,0.5171178638634708,0.24069323817713378,0.0,0.4254861420375507,0.3810575266641931,0.5271936291182157,0.43922483139727164,0.5166129007915004,0.420785258597477,0.6402991668547059,0.4762251400448284,0.34898367801245034,0.4748780927348751,0.5957888052716747,0.5141783943822116,0.36022810925421334,0.43981914553234064,0.34998157665301904,0.5505838331433415,0.48597065046087956,0.39721669340040855,0.438388297857309,0.5520146218780347,0.0,0.3499687643707525,0.0,0.461342143141706,0.5607068641843619,0.5159638984377269,0.35527258415558244,0.4379979552427248,0.41657470957495574,0.3215423837981754,0.5094350479053275,0.5563325984969859,0.45016986484549204,0.3594174949623715,0.592065649745121,0.4741744511716509,0.4825450492713585,0.5144312876377589,0.5302800256796277,0.5407680521776902,0.4446047388413949,0.44073597524390173,0.5222798933153135,0.367216464420969,0.3748761424965659,0.0,0.5130927011954798,0.3004822544768926,0.47920580739756274,0.2722635823669434,0.4520301310186928,0.41817123930397443,0.0,0.4309084506429413,0.4426063198548811,0.0,0.0,0.4845884365839624
2019-06-30,0.2843118806286838,0.0,0.5717172153052331,0.4065370340818129,0.5261490796347867,0.606773835489912,0.5464500992471968,0.38389302814931764,0.5311639554669764,0.18328216319685212,0.4804543997084607,0.0,0.4040059614891694,0.3167657977242919,0.3768927541144879,0.27772028194748327,0.5658974575666988,0.5239168745076663,0.436930059416652,0.0,0.5128552691344906,0.598711448135362,0.6292361195420314,0.3720828803116282,0.0,0.32022038876274067,0.4330717928508344,0.2577384198388598,0.4754577011229721,0.49308575068848953,0.535755803739756,0.5077164352690678,0.5826519707111741,0.537420370039912,0.3753483999322287,0.5355455064714593,0.41428905814919864,0.12903860546617368,0.1402809860534048,0.38150075417446855,0.4259348177807219,0.3697883644502438,0.49228027176489153,0.3443236363490295,0.5414075123187715,0.30929910698518936,0.45011266100924,0.2258072714043973,0.0,0.36089051835211233,0.3522190367642439,0.5279072369840452,0.43214337659846913,0.5165242633009585,0.38883325607434377,0.6149630293359613,0.4771796404683833,0.34821368294003,0.4738625780296313,0.58790156717759,0.5129760217266215,0.3603428182433917,0.42770888419865927,0.31979426490715956,0.5498378937080133,0.4514445365724281,0.39847868443489537,0.43773536896333526,0.5490514822465314,0.0,0.3477974164209408,0.0,0.4451170391460203,0.5357719676598293,0.49869134251109726,0.3565903655036049,0.4159193665166772,0.41684687008337207,0.3204269571661687,0.2938531546963304,0.5572114248043791,0.4300430418415328,0.35875643901229126,0.5901953475687352,0.4722147684857704,0.483826233425727,0.5143887492406456,0.5167267609937959,0.5212635747829019,0.41537589531573005,0.4272902162768198,0.5223683383404676,0.34945586963046077,0.3749656825425278,0.0,0.48653746174383117,0.29749843113982255,0.42778730804987,0.2704603830217074,0.4260502325535922,0.4145127199501265,0.0,0.42848730924834294,0.4400310046466272,0.0,0.0,0.45601489210118107
2019-07-31,0.28498269042903224,0.0,0.5715292709457106,0.4049897511361481,0.524993948021027,0.6063386983781254,0.5414262385462908,0.3751295917650518,0.5216820924052994,0.18649122146599775,0.47943266760022835,0.0,0.3936919149708689,0.3157979097109219,0.362987103297346,0.2765366128476197,0.5446892219096673,0.5135323991353172,0.4268395377799662,0.0,0.5101814963846203,0.5988007637320499,0.6249020095736589,0.37067511812979353,0.0,0.3169200301386465,0.4264775273032685,0.23835753321406497,0.4722852258877633,0.48434627050094636,0.5358327246932184,0.5074013312174841,0.5811124278492843,0.5365669150575083,0.3741346780730701,0.5333644373625815,0.4113208676224297,0.1254880060165693,0.13637917054798632,0.37901375905329615,0.4260144820148192,0.36413371680090295,0.4858927590230117,0.334821288465866,0.5382186588128086,0.3074843082943696,0.4504612988273484,0.2130012835868976,0.0,0.36125865880556773,0.3124442869038554,0.5278841909358953,0.4258433775868907,0.5154947301060564,0.374063061163175,0.6067841089970336,0.4776587419156179,0.3472779643285158,0.4723150215746642,0.5848495998212748,0.5114306988983184,0.36050037169942317,0.42780402517419597,0.3213272844460538,0.5484164678294202,0.4467732162488917,0.399173284183581,0.4354235945534254,0.5481355129768337,0.0,0.3454984032692547,0.0,0.44042540494630034,0.5332350952782219,0.4981902187698152,0.35787314713914375,0.41617119004331965,0.4170836265553863,0.3190190563868666,0.26636345506848197,0.5581649698224638,0.42974798777846523,0.35796137552484353,0.5877064433842393,0.4695350754790115,0.4844687042567042,0.5141777714597789,0.5117076105905198,0.5186635911687826,0.4138960761737052,0.4278521522879184,0.5220968989513654,0.33779144581344844,0.37455499189244496,0.0,0.48570833548795345,0.2908335413097559,0.4234717520550015,0.2698434019462656,0.42220186566842766,0.4113431523063873,0.0,0.4198071850055637,0.43740989308397293,0.0,0.0,0.45054766466864204
2019-08-31,0.2902526419691889,0.0,0.4999671388088913,0.4015132892091224,0.5467184257365857,0.6160239797786935,0.5315066189612062,0.42509529580257466,0.5436545798496041,0.27098724283555325,0.5741046206418614,0.0,0.4523852784655516,0.34431483545805325,0.36004271408505745,0.287432783762614,0.5397603980571755,0.5216200521571268,0.4497673145562502,0.27063152103850036,0.5811942141903533,0.6203170417479946,0.6739116787243112,0.36804152971976534,0.0,0.3122506489609423,0.4289796687674896,0.28325479461463393,0.49708674430469874,0.47042075658414967,0.5592916138308737,0.5029712185847751,0.5760852893153187,0.5561684563035757,0.3701267120598929,0.5411380536960112,0.41454508487691416,0.2475128220363247,0.3416141350063925,0.42272841583031606,0.45566836675306915,0.35887533986597053,0.49270111125405747,0.3797796516490777,0.5215243076883249,0.34913969102272874,0.5157107807812645,0.28907955463017254,0.0,0.38790587978824276,0.3884538162819132,0.5233782685142497,0.48848872027399876,0.5107058507684266,0.39314997750735925,0.6245768370868392,0.4607948144212222,0.4472353603663939,0.458354910719237,0.5790201992243794,0.5658589511526687,0.38410924530010526,0.4482668637218313,0.34607445375563756,0.5297287431210389,0.45933631976348743,0.3585788038863962,0.40138965930547926,0.5607005638293729,0.26767560001320073,0.35414460972857426,0.0,0.46690271739376843,0.589260684821157,0.514278169385174,0.39992100778381656,0.4474386851490514,0.43032899533493685,0.38047029369245494,0.412469239957038,0.5679372500988347,0.4694276585863777,0.3561472760122581,0.5820884753432727,0.48177549809141135,0.44441570225587707,0.5151008960356794,0.5340887494970342,0.5494969662499996,0.4459780671388533,0.4185820325127305,0.5226659797986714,0.331477117510174,0.24812292963177143,0.0,0.5234140186818307,0.2937973573043944,0.4686974269897058,0.39586102272503026,0.4568034800640714,0.4601659623056342,0.5534222827469598,0.4656776497696719,0.4343370900480786,0.0,0.28009225468542753,0.5167661542895526
2019-09-30,0.2912595724908907,0.0,0.501230134794245,0.40102292429182274,0.5479266041959081,0.6163382293657621,0.5281931505025007,0.42371867068588287,0.5340202783524877,0.2702245890095216,0.5656189129188672,0.0,0.4377342939594995,0.3302483307608465,0.27297884469472516,0.29040426351861215,0.523845213194529,0.4929493631546644,0.43781682398643984,0.32109186567702286,0.5775472860055009,0.620780144353097,0.6706383750238267,0.36786098447038007,0.0,0.31049463690080514,0.42841002177876714,0.2743284157141782,0.4937282060612896,0.4597387021394396,0.558976449616294,0.5030913414777146,0.5756797464081226,0.5558029655340702,0.37039007767982773,0.5395270621589627,0.41200499326629036,0.228295065078948,0.32625587870633477,0.42043953649446547,0.45684968005159704,0.3546431697016624,0.4881607649153736,0.36875471752122685,0.517922543734389,0.3475973955252046,0.5120109810224084,0.27059882819145226,0.0,0.38810650676330266,0.35674975277648435,0.5245948904265151,0.4719068567125124,0.511140606628951,0.38928322284616407,0.6206142846113607,0.4595757198579739,0.4286527258800246,0.4569639609197382,0.5760456868330807,0.5621053541381599,0.38406825144309886,0.44825910842928557,0.3475399374775718,0.5302417981670923,0.4557952575448603,0.360138125055469,0.4029488987631129,0.5591061265380783,0.2708673092910757,0.3521313178655706,0.0,0.45725913639707777,0.4780514795688483,0.5134268983517012,0.4002442287681553,0.44672506073099,0.426429122240651,0.3786522288463683,0.408176926181579,0.568206430043375,0.4681657046901334,0.35613750224020485,0.5811467388709229,0.48030114692236153,0.44597555979226194,0.5152649519868049,0.5256148869291747,0.5463756163235697,0.4441642015759331,0.4177334682434093,0.5231634416937817,0.3289286164968778,0.22886294542448268,0.0,0.5218270912549997,0.27148008416864006,0.44256249339590104,0.3573142480503155,0.43802012913413857,0.452891176124269,0.5526957734534524,0.46533557391239694,0.4331574674281844,0.2573986134960047,0.3133313938735435,0.509829250931082
2019-10-31,0.2988699571023348,0.0,0.4289233394097133,0.3996632675903874,0.5563265530918119,0.6197527659650317,0.48676314437130347,0.38235223537878016,0.5407926893150884,0.25072118185438624,0.5482482207522822,0.0,0.5034491542649968,0.3532138573506508,0.32049736045429583,0.29271263651240537,0.5957015045170997,0.5087342737961635,0.4746593818540543,0.43017581004027,0.5946057395650779,0.619259887499161,0.6734117828846671,0.36704889233202126,0.0,0.3082512582459991,0.42667192444064755,0.3100946042766641,0.5086685701205678,0.44706301661156145,0.5715451511125227,0.5020033415956323,0.5668369658543728,0.5125907374328841,0.3337741788511006,0.536721525507914,0.4085441654374555,0.2171068174792114,0.28767518793707797,0.4726224205144449,0.41114063435195364,0.360485105674996,0.5105753059092204,0.43075700289740554,0.575840876536995,0.31198673016120243,0.563592278739329,0.24899307544467827,0.0,0.3855498158764738,0.3593884006926434,0.5280364070520067,0.5068100295822155,0.509645237165556,0.42713963732838467,0.6128870080726992,0.45669991506689384,0.4119789493301997,0.4544879264443023,0.5709822605305407,0.5415665032468387,0.382928489295713,0.44527345115778666,0.357925247288186,0.48182476912419336,0.49349230971987457,0.3971328586242561,0.3875796700465788,0.5649685031515724,0.28660648815510176,0.42488406277342317,0.0,0.4623563376941209,0.4891567770152075,0.5184183134800455,0.39078251325459923,0.45634115636088574,0.42226432328984603,0.34903716383948646,0.4754814653228993,0.5723592834780664,0.4823002269145063,0.3555172093138704,0.5787698055917871,0.48522193794585716,0.4459586964059795,0.45835164336444395,0.5131368547274214,0.5492370877536443,0.4418610446145174,0.43578074302750436,0.5227894310929669,0.3284995694875075,0.15458213212237254,0.0,0.5195555076502754,0.24637654389756758,0.4657779534163694,0.3189043425043192,0.444409419634557,0.46085349158054206,0.527330008872901,0.4616040478611389,0.4316443687073714,0.39243907646629644,0.4626457341297207,0.5214285738651121
2019-11-30,0.3006427308865552,0.0,0.4333625910556488,0.4012553510119759,0.5592355114518851,0.6214951047713304,0.4879741904232194,0.38328085334734435,0.5344141153780136,0.24828191606266342,0.5439859327424073,0.0,0.4910611472774894,0.35288556654619535,0.31458435648218436,0.2978820988642523,0.5922499402482392,0.5011642947243163,0.4698664967056442,0.34359372987878034,0.593053672173719,0.6242944106758503,0.6725605352849325,0.3683224855838896,0.0,0.308646341070231,0.4271436636926937,0.30232753566336573,0.5007521399114344,0.4403859902980626,0.5718244241504985,0.5037452653670117,0.5689768882143879,0.5127354314619889,0.3364659265952235,0.5362190688663859,0.4083028546861679,0.21280940342127047,0.28208473401464246,0.47063451592705074,0.41541118591082177,0.358542305029489,0.5078517946738208,0.42099604306122174,0.5737630875271114,0.30988544669127244,0.560599400170272,0.2360300432724713,0.0,0.3825203798458827,0.33139617690939405,0.5325292875527863,0.49662532429173484,0.5133343625390866,0.48649439468302796,0.6073627133771944,0.4587374248746002,0.4025662747982392,0.45521564921855395,0.5690367347661591,0.5395253359766496,0.38091049382175096,0.4463506577051927,0.35979905083107233,0.4850093775548332,0.49074148257555084,0.4015948213620628,0.39436386870575246,0.5636473317962578,0.24417611816016857,0.4247408846683749,0.0,0.4543529334116189,0.48912150139947996,0.5137064205309784,0.39260765684717486,0.45640007521716053,0.42039431879152106,0.34898595315370756,0.4593195850858932,0.5728336517955614,0.48274109534189624,0.35673099009048365,0.5809993804101609,0.484464696740142,0.4502940158273632,0.4595768536985626,0.502724941254932,0.5472575020218582,0.44152705297058886,0.43593735638989345,0.5248872180537348,0.3277728468396388,0.15593551170665193,0.0,0.5187717631395434,0.22852880561734512,0.4579246547559216,0.31089937017615665,0.4438834793315563,0.4558249594532877,0.5287859487316962,0.45882086781839093,0.43187944941603784,0.4012457594311147,0.42851366990869155,0.5155076680409071
2019-12-31,0.30108857962895874,0.0,0.4339526757837788,0.4012160216009996,0.5604127794991189,0.6214484300484284,0.48445087074710436,0.3830102631141525,0.5619432558196397,0.2471404423876971,0.5387711274502698,0.0,0.4767705562005814,0.3420077060880048,0.23827544340909185,0.30135755087345756,0.5822010035202476,0.4925587595397143,0.46075808879918856,0.3186323623399143,0.5892943929631264,0.6254386051104255,0.6686904075901505,0.3623255515312543,0.0,0.3078068784630181,0.4257702411209866,0.29681913205172705,0.49157475288263264,0.43261886312835945,0.5703344744551627,0.5034473603531202,0.567881280936785,0.5120573419093014,0.33630657637041067,0.534792967000165,0.4065169432715399,0.21089237629834476,0.27775597912957745,0.46787810501656535,0.36952882745440746,0.35635135546739377,0.5026157311245756,0.41047348077280105,0.5699003132957788,0.309187070226614,0.5550128715440075,0.22168845567405462,0.0,0.3778896069868437,0.29674480002152087,0.5332643110360825,0.48524792336976746,0.5131735389986868,0.4751091491906546,0.5979728752893216,0.45781321764365923,0.38094858886370386,0.453973892884209,0.5641512192441563,0.5350961770151086,0.3757325777667829,0.4465206679389216,0.3611016075935202,0.4856673601843528,0.48667040476680234,0.4033280112498307,0.3952420228373778,0.5622689153125439,0.17747376180824595,0.42294233486265814,0.0,0.44474978148371913,0.4873972035766808,0.507711461862156,0.3932125215165688,0.4553101777567736,0.41161409768140284,0.3472367807175427,0.4355815114165715,0.5713125691232311,0.48083915404606936,0.3568569450027023,0.5805110151973705,0.47932239861428005,0.49107751220503576,0.45956605547249857,0.4905399838888635,0.5442673941078928,0.440340269169359,0.43370164137987444,0.5252320016136892,0.3259162269929357,0.15690774843520708,0.0,0.5171359703503839,0.21146087049781243,0.44830369036951595,0.30567650494429316,0.4285909924035099,0.4503298809133098,0.5065369012142678,0.4513327616053905,0.4314779846082576,0.3218748691140541,0.43631447774844606,0.5095882400437127
2020-01-31,0.3025795530726156,0.0,0.4368430656827706,0.4506357350968993,0.562285778625114,0.6225221296891639,0.48420674091119587,0.3846777282292065,0.5546939850685922,0.2947036177225567,0.535934137360186,0.0,0.46310846107330056,0.3538396561589844,0.23434664546755804,0.3064507518780407,0.5724925941004274,0.48359739719450234,0.49855069598599294,0.3089465299713721,0.6076827806343285,0.6288907088159987,0.6664578240422383,0.3633224243236908,0.0,0.30831562707884597,0.42519896338102336,0.3323215145497106,0.481644769368626,0.44041286381931677,0.5697243133624303,0.504492155328247,0.5687660492429555,0.562233646682959,0.3380316909798815,0.5340462097588933,0.4062211432111344,0.21159281048434103,0.2760883850633123,0.4654717198382158,0.37232469426176734,0.39108604517600337,0.49978593512038616,0.4011000888841273,0.5674344966360061,0.3067970804734367,0.5493726750591682,0.21237716851702748,0.0,0.3840601534623304,0.2815914881886557,0.5366293977065698,0.47525396284441446,0.515525338006673,0.4670550011347054,0.5885944751285241,0.45948905915196264,0.37559690945044694,0.5014035802151675,0.5743797789840759,0.5768255153178415,0.3700358260707639,0.4470889650315735,0.3628834177348858,0.4880415630164457,0.48097650030180544,0.4060281167136702,0.3999233476838383,0.5613367216001786,0.15434683126393203,0.42190400328499644,0.0,0.4424586134545212,0.48426806461974764,0.5021557255827844,0.39488045254239423,0.45465321442263384,0.4095152269436589,0.34678135777763136,0.34413566803611717,0.5715638322502251,0.4806841294904498,0.4055154820974376,0.5823773395729828,0.4861406017956062,0.49434438510184653,0.46024623961612854,0.4805284734476893,0.5525256541846169,0.43968507383915967,0.4324956251708691,0.526314253502412,0.3243306404517397,0.15820754900120498,0.0,0.5634482994416798,0.20066735835308291,0.4652927391154629,0.30151516445236276,0.42807946659779195,0.4077097574279363,0.4540404285151287,0.4414005174703292,0.4583637051191482,0.3795682456517453,0.42928621269608896,0.5071950540239121
2020-02-29,0.30608345347648397,0.0,0.44381620333688926,0.43537568703753327,0.5663984043833652,0.6286547742698804,0.4809204080519868,0.4059210766616487,0.5843373369332076,0.260968647659519,0.5465586110524883,0.0,0.4548618887927468,0.3543521610112993,0.15801460596650682,0.3139248988907801,0.5670338120483904,0.4586987974165147,0.4787011362360344,0.17530239952657103,0.585299708236263,0.6356803574376714,0.6279768285327979,0.3784396198980647,0.0,0.41666357657443354,0.41184560339246673,0.3300784526437899,0.45469209406241995,0.4500427236129359,0.5363094654820536,0.508224277056944,0.5810117346052147,0.4686504625077989,0.34357287819788157,0.3973494599374433,0.4444540796319829,0.2757568391534065,0.27800089999440053,0.4564585305304107,0.3790888944923061,0.39165570570515224,0.48558930280353557,0.44131576512823456,0.5318699425029745,0.36042990607625625,0.5472355656879794,0.21074883276450812,0.0,0.4035566517636416,0.2804419623290229,0.31463119304851184,0.4706072787650617,0.48090908971186697,0.49660329867859254,0.4829414200831512,0.47983906866177267,0.37815512013258223,0.4663878150884437,0.5334411544386559,0.579033773703258,0.389750138051497,0.36953761611379815,0.38447862913272546,0.4937764352537213,0.4736601350185914,0.3816979577627806,0.4111130191981667,0.5487936869869547,0.1526141317022546,0.4283206272744771,0.0,0.39646556933160526,0.48497051188475265,0.4129547698876072,0.38477229907558225,0.3802698306697945,0.43362554243843343,0.3559737639665559,0.49649875848933483,0.5586214104343363,0.4776411131927841,0.3619870823424557,0.5884687738205867,0.4963719316679518,0.5012091521114627,0.4718204451190553,0.45816424437143954,0.5522859577191706,0.4349781727672987,0.32753249415126684,0.4945248391350808,0.26615260544698255,0.2567873301018802,0.0,0.5265369254397748,0.19919849582643007,0.4576623774579574,0.33319890536337055,0.4585311721891931,0.4334793976245844,0.4374122746096212,0.5211745296432005,0.49275966687455014,0.3729958692105004,0.49966951305824125,0.47978066846405776
2020-03-31,0.34329614393222907,0.0,0.4487516735918912,0.43878264929060984,0.6080674165837128,0.6330307485920463,0.5400364941661481,0.38758074819316024,0.5958142770503928,0.30152819507358675,0.5161469748353361,0.0,0.4141046038646858,0.3544921694169963,0.19335981019153695,0.3218044758569211,0.4784390552313067,0.3886868573515714,0.5228613313284018,0.15226214986494335,0.5581639848396163,0.6500847582424885,0.6283790605568399,0.4156131964256845,0.0,0.5015124266537566,0.46768984363497484,0.27878028653988096,0.45289764499816487,0.3934522109415849,0.5120636756806334,0.6462187522508324,0.584811086953007,0.4695769936630553,0.3484000140432733,0.3729344548379378,0.4483318368266485,0.38718206259546,0.2842725051306063,0.5128196478524438,0.38405630245877237,0.42961453036368324,0.4891119123035785,0.4590096046367693,0.5634230227285757,0.37389259421583354,0.5377680023384779,0.21808629707734212,0.0,0.3997726204787526,0.2829574822312575,0.31642650647420456,0.4578121900253548,0.4861892395897553,0.505429298357472,0.4920574646022012,0.49512054255743315,0.3794106371382432,0.46927924967869916,0.5331807276281941,0.6660377192348493,0.3878178029073377,0.352855249034852,0.3117128380580649,0.4988301217973385,0.4907038442582662,0.41785139392471815,0.4198860494406529,0.46590261105366465,0.19099154051223097,0.444455615744716,0.43653675285847743,0.505183580539529,0.4855542293791951,0.41594333450458887,0.3926237126799667,0.35625967699171185,0.43573251414249253,0.36127541810870545,0.529310866455143,0.519654490260006,0.48007197609186375,0.32824387372274044,0.5820260193363741,0.5221820103925268,0.47923309228431077,0.46914226419755817,0.5175141051410487,0.5519595886130734,0.4679304230673411,0.3700831097542856,0.4981268129574321,0.34724812732594756,0.2612741094724826,0.0,0.5873719519100554,0.21464036307094564,0.4214273778214644,0.3336586757396088,0.4696513453651254,0.453921775538158,0.38831399930330074,0.5741089907462158,0.49407103010847,0.3619035583942597,0.521323053511208,0.48112357483558194
2020-04-30,0.35589140111219225,0.0,0.4450888145966627,0.4371370864935736,0.606572395370876,0.631948906440054,0.535525031871376,0.39669040785203386,0.5911700822658101,0.30064534399846266,0.5142088827929813,0.0,0.40625441048764754,0.3224192209662026,0.1945771443700391,0.32262632781293527,0.45324410473942295,0.38170077298382427,0.5241513715762336,0.1362071814287733,0.5728560741680158,0.6691061827208225,0.6220476841373063,0.4103630089681527,0.0,0.5060043602334826,0.4669519677375332,0.27525849298993826,0.44904134733045503,0.41490606571090566,0.5100469685371147,0.6356853983913701,0.5797461678928674,0.46843486094206294,0.3447215747721733,0.38364142580333666,0.44677616986073404,0.37697174849431014,0.33361396284978234,0.5087953305664359,0.38056786172505364,0.31557689405982947,0.48592033256880957,0.45429162015633134,0.5583787378229478,0.37934272361226823,0.5275478112604232,0.21283027448574446,0.0,0.39288609427693316,0.2743853158638951,0.3145693812291627,0.46016007616321575,0.48223516556480717,0.4965977848034313,0.4654644119768032,0.4999155321719222,0.37132748398237114,0.4678039407838844,0.5272227582826013,0.6616387524076993,0.383252405904282,0.31393416894664256,0.30778635146926553,0.4961990489560519,0.48527784050083217,0.4154837726548362,0.4149061775786108,0.460226515194282,0.5049716428858084,0.44103182448465456,0.5044899377598123,0.5092875184541078,0.48138538073050785,0.41501975023527976,0.39379162282169733,0.35329165855323297,0.4349089894603737,0.36001022739527644,0.525675405221498,0.4771039016246345,0.47658231632027187,0.32637521050390295,0.6271046003005228,0.5276078036171531,0.4769052364753611,0.4676293958680948,0.5275962590890644,0.49585291520957026,0.44476048860711176,0.36382116778305096,0.4376679717319336,0.3824866728251252,0.25812426567165714,0.0,0.5653455746958462,0.20944141002799932,0.4110467221932957,0.32765277014836147,0.4694305810978937,0.44643499281486587,0.34453957280272446,0.5751382619958185,0.49264278315808496,0.34697193717347913,0.47755137078763205,0.478882804737779
2020-05-31,0.35918642725971106,0.0,0.44311267382583996,0.4358749442678064,0.6055855151117986,0.6309383139646819,0.5313208906451983,0.39881848119542834,0.5827329836308989,0.2998373949408185,0.5126119718009466,0.0,0.3988722722968113,0.3185625810613126,0.18860153697529264,0.3245882917847285,0.43940758815947245,0.3757086484288914,0.516212127213913,0.12481269479266104,0.5699452259664886,0.6719645181426095,0.6168712243530139,0.40695682575939973,0.0,0.5042202014800277,0.4927717110111997,0.27195729152252224,0.44617324194973734,0.39777381996286004,0.5093032269892479,0.6342757399854935,0.5764651630208681,0.4675593898971453,0.3428620831924841,0.36812146201900653,0.44497704299616275,0.36968444319689414,0.3335555070163068,0.5053276430707762,0.37871770042806474,0.3143980736772343,0.48187575424683143,0.4476673662709363,0.5548691477440302,0.37239516783279175,0.5189438603423812,0.20724023305257283,0.0,0.3867916196780274,0.2702810542562116,0.3203353644115099,0.457375493128395,0.48006659599962803,0.49253260279726185,0.4449454092019516,0.4992874521579754,0.36718977174900047,0.4663004623857496,0.5223276475694228,0.6551594417612865,0.35345138560778727,0.30329134089054105,0.3053246631213822,0.4951932947534664,0.48017427788742995,0.4148687923778936,0.412437050633925,0.4564805431439559,0.44253511573385756,0.4379836866285105,0.4948326618164349,0.4978126191022487,0.47787163732151444,0.41509331269837313,0.3936888573435104,0.35132380164351773,0.4346454068212917,0.3569639294300906,0.5178000079919375,0.47562430399385025,0.47371365978000124,0.3255410795597852,0.6246168357231852,0.5270657067062726,0.47601920131834613,0.4669296431638353,0.5299633611248822,0.4934642688574365,0.44191765789801324,0.3429846891871028,0.4365430262749336,0.3673726609643984,0.2571176856759337,0.0,0.5537138022768822,0.20520187277363897,0.4025622645332297,0.32314968509961256,0.4659551274043865,0.4410288632956241,0.3051350476577282,0.5704723865214453,0.49160634206127124,0.3380238066688238,0.43206313316484213,0.4752187100671689
2020-06-30,0.3708757478673684,0.05632997487085753,0.44637141478852427,0.4377666340131876,0.607878357702989,0.6329552345179573,0.5679765420436418,0.404663920992129,0.5809668958299716,0.3240283567711951,0.5150144041114694,0.0,0.41038505577310536,0.354736289659688,0.21312634674342806,0.33026542335100834,0.43197906439504163,0.3893642579320665,0.5214285283138559,0.1168907193602538,0.6243245396511364,0.6500687037145219,0.6423534018444815,0.4089082041666804,0.0,0.42466777547428847,0.5149666338418755,0.32555388986222195,0.41329195409954095,0.38035388024115685,0.5116897463308859,0.6343175685385785,0.5783856733862038,0.47215058849327035,0.34585465847114283,0.38563732487797847,0.4465692041486517,0.3668419996437843,0.33667935246088826,0.5036494266026323,0.38198122952210817,0.434159618125037,0.52477678264313,0.44256763283950407,0.5663639600433606,0.37574704957199656,0.35727375126133015,0.20818306185179686,0.0,0.3935606796582032,0.26896454206461035,0.3233062124387131,0.4715613871979713,0.48349701937512113,0.30683618435257004,0.3541944084705613,0.5045059860445754,0.36612883055560613,0.4677091338901093,0.4985049721838416,0.7064616076480575,0.37844664765914054,0.30491252540072006,0.291728109778359,0.39671894364953636,0.4838488723255571,0.41928385343996766,0.41827085861476276,0.45621028374714573,0.42253324506050216,0.4381034278604589,0.4663798656878699,0.5056173642077796,0.5306823699271191,0.42273486501545754,0.40707289030634053,0.3515643303545213,0.42916420522118814,0.3587522033115406,0.507204930020129,0.4790697399652665,0.4746412354511027,0.32763047369683457,0.6271066670272837,0.5119774909988806,0.4799258336158518,0.4721139817093138,0.5355406245914947,0.5180964235035039,0.4421252369684134,0.3410268022189316,0.438836034429489,0.3501425461119903,0.2601383076788771,0.0,0.5997273284364133,0.2071575388235708,0.43040237384885743,0.32107563309193415,0.48589782286500915,0.4479241286594631,0.29345832296917085,0.5653625371872639,0.4923516936744524,0.21889430617999198,0.4062918775124512,0.4770701797544449
2020-07-31,0.36235285667650685,0.05885448315624445,0.4478600338095944,0.43888607309192207,0.6092118227372731,0.6340169727491878,0.5646202039734836,0.40981753588958697,0.5777355475920557,0.3247411187237953,0.5170632729429905,0.0,0.40601483409522426,0.3510698784969204,0.2155490776028884,0.33475600940483935,0.4243601058315861,0.384907730745534,0.5155443359623643,0.11184531409214062,0.6249674610057941,0.6557206454366508,0.640335510204692,0.40939679345729696,0.0,0.4221926619203245,0.5124200204446809,0.32454586701246,0.4124426456006455,0.2907937731775113,0.5132616723122532,0.6345989498668028,0.5785904901326914,0.47188390094692306,0.34741143900840754,0.3796065627384148,0.44744356561404386,0.3648108279334827,0.33980101734504087,0.5013430866060382,0.3835452744064602,0.46670676775022557,0.525350840206329,0.436692989441969,0.5647895483847741,0.3786351860297667,0.36303315046675655,0.20798677550320382,0.0,0.38851620861228153,0.2687538428491825,0.3254290580738787,0.47107105639799346,0.47865611251031454,0.2983812537677488,0.3380055178811951,0.5084482792378665,0.36408495472400165,0.46833347195797537,0.4943237045776693,0.704157984314408,0.3770115461457102,0.3013103976000338,0.2917796361874827,0.3951403439220526,0.4801016383596307,0.42220106904997534,0.42150956862525485,0.4553160643220458,0.41085391620869927,0.4371592017029246,0.4435801259574692,0.5006170505708389,0.5286093389634021,0.39246161597423934,0.4094994489076465,0.3511102468790632,0.4301677865671998,0.3597003963360665,0.4914488437427912,0.48107991317017534,0.47457113107145765,0.3288996658486415,0.6284673787152446,0.5134752167676969,0.48234436031708106,0.41301594469884795,0.5405913118008006,0.5152439272169461,0.4416495548621533,0.33814689445031204,0.44013463191629976,0.3330597069435216,0.26207187943530275,0.0,0.595914549311895,0.2085287309298512,0.4035569089265537,0.3197324944845696,0.4866657978076835,0.4455506166314503,0.28635148385636294,0.5559806383047575,0.4926785961833596,0.21804177690792165,0.395044813130558,0.471925227312253
2020-08-31,0.3557396104629789,0.05739303028902063,0.4468514309999239,0.4390105056633721,0.6093135202212645,0.633912119941117,0.5611565794137547,0.4140763387367699,0.5732010327284162,0.32589290669255205,0.5178174198367217,0.0,0.40393162012232275,0.34763710531160535,0.21760816675707256,0.33715556907843425,0.41640213843974394,0.3810236137822345,0.5093003437138179,0.10947630294242398,0.6252991260633373,0.6581008595100326,0.6366002273708269,0.40767475205913334,0.0,0.41960138008312386,0.5097809130918265,0.32378847291577356,0.41153456001602245,0.27537500582232854,0.5134932577059509,0.6342804028181481,0.5764606683614468,0.4711703786930592,0.34671573247739385,0.3741314168517783,0.4475344575926421,0.3630410611240167,0.3421915751268442,0.49867337597085604,0.38268177541155624,0.4858794824219481,0.5255694340999478,0.4311220780440229,0.5622565932957948,0.38126621456436494,0.3982642766588755,0.20591152624444173,0.0,0.3836100600726624,0.2692784152964902,0.32606991511586725,0.4707892076361636,0.47785361778657953,0.29097557497606574,0.32529069010666284,0.5107977044409112,0.36081553361222296,0.4680660936965133,0.48928595633863453,0.7010309088789287,0.37542446173907473,0.2588489670959113,0.2917505163175591,0.39122141662097304,0.47620673686084725,0.42252751695331847,0.4208964485783282,0.45347707070553994,0.40338012295148945,0.4351394832520498,0.38896861698194085,0.4541975360956575,0.5256760288570166,0.39332714045794065,0.410900247472174,0.34984032168854673,0.4305273339411985,0.35974831847899463,0.47444908867379515,0.4807086647473162,0.47331378913034716,0.3289542328737981,0.6281664827627308,0.5179805788545111,0.4824844279498187,0.4128650886574201,0.545356667247576,0.5105848374189067,0.4404167932594798,0.3344396049497254,0.4399049896508614,0.319046142200302,0.2620227321386887,0.0,0.5928175508668622,0.20820726523512828,0.39738446915327136,0.31891985766267417,0.4867759665938717,0.44316774419854327,0.2831381048102743,0.5441770348689,0.4925845304332733,0.21819723477634048,0.39048697972211605,0.4370685028492218
2020-09-30,0.36503170825384873,0.04984199361073619,0.44185472185138425,0.5352338961331428,0.6065711606465839,0.6404246006215945,0.5539860646213074,0.41404793466264816,0.5396628283227952,0.4026444786415487,0.5391424462110109,0.0,0.43200648686843945,0.39819402201748255,0.2215151882301439,0.34479536728805615,0.40713350272667936,0.38455221779882715,0.6407541502418423,0.1688283516358662,0.6242750122559445,0.6543473784780945,0.6435056648931509,0.46522307510568217,0.0,0.44417212675412493,0.5532061016960305,0.38743713787821693,0.49290249485840526,0.39435148380597723,0.5344592852085691,0.6513720976734938,0.5706046426923163,0.5145590922076502,0.34285793167059647,0.3904929180045063,0.47212703945310114,0.4222413479060226,0.3601501346141718,0.4888346639202786,0.37820031631255313,0.3656078177610571,0.4589382113437338,0.533931530775975,0.5722250855534423,0.34334105666061115,0.38869750009360515,0.19983421739867901,0.0,0.3663044604767611,0.29289306504408724,0.32505627016400285,0.47864119368098634,0.47312889700825217,0.2847572750693982,0.3133043318678976,0.5820773556240764,0.3557712069624663,0.5360532504342241,0.5037770665831438,0.7418613836681353,0.37081329960678144,0.27209875254888377,0.32466151706521107,0.3703897843630073,0.4508664908605353,0.39399974059925735,0.41457047689582543,0.48313149652651144,0.396007327270329,0.4302033955361219,0.4383189508279304,0.483260921955376,0.5057307558320214,0.39582622347041846,0.43609068312950056,0.3796345367730529,0.4594218039323796,0.39790025953817487,0.5016630102391038,0.4772926620326423,0.5228401677969952,0.34243686305500365,0.6243900923037125,0.5386996204733828,0.41288499165767595,0.42839535641800824,0.57579379833578,0.5168824336630194,0.5009352527779789,0.3289230068213474,0.4521853354279777,0.34082609821000237,0.2631866740389741,0.0,0.5397020655579832,0.28511284928883196,0.4618092719997859,0.2992671067495102,0.5686496046783784,0.494175454999294,0.20908302265451928,0.5284200142720196,0.5289829509137686,0.3055709178433788,0.4032903433947503,0.47800447046964656
2020-10-31,0.386569656437037,0.37420643530404774,0.434083831336278,0.5329409168557893,0.6013854493365558,0.6523453071824404,0.5418285646584425,0.4423053953648494,0.5252748318787063,0.413589614304438,0.5478698902581388,0.0,0.45209313329981576,0.4083737201763036,0.2599575884294601,0.3422081549694177,0.3966600033653154,0.37792759287264827,0.6275544618517895,0.21067080027758758,0.6322097230958896,0.6447596199264416,0.6127251873759075,0.4561142825200351,0.0,0.49830984318747795,0.4227708623293234,0.3488248499701187,0.459137664267724,0.4323496583960158,0.5468248785999008,0.6547025258918387,0.5623697237348341,0.5254720675466317,0.33722367510739254,0.42113996598703507,0.4542520389272877,0.436126188437351,0.4003921082909676,0.4925242342662445,0.3708596011075676,0.36423169594406085,0.5088650339147502,0.5301845016938016,0.5350429760220768,0.34200920719305916,0.3568877782067179,0.19090424680864232,0.0,0.4068071467686848,0.33662351135857677,0.3238122188735684,0.47216394477452317,0.4651396515699589,0.3672008623799561,0.3031136468594896,0.5542336374951157,0.29005757354406675,0.5099190193548249,0.542424725605014,0.7322444985618514,0.37144872490415115,0.28009562196183146,0.372377338017175,0.37165180578713186,0.47418406368925137,0.3876349854331961,0.4034202757487052,0.49567866464325677,0.4258402495601992,0.4241161592841119,0.3989435258027457,0.4925203923687846,0.5212114475820282,0.41104561917457505,0.4142642105041048,0.3919204315599736,0.4646857607316058,0.39934393762582737,0.5708896707511175,0.4858921335460131,0.5071256246606587,0.3549364334764455,0.6174096029309164,0.5519979527258551,0.3470112064776967,0.43402501528235704,0.5691328884035609,0.5172920217741453,0.4942715783849091,0.3220218415478773,0.493436699125377,0.3712348517321668,0.25989605136619187,0.0,0.5355815747096797,0.27018134755127926,0.46802158783209935,0.36593012425432925,0.5574021901462283,0.48609667554650704,0.27020408017199415,0.5716565928071425,0.5165708015151034,0.29975145493724714,0.3791197822720327,0.525840592844322
2020-11-30,0.38798075438388047,0.3100086204592007,0.43194268153093196,0.5298238354153925,0.597935953211775,0.616694615707539,0.5331511026228162,0.4377167742581747,0.5160431768767919,0.4070261158709296,0.5425339713348755,0.0,0.4396981078984758,0.4038302924453629,0.27310803274805634,0.3420039768873665,0.39244754308492763,0.3741069092248363,0.6154632251680919,0.20127545640297237,0.6253581009088868,0.6368879531374221,0.6490280787058581,0.45217005060705096,0.0,0.4483287786862006,0.42183595115227257,0.34646177973261993,0.46842388182570194,0.4216795333785194,0.545479002045284,0.6421032082643324,0.5591440716614478,0.523294580278553,0.3360329173059952,0.4270792379855718,0.46920169142649676,0.423106470103702,0.3972153348140367,0.491025388196448,0.3688085362054489,0.49712517009497115,0.5034179662000698,0.5241265630290283,0.5658984970455669,0.3406590264412068,0.36165729589076334,0.18579704012199633,0.0,0.4044998919945672,0.3308845381596369,0.3258418866436989,0.4668991862823269,0.4623403346422805,0.3581059787695923,0.2974226864353219,0.5451564934160199,0.28010085290470266,0.5441189419103992,0.5240051792417452,0.723815351525036,0.36989982153887696,0.26387874742173234,0.36847892105668223,0.3664846084558475,0.4697690878129651,0.38655565103179285,0.40038194422051876,0.47547862196038176,0.422392369611045,0.4201520226399289,0.35800795621401105,0.474948303322336,0.5453347100507958,0.3925829987231306,0.41220040391717977,0.37232600373838365,0.4629161642069578,0.39570939980818104,0.5111458464122969,0.47050237400709083,0.47481834329361333,0.3373971947277393,0.614344028417837,0.5509996839588166,0.3474062982145781,0.45534302651729514,0.4446210561242635,0.49079491134428305,0.43528620148460845,0.300090208060338,0.4917291857401711,0.3626315987538109,0.2811975571647007,0.0,0.5404983182725014,0.2617471947665132,0.4631032636091498,0.35763083932359346,0.5505193839334758,0.48158746761499827,0.2739850113123367,0.560131367318836,0.4821525166867369,0.20399691035631087,0.40128200540962633,0.5152105026963346
2020-12-31,0.38973173840228803,0.3100318580695251,0.43600927428297925,0.5301511182530192,0.597728009688815,0.6181520578746994,0.533120351456213,0.43672020188859567,0.5133346899122483,0.40333945349594563,0.5415320341853698,0.0,0.43129199473207713,0.4008693682850401,0.26737090678379116,0.34550576031479674,0.3946934244022651,0.3727044125968897,0.6070987554345377,0.19602254813590014,0.6228998576616198,0.6342535854521905,0.6486430061103668,0.45397627868882595,0.0,0.44891002839371075,0.42236923990509473,0.3456100230220786,0.46320402450091896,0.41878808611350316,0.5481402580751074,0.6430246312585035,0.5607572221089029,0.5239632130694355,0.33943359902490283,0.4239530418994739,0.4685136939642104,0.413796394742811,0.3972204398274138,0.48953884515367074,0.3725535512058429,0.49494475110742825,0.5019332724753078,0.5191520109488236,0.5649851674489926,0.34300943195712025,0.3635184909317633,0.1872548051618721,0.0,0.40443210055466816,0.3280276349553083,0.33043015688532795,0.4646143188591768,0.46628902488926377,0.3517482131750451,0.29466042712227736,0.5416418573796941,0.27409545557192827,0.5442626254719735,0.5213491157585329,0.7201146963436734,0.37069813757172887,0.2623822066758608,0.36655991944766464,0.36374223738822803,0.4671915741657093,0.3908276980660854,0.4072259510090532,0.47561113271022243,0.4213642599873124,0.4190220428907691,0.3215607935032742,0.47100042555054644,0.5439038101754194,0.39640496403204045,0.4133381396747846,0.3720896925134378,0.46060884283524267,0.3961223540592972,0.49603980689906024,0.4741538490558182,0.47546667099753365,0.3396836512198738,0.6176804101144945,0.5504962322180146,0.35165300723516274,0.4563520979988105,0.4454752999310205,0.48721791634424916,0.43508690907347003,0.30058177767880945,0.4939403824605398,0.3552287404634925,0.28362373317843703,0.0,0.5396350109500405,0.2592766526699498,0.4580397545812718,0.35039310295674053,0.551635050324582,0.48127998934675137,0.2672695152656407,0.5482884463002773,0.4800548531707626,0.20158942249773443,0.4521524237977962,0.5065838244365793
2021-01-31,0.3903988426501495,0.30927331535346486,0.4312308998111987,0.4087292523563943,0.5928289043564292,0.615189988741545,0.5231589241596946,0.43160806063925017,0.5139402846104781,0.37041138791102246,0.5365892948116117,0.0,0.4391625944185008,0.36420071383784886,0.2611248444720552,0.34412187414925,0.3897249273204774,0.3871266501342662,0.5805335347934251,0.19145442915107613,0.6401224760674614,0.6207070817097616,0.6426703491162209,0.44151248402403587,0.0,0.44666465432529906,0.42229542741813086,0.38257932780255494,0.46584886556879607,0.41140062059303883,0.5385958618139499,0.6388468973163854,0.5562286683983262,0.5106287682354994,0.3370664550833388,0.44108207100273944,0.46357922299131205,0.40248775790743596,0.39548956062447277,0.4861314122649954,0.36886173234325903,0.4896018303406944,0.4888710651657875,0.5506834693815255,0.560707964144295,0.3436341291399536,0.36243601993973484,0.1823758484118524,0.0,0.401886932051982,0.3418804974263421,0.33277711964255724,0.459972625419504,0.46170682814620007,0.3448274961044152,0.2937542608955092,0.5431929124050843,0.2657496511830047,0.5403751532110475,0.5157352869866098,0.7083283240543627,0.409187694886307,0.26842431161007363,0.3257554659158337,0.35729562063595993,0.46226044416704865,0.3883639843759614,0.40152994742898285,0.48542924474681304,0.41300679070442325,0.4140493223895665,0.29468921730207276,0.45920217914605277,0.5386299225187765,0.39538066731113064,0.42521711238590576,0.3616961440449422,0.45842339375132524,0.3916462846418471,0.4775522288039336,0.4724089475834511,0.4701759436980519,0.33700730108265226,0.6129213985912532,0.5547359170222125,0.3508904272823264,0.46019616974383876,0.4427955872040724,0.4474728968621565,0.4255544727634238,0.29786674359089593,0.49121979949873196,0.34900247802868745,0.2822729989311581,0.0,0.5364270702179476,0.2528077081908194,0.42578596460129403,0.34016100270553534,0.46532344844842943,0.47252477511367846,0.25985383531350653,0.5322549190015039,0.4274539459293404,0.1986877823936162,0.44364457585789674,0.5077399374114563
2021-02-28,0.4912639942565218,0.24177545877974427,0.4292892182325506,0.4058645640562571,0.5883628934183068,0.6130986164050427,0.5148411176907712,0.4275683859868866,0.5099821554037605,0.4160662640732063,0.5199556807689144,0.0,0.43087699939825114,0.36700769675353534,0.3158129791738866,0.3449139467835406,0.3867043251723735,0.38372004738177606,0.5666469546987967,0.298755194626938,0.6435023140945441,0.6077772181594442,0.6380840443495636,0.43480620642142387,0.0,0.44577238796630114,0.4345358153254032,0.37914082420043044,0.4880587766333666,0.40777661385356073,0.5386834930113729,0.6351548042526282,0.5140135512782638,0.5416191394632744,0.33613558564458573,0.49611358827453617,0.45990881469414235,0.46475923272722736,0.4734095232656429,0.4834207520872998,0.3670215345274325,0.4888686936416001,0.48303250298346895,0.5563104076803458,0.5575464872678373,0.37995959635074084,0.3618217319394414,0.17914043909476118,0.0,0.4000916541543444,0.3918622335538874,0.33714444393957294,0.45628224788241617,0.45878322066792304,0.33944913957633077,0.29862464595615656,0.5412743464057358,0.25972367914787603,0.5371714340198788,0.5108455370431468,0.6968134981289986,0.388083562290238,0.26559635731373243,0.3233843866858132,0.3523829498659224,0.45038991674383966,0.38784560015187924,0.39866903277215643,0.48215443617043774,0.403981932377597,0.4095772462785926,0.27580022404889354,0.48947236517484555,0.5341957060872319,0.39520740099436824,0.42343171815985725,0.36013447734581283,0.4743506600209126,0.3888232297132162,0.460025361842898,0.47208392119900144,0.46625954325034263,0.33518311891885544,0.6093374491568393,0.41795871238564175,0.35127063552383336,0.45825490311066164,0.441227267822307,0.4484332077363839,0.41665382872622214,0.296295571296644,0.4910051752993963,0.34634097854815893,0.2818489456753352,0.0,0.5336648418633431,0.2490396262990991,0.43224920292181424,0.3317606964966368,0.4619296284060393,0.45434831948234666,0.2544588256759663,0.515860975458112,0.450406331751546,0.19779106968631688,0.4390294307080753,0.4832182084304233
2021-03-31,0.4919564438474594,0.42994994437451267,0.42822218120121525,0.4225894764620678,0.5820333104973646,0.6113067064934005,0.5042902714926601,0.4250639732175084,0.5327617004189442,0.4354974305336686,0.5410398843808012,0.0,0.44486107704385425,0.40935363587752654,0.3721674554892479,0.34909859316603536,0.3827606977296865,0.3815162804147843,0.5950208456366909,0.35152148600833444,0.6832156485258828,0.5959986399530262,0.6288656025404826,0.48720165174315017,0.0,0.4474174508360853,0.44247066098703164,0.3725929683177247,0.5030602275322481,0.4147699268886597,0.5510998555460076,0.6296756486010048,0.5109560667500154,0.5120098890467649,0.33627775289568335,0.5090205023170925,0.44907545568868434,0.47291583916097163,0.5428836220406168,0.48094459887774366,0.3659667763420004,0.35605395503429155,0.4788427919868309,0.594779152892091,0.5520855241557534,0.38438386517344375,0.5113756000210894,0.2026809887977986,0.0,0.39583556571359246,0.372707253582634,0.4220625680714353,0.4535082485557418,0.4552826267611237,0.3334266527713017,0.3133543417367725,0.5790431992685261,0.2550784638609288,0.533947204459854,0.5055245237221125,0.6826300838073076,0.3843682663297864,0.2611850283303456,0.3222585589403824,0.3485378469170963,0.48357478151272854,0.43517546831036696,0.3967305524552751,0.4938544630649233,0.3935621438788066,0.40329827295536447,0.2594975990870984,0.49021778211627054,0.5720230811900667,0.4130391188888608,0.46601596621906033,0.3713851873361331,0.49565134533577315,0.4065056744013474,0.4382552265173839,0.47328636763167453,0.462553417527702,0.3309709503543528,0.6045164581852592,0.42233699483432874,0.352477188448371,0.4626375811566318,0.44242130444735533,0.4405443717305535,0.40799687802638956,0.29362158698607316,0.4974194558210766,0.3495945102535908,0.28156436330963547,0.0,0.549631574998155,0.2470447173178097,0.4512730882605538,0.4426164520964308,0.46144140929187993,0.49087863857163877,0.24686023448817523,0.6015528078526533,0.4761137283466601,0.25080683867195513,0.34720963960026024,0.49792773381159255
2021-04-30,0.4934533007711897,0.3863374526364426,0.4313880789862228,0.4229887485348611,0.5800826129165468,0.6129732240641586,0.5051902342775858,0.42641166398358643,0.5316201514515622,0.4203069989772425,0.5370902844537025,0.0,0.4420196733265842,0.40841671849995387,0.3590314881380147,0.34995404349004466,0.38371701872290626,0.3818413952867246,0.5001946930167477,0.33563451075048945,0.682806572969653,0.5922870228775252,0.626835362324969,0.4858863592562822,0.0,0.44846081907658986,0.4477475190386146,0.3727991555138306,0.49534461679228836,0.41833993126945035,0.5536825464979398,0.6304896665738774,0.5113778274314614,0.5091677558159436,0.3398496356475037,0.5076475794332763,0.4501178498828133,0.46065008003744196,0.5299038395580566,0.4802544041997159,0.3684227782235675,0.35443770030679095,0.4788880319908456,0.58839429488025,0.5516951179069957,0.38548743171659733,0.5075763183281791,0.20404271595184015,0.0,0.39680474748733147,0.3651360382793,0.4307729464930265,0.4539136044207198,0.45790337376016044,0.3314399315442699,0.3171727212511766,0.5794291789871147,0.2539772700995742,0.5359107001679934,0.5023212447926573,0.6780031369926024,0.38616650479035874,0.26163909567927474,0.3228306282212443,0.347196474681766,0.4799782040852349,0.439836437506024,0.4012843784155609,0.49480532038766656,0.37887647812802105,0.40108494961213137,0.24989021609973808,0.486099523019335,0.5705230151260632,0.41863457015474337,0.4672609281018404,0.3710530778969879,0.4926365619766955,0.4079740017733117,0.42721384373244614,0.47787525709460527,0.4641040995048247,0.3331978775873389,0.6069376844170795,0.42245881231203264,0.3560842802403217,0.46349379807800334,0.4451311450847351,0.4383709053412181,0.40288623563548837,0.29651358088015706,0.49891089743956646,0.348832737379952,0.283174195943899,0.0,0.5481692132113335,0.24843804731384303,0.44699230453897,0.4382352577006134,0.4652526910116847,0.4865582741849844,0.2497614135240302,0.5886831026428151,0.4710979949842787,0.24892373866641557,0.3387741841356381,0.4921344160602589
2021-05-31,0.49422108471974097,0.319236097857874,0.4319826086109688,0.43136082639631756,0.5763811519914085,0.6126055258196513,0.5009358941600854,0.4266401565449037,0.4748294006451232,0.455599481806602,0.5846671661280999,0.0,0.42353806806947514,0.40625388175551347,0.3437635549615291,0.3462941621870098,0.38292583973322536,0.3866367453637453,0.5051557884568093,0.3248236311052104,0.6445918181532766,0.5861479037506843,0.6529798355789008,0.48008011895239194,0.0,0.447698582398738,0.470778405629758,0.381536257762113,0.5274314592144287,0.41687601180867045,0.5393318943058047,0.628337558183227,0.5102419048697814,0.5552268596937053,0.36728539729931575,0.5313483722134699,0.38180390300255634,0.4527384739166259,0.5208711511716461,0.478778601099101,0.36873371928654747,0.35319167445633665,0.47591905873810986,0.557297957799763,0.5564591860753832,0.38768791100544403,0.5035425764433856,0.21367406539210276,0.0,0.397794476303027,0.3792784064253101,0.4367688450817318,0.4538782729602285,0.45725159210374017,0.33035846812542957,0.31752474170978645,0.4741346852477138,0.2525600931869334,0.5348080057834117,0.49824364831736745,0.6453986739347072,0.3914582755701847,0.2639571734916073,0.3226794999145992,0.34506591504914746,0.49136133159322626,0.3978587013479018,0.4020260449718401,0.48269516731425266,0.36307005360285705,0.39801835807085856,0.24335834258985287,0.47034958792775805,0.5346113117623355,0.3731985284119398,0.4232692720587396,0.35665463625650984,0.542520042617,0.44540976319399417,0.4186241373433087,0.4809174197742828,0.46297907660815535,0.3248761488159056,0.6060271676918548,0.430378242929843,0.3578572474679369,0.45876006739105113,0.4458914003529367,0.4417236396055189,0.39777018075296566,0.2980628826489945,0.45340211497636623,0.3469749530927456,0.2838321862255394,0.0,0.5512045002102818,0.24899451358144414,0.44212292594259106,0.4593173682842968,0.4661471952035004,0.5364457008780523,0.25261875863956934,0.5772215973161529,0.49850100355728805,0.2727683610065289,0.33178302194854953,0.5364566444537999
2021-06-30,0.49511058056880747,0.27648856882077955,0.43339799960807357,0.41738906763740663,0.5733570131081658,0.613053421832963,0.4990051774456588,0.4280315978373687,0.4739393290892511,0.4289155218302919,0.5808722010938024,0.0,0.4207444393628273,0.4049322935243544,0.33367135723086727,0.34591898004972155,0.4256142899146256,0.38637947546382734,0.5000949880701712,0.3169297143682503,0.6429240867936765,0.5820128025355538,0.6496591463970212,0.4760767789809389,0.0,0.44699054943022076,0.4721466465260566,0.3851665487859066,0.5211709462150496,0.4140382794752195,0.5409980668179313,0.6274377112975651,0.5097540959746657,0.5164486377154874,0.36954477622443604,0.529860048054676,0.38203793002059505,0.44760189894885977,0.5618067603694166,0.4777203178575001,0.3697335483380679,0.35267710578285966,0.4729106113439398,0.5525816063212793,0.5553340775085394,0.38860542970892614,0.4998772358288692,0.21414480698377353,0.0,0.3982043271299219,0.3941768743418119,0.44224259726043025,0.45480683571942876,0.45780108394463087,0.3301223665395835,0.33629532993330563,0.47458619358874554,0.25235705971566535,0.5350814769140818,0.4944926570450298,0.6402647842554035,0.3925708977137742,0.2643845544205479,0.3232470424098097,0.3438275820723174,0.4878491498044557,0.4013348991803883,0.4041023852089333,0.4827391202220798,0.34819607133730146,0.39576739653564447,0.23892100007363043,0.4811224713146873,0.5321456529287794,0.37375152999462863,0.4238053202183246,0.3553703792992838,0.537465616760737,0.4453325862003543,0.4130508255399789,0.4851810002233137,0.4631430843132872,0.3260376283137911,0.6066144291065909,0.44376267352395776,0.41593112300287527,0.4585904058682491,0.4472666939538233,0.4394342642883013,0.3938752972314932,0.3008950231890451,0.45350180270927026,0.3453566094744199,0.2848074932293174,0.0,0.5177803740375723,0.25053145084774103,0.4377885221249631,0.45615810588974903,0.4683059778346799,0.4987455940352529,0.2562879055257592,0.5666676124673686,0.4868966421182117,0.26915852652114913,0.3270998896629808,0.5389702781232596
2021-07-31,0.4967551254237156,0.2613812801370681,0.4371391612273221,0.42578942220888444,0.573061052536184,0.6157424915547153,0.5041237273734255,0.4234089474836402,0.47484242977294555,0.4451175033299198,0.5396526418726888,0.0,0.45629609211792793,0.3620560792774093,0.32687044719824576,0.3484614482086914,0.4260506280001622,0.3612985202183993,0.49882224357640786,0.31227098600584785,0.6639122623530322,0.5821041010945847,0.6496560330782221,0.4780999434272736,0.0,0.4475269970394533,0.5907665960622601,0.27145330930801687,0.5174704956234295,0.4120207153269498,0.5442401668769706,0.6306456447558751,0.5112412939830782,0.5540029657709965,0.37395737524421707,0.5295487066028313,0.38474932352605623,0.4461602487379491,0.5566304813510967,0.47781878004129924,0.3728307536111939,0.3536109428209025,0.4762644435145404,0.5499893337956592,0.5559616809457967,0.3909109388106379,0.49766716030215186,0.21876408134385375,0.0,0.40015095556895514,0.3916853458564785,0.4925858643875189,0.45424949951736704,0.4621971834372348,0.330932764468801,0.33581257249248964,0.4801215577546995,0.2545834317122105,0.5391428641677732,0.43303532272324524,0.6405484263497292,0.343886993655305,0.2531578870638445,0.32488010527155187,0.34428510598714396,0.48634357024448677,0.40630690642607975,0.41025128718947396,0.46253109700228123,0.3368134264442545,0.39594208283349475,0.23693674840918494,0.4633151430840252,0.5315491598754323,0.37778604972108587,0.43606225353449946,0.3383574268246416,0.48903732127861493,0.4481851241188014,0.4117086018874561,0.49035014586463394,0.46658273416666896,0.32970579639095826,0.6117012226017051,0.44283866234375585,0.4199926964437647,0.40829065018308136,0.45029022286975545,0.4386160145599941,0.39226179537097067,0.3058089087315505,0.45638391846115034,0.34489301623101654,0.28709397642032963,0.0,0.5169593654793156,0.25426611767413465,0.43512534096464306,0.4556164788740882,0.4369191627227591,0.52746609181053,0.2609366896982946,0.5713628830983527,0.474730801258218,0.20663588312854936,0.3267394685612945,0.516036371842018
2021-08-31,0.49751611085878705,0.25142188087725414,0.4373561071934254,0.4245936162864023,0.5701203511874636,0.6154459820568909,0.501959344569615,0.4244165657414258,0.47391276117600706,0.4382114887720063,0.5376158142520423,0.0,0.4553803394243048,0.3611159034009222,0.3197216702856453,0.3486728753219354,0.4232149748619458,0.3620872935151425,0.49411079756731285,0.3082831349095633,0.6626370880074565,0.5769714289833071,0.6458276646845744,0.47389660784191956,0.0,0.44634305186755696,0.5875359428664035,0.2744910124324325,0.5124742587235376,0.40763328051966036,0.5444491303307912,0.6296849469932995,0.5104083093918071,0.5534817386637989,0.37532105757948014,0.5275889578828632,0.38450901939932325,0.4441536693040476,0.5508622919610721,0.4765641659050388,0.3730342997433773,0.35427007935569216,0.473931034856777,0.5454913022475257,0.5548900946820231,0.39120202381216534,0.49474211243948213,0.22079092932244507,0.0,0.40037176048916984,0.3888126720741733,0.5326368159358402,0.4552846762217837,0.4622416935562638,0.3317220566751886,0.33452601653413033,0.47930568876264473,0.2554460524046156,0.5386165260289771,0.4262790774192678,0.6354817593552163,0.3451933926638794,0.25415411267387367,0.3249802354026184,0.34318021999978604,0.48252659062257075,0.40839434710580697,0.411180842879291,0.46186391240433305,0.32598879543793746,0.3943259663808558,0.2358124277652981,0.4587271268512558,0.5285267666916851,0.3779104602614843,0.43799294928432986,0.3369967839229034,0.4861194066783095,0.44716727531515266,0.40585912845906025,0.4925633900821234,0.4660310999055741,0.33060019024985754,0.6111495713133941,0.4403054955299339,0.4210438876618188,0.4081907153438824,0.4506960553098791,0.4367948095390752,0.3895120966978773,0.30819603135033236,0.4561325295633813,0.344091036040406,0.288018314589215,0.0,0.5144597900526576,0.2561981824314224,0.43120923539191675,0.45352938520376584,0.43786884578740876,0.5231278496466931,0.26493564173042217,0.5610062960229127,0.47086239898396526,0.20710114199379848,0.3250863890712958,0.5113939731305639
2021-09-30,0.35843089389428906,0.34600584450050736,0.4354365517726954,0.454940221745047,0.5923276169592805,0.6322573872136439,0.494438755544646,0.4240056736361724,0.5152161071968624,0.4453462902166437,0.5361182537503625,0.0,0.43462365371551914,0.40937768971595245,0.31229821209729974,0.34789262386158326,0.4274334504532599,0.35748788470878384,0.4967394435032938,0.4347764419627518,0.6184492638737131,0.5690370689436994,0.6639881784319582,0.4651659287424321,0.0,0.508828105731267,0.5834144710905053,0.3077352708622765,0.5113814082652341,0.40182489008762884,0.5660331779525871,0.6369780010620644,0.5082357736379534,0.5226046021426295,0.37492633051400465,0.5335198810130592,0.3744882748750855,0.4745670252551734,0.5707673755694974,0.5262972811658241,0.37145754785668017,0.4265430188766268,0.5379453224557914,0.5725618565113603,0.5029463694024002,0.39815138491340535,0.6145330349203012,0.28303257147167177,0.0,0.3745147199224449,0.4232808872877294,0.4054126483149875,0.4676553295583873,0.4590656531802768,0.3365229489534539,0.4570515907551148,0.46283875617256626,0.3165785680949178,0.49479993742617495,0.47200054552527226,0.6698529686337459,0.3770959783479273,0.27363807930155826,0.32593290271331804,0.35506274281576217,0.5042573816168224,0.40919331196932907,0.4087894176294727,0.5032259557173083,0.31584214223977,0.3912344101914735,0.2864635419785183,0.44748516485269346,0.5689223320253909,0.41695542028922733,0.4262562365184548,0.37554892072056245,0.5095626975806298,0.46640797878244844,0.43647349713416744,0.49329117040660764,0.4823701960973128,0.3707342308538187,0.6056047231002398,0.4646729158020487,0.4201117049879045,0.41607003201438897,0.37384928815786167,0.4593511389436728,0.4460399172367469,0.3242233539955223,0.4976268366551789,0.34299423719758826,0.38328247366070156,0.0,0.5256054664342612,0.2270317040437413,0.429405794406901,0.4667899080215196,0.4386993022352385,0.5452929125854368,0.3259345899341776,0.6055442226613037,0.5152135935937859,0.2404341275161321,0.5701351560147124,0.5092850743071855
2021-10-31,0.3594083063206408,0.30762378714507754,0.43730219578011525,0.4559998785897895,0.6234975871803998,0.6287400576332239,0.4963151205978026,0.4272307066306866,0.5647738838646696,0.4407707876423596,0.5515229178442453,0.0,0.43461776429491294,0.40875560271375283,0.3254080647065679,0.35036572690296464,0.479604752838776,0.3855863848791638,0.5070428073148575,0.4558444741263842,0.6195113378348083,0.5686405067854252,0.6624979552006829,0.464878533625157,0.0,0.52981165822573,0.5802772293548046,0.3107521019843894,0.5665880071762562,0.39910982303957,0.5632585573859824,0.6382610869489617,0.5087522238124095,0.5251107067797064,0.3783167272041847,0.5341683894960009,0.3754796488419551,0.47606988682554313,0.554399451174469,0.5779807107672666,0.3729985545582532,0.42318300880562587,0.5388817445596435,0.5704459036014342,0.5016875607516657,0.39046753895587927,0.6842871312100116,0.2858327697624786,0.0,0.38354001296214757,0.42401141210037513,0.5041737562025863,0.475937129229688,0.4612598960341628,0.33968850480927654,0.4515587676382685,0.4656422622687283,0.31920684420633494,0.5497694959672278,0.479728225831404,0.6887477804529855,0.378693272252699,0.2761661330061014,0.27453060498413445,0.34108522999589647,0.5042607175639644,0.3707689609618598,0.4120735616568045,0.5092609234262544,0.31014102899597423,0.39142803948238625,0.28204230251118384,0.44418259683204414,0.5674796650433578,0.4251159879794359,0.42951550264796445,0.38413148769481154,0.5070927153181355,0.4685622238384353,0.42460009924213493,0.4883360212993254,0.5381747816180525,0.3814583743289637,0.6062536898808213,0.46305494229017774,0.42255381821527466,0.4196396878342883,0.3766371535865301,0.4582339233420225,0.44403796732979883,0.345387165982292,0.5294753998538915,0.34378866327342034,0.38707498001093554,0.0,0.5535583197835934,0.23013375999261537,0.4262490472937964,0.46722277982359256,0.4819806281196685,0.5557460752688437,0.3780616977865063,0.6063216758891853,0.516432425346981,0.29280904776696026,0.5940386881798057,0.5605859980465945
2021-11-30,0.36448674648904905,0.28560168890237164,0.43731417488730495,0.46441678183672785,0.6203640360396874,0.6280979156675747,0.49433843366950286,0.4401299077859302,0.544312368085216,0.4542789122886305,0.5553583681802688,0.0,0.4430553451980269,0.37040792302819564,0.3358630179111653,0.35152203019925793,0.4738757910696824,0.4059729507955675,0.5232015256527902,0.4543689137034612,0.6182271989947791,0.5650231757774861,0.6234803534833306,0.4612685867952996,0.0,0.5247908303407927,0.5765116716928776,0.3135972604199493,0.5678607108387266,0.3955180824177374,0.569417616146372,0.6369695925739268,0.5082612679204588,0.5274837348141215,0.3799705484589417,0.5324903801187296,0.37455490015309667,0.4765244216553917,0.5503092543723213,0.5865341222682171,0.37313979401065794,0.41999231196363956,0.5366416802143195,0.5781926468510432,0.49883384285516935,0.40145808639759967,0.6815757969699016,0.28689084947526855,0.0,0.3871200861400387,0.43506984032798557,0.5032768659425941,0.4752400743771673,0.4611239577129941,0.34000813194343704,0.4448638227553165,0.42277406751126867,0.3213943062791901,0.5484995338486607,0.4729083863864381,0.6997496389161486,0.3378792360988101,0.2842706450624245,0.2754659165806753,0.34120038405346337,0.5178106650286727,0.37918699174565307,0.4129050928446198,0.5153285661996938,0.3049045697298205,0.3905767819221387,0.2794211899799207,0.44482901431474964,0.5806620188068539,0.43032971093720007,0.4460202213723388,0.3913882328665461,0.5116531984161535,0.4812670201932471,0.4203775595285321,0.4903811336711561,0.5337523503236907,0.3919553765572317,0.6041273486905844,0.4603063185114969,0.42307413856864057,0.4183017917549142,0.377796497989591,0.46459858666769577,0.441221943231215,0.3462757850841992,0.5368262170169115,0.34454175437396245,0.3864766703495635,0.0,0.5570380173790428,0.27949904147178806,0.4363767013413958,0.4662282874110909,0.4435723356220507,0.5553071770250179,0.37721104170130176,0.6049004909946769,0.5178631624200184,0.33631575643770906,0.5794130217397079,0.5137584874487557
2021-12-31,0.36423379694522734,0.2767321972122033,0.43666989856288385,0.47732971991655043,0.6161803733623966,0.6269434694081899,0.4903132677781722,0.5100322033450084,0.6120958919775219,0.5026256231714946,0.6173604124011236,0.17451127388417761,0.478584358837929,0.392228488038064,0.352614659082312,0.3578340255577647,0.46699104714319606,0.41727560008188896,0.6288850264111745,0.46426045515871733,0.6293628185104952,0.5617432900748404,0.5202776119379005,0.4562830479344456,0.0,0.5193186337459661,0.5861207034911867,0.3378799197167349,0.4844863124708851,0.3914219710659629,0.5490405429693539,0.6409668692356162,0.507599708720659,0.5801463451980755,0.37273677410226624,0.5121640775439259,0.40741116931456856,0.47494203916670913,0.5465607657338548,0.577718893508248,0.3713363138724423,0.4459553842859895,0.5341205859236743,0.6018630259816519,0.5774169592718515,0.4590474952778136,0.678650358695868,0.2867244286082688,0.0,0.40377785235794517,0.43545692962734533,0.5010681084811938,0.4889662444051877,0.4596343025115604,0.35371155882898414,0.43720233647440443,0.4614453075177238,0.32346429873017774,0.5801823064448195,0.4658482717197145,0.693572604848866,0.3573378406055738,0.31512860793230413,0.27955103520107666,0.34133299252097177,0.5158614014018315,0.381024876239979,0.41282669763714747,0.531866894716794,0.30018932487081346,0.3893865154442888,0.27752573858398344,0.4903877719180544,0.670032071303332,0.44978084230661164,0.4366987069755889,0.41171457388540794,0.5458777149739341,0.48536338518126076,0.41673955709778504,0.49227069016624986,0.5281610586011529,0.4003414217535885,0.6005402633902867,0.4894351166021638,0.42339968554041485,0.4284257700057493,0.3785755202487827,0.44654479691192983,0.32728398942422043,0.347069444480011,0.49847934150405476,0.34517351654541556,0.4603978431439962,0.0,0.6201790397076973,0.36926577075779166,0.46886408406749364,0.5205957660144203,0.47446259490338155,0.6018299579314025,0.3369530818476528,0.6016371818165795,0.5890773539611314,0.4503278376866046,0.5622971142715485,0.5462991172000755
2022-01-31,0.38836249008999923,0.406406832049964,0.43823583496469914,0.47843449584880615,0.6153284684016744,0.6605174510027507,0.4037576513583609,0.515045560092112,0.5267070126661589,0.49866578446319715,0.605859737135104,0.19682112279242947,0.48238819959546053,0.42511638148396363,0.5124748855037062,0.3698799146339656,0.48973477929766107,0.4257279931557866,0.6070466230116182,0.47738430180840197,0.6186654811657102,0.5389805840275564,0.5196392532383556,0.4358849194331886,0.0,0.6141815325986074,0.5163665492112003,0.3986001908801332,0.5194477689568436,0.3897725260836535,0.47599163681801027,0.6410744217014184,0.5084045548866056,0.5875684947423474,0.3763844344299202,0.524768515430865,0.43528102157907406,0.5086238346751295,0.5462226910896888,0.5653138952169918,0.37274434052073374,0.5017662022074949,0.5268090548171822,0.6632077271089831,0.579274318983944,0.4736414400611022,0.677998342116512,0.29030468529861286,0.0,0.4033453891207104,0.4413040117830198,0.5438373130521187,0.5058883744165521,0.4617597133218139,0.3717883032090689,0.44954185974967764,0.4199410070109392,0.470231806196375,0.551978446106446,0.5306978892567109,0.6941091926407045,0.3486062495915516,0.3575784651094649,0.33219095608752264,0.3872984166668404,0.5098389892331141,0.38429026148343215,0.4158518949999116,0.5298841846881843,0.273442831145921,0.44810372321206965,0.3053894121274182,0.5062095644816096,0.6392954777668701,0.42311363003489477,0.4028947356279425,0.3767171012084993,0.5479027059573492,0.5317670619407753,0.4338431145409774,0.48513053049450294,0.5198173088823286,0.38959898768536794,0.4822391277496338,0.5041745471047481,0.4219728616720051,0.43661717757836344,0.46485928864615356,0.44045348456050065,0.3462814965789443,0.3586464390239214,0.5001689507304102,0.40465430256388424,0.5214443593823473,0.0,0.6240934409198462,0.45416421339804836,0.5754338203812875,0.4555373427617414,0.3965035082645128,0.5939289115475421,0.33498230139703283,0.6002644952129484,0.585927180766005,0.485850327176334,0.5824176841700235,0.5785690368313069
2022-02-28,0.4140951188983763,0.4510954402260123,0.4394353277153602,0.4793152628484424,0.6295578566675138,0.6789932369038845,0.4012317538028589,0.40878778559004314,0.615867835177669,0.4905710089065485,0.6016653695357405,0.37762129384947624,0.4813026847986338,0.48595615845225326,0.5372773057166457,0.3787050168450897,0.4861920348358276,0.4226211565586877,0.6665603409532502,0.4868114279726714,0.6647928002308573,0.5694652844885244,0.5522079418452983,0.4367252394321672,0.0,0.5901673587839806,0.5440160143161277,0.3762077255151642,0.5285565895768276,0.388412083485244,0.49565895315587993,0.6176785715176362,0.5091077217703865,0.5879808064738898,0.3794328480781727,0.5524525876804826,0.4634197376728854,0.5828083408587474,0.5618498772446572,0.5669683053484247,0.3739132160914389,0.4901569869810333,0.5291833987203736,0.6399847037566141,0.5890432534957205,0.5042057126059106,0.6773030483678693,0.3771180265268599,0.0,0.4086898631586964,0.4157887483174204,0.5440955355756224,0.5047815990623479,0.46346337654032715,0.3796604009041802,0.44823949336618135,0.42347190143943664,0.46970140061364973,0.5779509103557434,0.5309435477122467,0.7104591797208365,0.3913724438917323,0.3207915103207282,0.2955748716851851,0.3879493620498914,0.54873594645971,0.39061908185584954,0.4186313606465038,0.51302240522534,0.2974425115008882,0.5033522857219139,0.30127997563497044,0.5211166122505885,0.6545852283083627,0.46617090629195573,0.411414307809772,0.40086768640649467,0.5441753453619899,0.5237154202298767,0.43092785665677175,0.45196681666750166,0.5454601495430965,0.38044495537767675,0.39194735982228085,0.5053350489054961,0.4213312181954321,0.43942279959587766,0.531949477756685,0.45802668268435576,0.3865643356797736,0.36429613312488024,0.5017174751393074,0.4168181211653964,0.5198528004463451,0.0,0.6353037544935382,0.4408372289242568,0.5746507210916009,0.4754287290436074,0.41954137328608176,0.6075798062332372,0.34484732600670204,0.5977095774978912,0.5834797612305131,0.46552589927173343,0.630221865230278,0.595551094208956
2022-03-31,0.42463919878263584,0.5007075754969817,0.44172435163673285,0.48165295973184513,0.6486177942603276,0.6820893739584026,0.5063015367505918,0.4121508236839513,0.6132913028665707,0.4829306492739495,0.5837613134011544,0.18496086123036448,0.48148802779050065,0.4920297260796571,0.5503962704782677,0.3918544940911904,0.4888175492703161,0.420548847372711,0.6652169286527141,0.4906617464822178,0.6933454285664435,0.5724565769946465,0.5855210734813026,0.4340357359479699,0.0,0.6083482136550948,0.5492161380639451,0.4285124917292017,0.5625207501021235,0.41493212059382417,0.49747407814131395,0.6018533234012813,0.5105891621517757,0.5890838141459919,0.3832816726228529,0.5485177589066249,0.5090011609698545,0.5573277363053969,0.6194783571598602,0.5630449735675364,0.3761163383841717,0.5075799794966436,0.5154482616735127,0.5734763189373637,0.5911461819390206,0.5055789075674614,0.6779185527512603,0.3803659432461356,0.0,0.46882199271162933,0.41772267359145215,0.5449918544632628,0.5051270359923746,0.46727257016903023,0.3814673209622958,0.44869033995519214,0.5112600864868747,0.47136790613058366,0.5794556772686332,0.5170563395051987,0.7664743161316674,0.3928400337443516,0.32986017750496865,0.2971657058721924,0.41015114854264423,0.5157662784010838,0.40690901766049303,0.4239123855774631,0.49821001479027527,0.2979091329354085,0.5090015612762505,0.3105653856532543,0.5460026320900999,0.6526331151442174,0.4736689677891114,0.41428336751425515,0.40102901842877037,0.5415179441231274,0.5255198295414121,0.43065608257978133,0.4681436904819329,0.5411904217239963,0.4150122537506676,0.453078468219314,0.5062659103816398,0.42190877404766947,0.44080509788305805,0.5904427536169465,0.49896186602067827,0.4087776355916528,0.36726307570988453,0.5047957552898792,0.465437328188111,0.5213902214381908,0.0,0.6021162909978742,0.43400808609475716,0.5332306395174439,0.4771472340270746,0.46909771154617863,0.6152295774230471,0.34568788782409776,0.594435578304946,0.5820676300374562,0.4674634404339776,0.6301798840628854,0.5548632184727309
2022-04-30,0.44126825850845025,0.4980112477441876,0.43914996641385357,0.477763497363204,0.6582967012169236,0.6970975121836781,0.4802421415250728,0.4175573834902173,0.6343113432995614,0.5055866403154547,0.5882268574832262,0.3722480334978285,0.4844449003095894,0.4892956556489445,0.565538689591305,0.3742538099126483,0.4961347623308323,0.4240488448178341,0.6563814562539475,0.4911712929362518,0.6692439177543029,0.5682929044356559,0.5858895719501056,0.42862292977814576,0.0,0.6635067291128308,0.5342386120672948,0.492924506722805,0.5301140205755607,0.4444520888063587,0.5052567119869722,0.6153189163184744,0.5088742851972101,0.5870896989626961,0.3823445530380282,0.572041533137372,0.5356097386533968,0.57808646972415,0.6366228338498494,0.5790956289408876,0.37431413219466353,0.5100919934648072,0.5158990918094525,0.5738376020592334,0.6055491428830054,0.4733156525545185,0.6538394100907973,0.37862224734174754,0.0,0.47443505175711853,0.4212451426460304,0.583921884018019,0.5259289000230672,0.46428336049227414,0.4567033561250384,0.4831474629043061,0.503785515140435,0.46690201652559676,0.5756300077871715,0.5334950621942328,0.7366148453082415,0.4276041797701529,0.35562533978883515,0.3215696355773273,0.372349280616631,0.4946080431891471,0.4295256010165942,0.4210900315950171,0.49391886271560365,0.5625599267554942,0.578720101425513,0.3482464083184719,0.5291488073401862,0.6888680610540797,0.47339704376000885,0.46092419898681686,0.3963911062239231,0.5651991822242519,0.48259109691626817,0.4677014688643263,0.5191320209290173,0.5340585099116636,0.4109856069357945,0.48800624796474634,0.5296686955190818,0.4184573344037796,0.43739070775048094,0.6620858895403242,0.5239939715328826,0.4152746069749858,0.41322479124383743,0.5021813354903579,0.4203369603269216,0.530174171447798,0.0,0.6127641234844722,0.42046725692355547,0.5520273584642797,0.5101601298869792,0.48873401985199577,0.5992069577921846,0.3905134778260372,0.5858338642060269,0.5777841741357292,0.49335913949318155,0.6193088847172828,0.570956570554228
2022-05-31,0.4483903800542126,0.4909557744891346,0.44521838036701067,0.48425132396160475,0.6700719136006212,0.7013209860159664,0.4897206829171281,0.42561388281029927,0.6398094223748678,0.5024677535565972,0.589111619759011,0.3750948906767528,0.4875390339196888,0.489401110892946,0.5752842483415804,0.39463084074903393,0.3737233876693134,0.42580826079691947,0.6604774477436306,0.4969433223301439,0.6769044565255288,0.5743399110922349,0.5505794546889827,0.43809068420467606,0.0,0.6857421727008186,0.5456367657226276,0.506678768970532,0.5632702999793601,0.4534848741265279,0.5096564056289954,0.5780420292574319,0.513388333877168,0.5901707049745527,0.3889324565445079,0.5783937317996778,0.5230296418618002,0.48540536191387085,0.6380163728256679,0.6199677397093266,0.3798763813945654,0.5115770326914498,0.5489944733712212,0.5781338893693252,0.6112104643146187,0.48910040987648346,0.6577376611054581,0.3866865949373723,0.0,0.43504829196105227,0.4274601690645611,0.5630274958701428,0.5293624537500087,0.4737996052569586,0.4616428678840042,0.5666947943786276,0.4632095536371108,0.5169736730302934,0.5803304179553441,0.5467675939853328,0.7549181248399899,0.4316609378780015,0.39635951898533395,0.31849499842503315,0.3803496978218276,0.538765178537628,0.4555969351472056,0.4332654023846434,0.4969039094277108,0.6300943401315607,0.6464074036536521,0.3701802778370281,0.53028348239132,0.69236583512451,0.4774886925718725,0.46665075103846637,0.3999556267272566,0.5650977363436656,0.4902725689662719,0.5107977254194442,0.5039579269513143,0.5340366372815524,0.41821494131883724,0.37204883144574363,0.5054028701884843,0.4232290562098724,0.44213396620490364,0.6061161084018696,0.5691022193499891,0.3971983518902173,0.4284918884152181,0.5094733970765337,0.46571644283631425,0.5400055401457462,0.0,0.6734793420369642,0.42642968347389637,0.6105441891508123,0.5164099730415539,0.4840862337391285,0.6298384597678321,0.3913668785997506,0.5840004815884744,0.5796654837404643,0.4993132980546515,0.6237563704857368,0.5979728922030155
2022-06-30,0.45214959352632544,0.4960071590523923,0.44265704797438304,0.4813141959797707,0.6670841759109328,0.710079212517809,0.4868546683352255,0.44752507844809175,0.6275857937391067,0.5424618197644864,0.5824872889980075,0.44158641574797397,0.4852659416145346,0.4595793175004469,0.5807866155543447,0.3902101479712059,0.3726707500258015,0.4207091469101416,0.6525950365786719,0.49708685234978395,0.7339024467272238,0.5700901208258784,0.5824017822523355,0.43346337498061915,0.0,0.6826120156934254,0.5560275626680571,0.4914521702518659,0.5738580132366645,0.44568534488335637,0.5071586025452709,0.5859248268824754,0.511343886208842,0.5886827502439171,0.3881885649144461,0.5904322337667856,0.5375520037364179,0.508816010511072,0.6310478316922935,0.6119191041946809,0.37797881372206127,0.5410751362216546,0.5385769132233231,0.576992586293145,0.6059163944922539,0.4831433476279121,0.6551611739027324,0.38566842363307996,0.0,0.4295219333198856,0.4261761553107542,0.559467482016044,0.5255659247141975,0.4716598307682869,0.45758535865960287,0.5654857582205255,0.45861191877260254,0.5411813812598032,0.577902445185229,0.5335314023130054,0.7512323448882591,0.43778946881503394,0.39978043969491217,0.35436293888930204,0.37781765116601673,0.5046401688453542,0.4148926764532149,0.4305120239133853,0.49302682558716765,0.622678717986356,0.6452792624830668,0.3492292835077886,0.5686217166300614,0.6854454444774483,0.4727271221412843,0.4657445156172235,0.3962116723734133,0.5590707862559287,0.48891817909440144,0.5071532433471861,0.5010588662483576,0.5287212747300375,0.4153523518053102,0.4357320598085686,0.5271169626921026,0.4203671811219942,0.43993863121465504,0.6419571852167518,0.5796899650898609,0.397982179034778,0.4240616873286015,0.5074216944352319,0.45718324082115924,0.5322345715292124,0.0,0.670623676028746,0.4166185968273026,0.6129162706515436,0.5153799239237197,0.49372459726202683,0.6576446509636844,0.38836944953977953,0.568799130693349,0.5766355930466348,0.4980158527581781,0.5999662217369008,0.6129511992167264
2022-07-31,0.4511247146151373,0.49229245275098765,0.4437624681540265,0.48061766851939414,0.6678118014571929,0.7092911285431298,0.48886275831973725,0.44953644170226964,0.6222631528404042,0.5347217241638496,0.5794224870563071,0.39117311528240184,0.48578022987001035,0.45275038868146333,0.5797620216733251,0.3908042387479175,0.3743324551395485,0.41901880220952664,0.6489835265632948,0.4988123789652169,0.7344181765955239,0.5699995953867814,0.5799643237015554,0.43517405233242373,0.0,0.6818914038688224,0.5542483314064732,0.4837526553228361,0.5651328011742835,0.44523953908645564,0.5073657128767258,0.5880246634123412,0.5123246382620182,0.5888446777140355,0.3903160283093923,0.5906120065097659,0.5345072328329408,0.5024622722797277,0.6281802331477603,0.6072954280149164,0.379315777887144,0.5348535572451696,0.5347978737835583,0.577775632492657,0.5948499059136426,0.48273344921166494,0.6550304788011095,0.38862294253948715,0.0,0.42738451920189274,0.4719986077794988,0.5602961370676457,0.5253495428087805,0.4741339465509883,0.45813489523334117,0.56775528020034,0.46039597047076775,0.5410824749656661,0.5780824324676193,0.5274358433761591,0.6959211518108513,0.4334720410257813,0.3978005801265888,0.35376174689209666,0.3797613400920884,0.5002409074584646,0.4173326016208246,0.43199974730981583,0.49224445304030845,0.6202980350513951,0.6436964045534445,0.3482470330098497,0.5642336159309868,0.6832189005663699,0.47361308821687537,0.43053609340492305,0.3954830507915882,0.5559268631692079,0.48869920017674495,0.5077484083861529,0.50184547499074,0.5259656294536688,0.4164582817440727,0.437335518462178,0.5262801580048911,0.4210768523345811,0.44040232120595146,0.6417958014090149,0.5755566081246846,0.3953084216223228,0.424091021039102,0.5091738107024376,0.4553146280278431,0.5321412319433785,0.0,0.6701698802526571,0.414558051581858,0.6059052399673129,0.5169048892042445,0.4884806710145104,0.6472500371252149,0.38820894223383734,0.5562974511842086,0.5757653190807718,0.49904686656376884,0.5875574107425637,0.6094802083724351
2022-08-31,0.4843095505345253,0.5050746678125612,0.44064546574931956,0.47673073258176785,0.683634284350845,0.7055426496948028,0.4849208991030164,0.43793922196918883,0.6081172078683238,0.5588371010574985,0.5859215954256294,0.3048576546915427,0.5046459914568121,0.4748090168833279,0.5859182419614721,0.38703858051158063,0.3705930185479277,0.4409742877528814,0.6391455019468439,0.4976777961778196,0.6953654588743888,0.5650001745183386,0.5725647832721469,0.42978081710889865,0.0,0.6991508649680442,0.5843706085899273,0.4976913830099102,0.5329484884974319,0.4366349486225367,0.5040990329043886,0.5955931443926809,0.5152852550376675,0.5573264119541929,0.38834802097826343,0.5640049909050521,0.5686014137831537,0.5590727942921564,0.6214086017915094,0.5747823963892964,0.3769315259583173,0.5233328923371529,0.5410796283627469,0.5760310231315604,0.5738133161812609,0.4847780452164954,0.6890302563006201,0.26688839732594083,0.0,0.46871273122216367,0.440100480037109,0.5545393038676937,0.5218902261557263,0.4711544688829974,0.4707159521258901,0.5653231791945088,0.5067036752222449,0.6038327560971227,0.5749457425236704,0.5526143498530105,0.6903233410634361,0.4038160009031643,0.3711336369369297,0.33996113026990904,0.3765295415849593,0.4929403907805331,0.41323145489820945,0.42583846795393515,0.4879930772054831,0.6118549171064269,0.6376806935571232,0.34642871040942314,0.5411334664074824,0.675909772807068,0.4364569606960692,0.4675304302016302,0.39121964401308057,0.5499222045591776,0.48415450919389913,0.5052209789785975,0.4981366905158851,0.5207084686617045,0.41277903840269253,0.5102019615052107,0.5337697114504238,0.41811096053840213,0.43767390863535843,0.6775520122911896,0.5548475280359495,0.4539344261307513,0.4187735215583661,0.5064138628891905,0.5258216739283573,0.5207007198866854,0.0,0.6710363824668183,0.4051702222501402,0.5952954388120987,0.5259676472682255,0.48426485319517903,0.6347360746799687,0.38132410275401485,0.5389346074763183,0.5725651084240035,0.4964248574765738,0.5771445940574293,0.5745297491934497
2022-09-30,0.5059591310563901,0.4614060939582114,0.43993026285338843,0.47529305452611054,0.6892298233599187,0.7044203832403366,0.48424650740146974,0.4375696090071685,0.6326774923765535,0.5498743512824128,0.5631913564542066,0.42887989107378277,0.5033989093358822,0.4989847037712043,0.6057115643220191,0.39593402729525323,0.3616758901266447,0.4484126936333261,0.6324106908719445,0.5096753581638617,0.7253191920184218,0.5628772347999811,0.5674082071844683,0.42869528135651036,0.0,0.696745137401608,0.6122771215226226,0.5104246168725198,0.5396414686005594,0.4331750881219871,0.502676345155482,0.6204265542724513,0.514616377051254,0.5975911035094769,0.3879505316817894,0.6150391415816354,0.564937984895538,0.5166418136762028,0.6176170366575341,0.6174991263016594,0.37662030422032,0.5295699938165956,0.5310150586321333,0.5754400090531501,0.6173258116788114,0.4928307053681884,0.6621656659797825,0.26708527292602435,0.0,0.4376799253541437,0.44051990173455335,0.5764429724943276,0.520827380291776,0.4712738143466931,0.4891257923355429,0.44271469662696417,0.5012427246964315,0.5750485747187725,0.5737613075827913,0.5749469461915161,0.6943176146675863,0.4144588640606487,0.38706424621061986,0.4010030294562022,0.4187320289751734,0.5336742998763182,0.45093239171200733,0.4240181994405621,0.4858854036531394,0.6069288539818445,0.65859545992854,0.3838836381960076,0.5568484959438644,0.6372539702894507,0.4492953855106061,0.5074056848888235,0.38915285569483804,0.5368846298023207,0.4818518583002579,0.5689115039827563,0.49690018723934126,0.5174172161620535,0.4119384425069194,0.4408228500074831,0.5511963276048876,0.41751877504623236,0.4368583625644356,0.6714777902992305,0.5994906797284254,0.4952772420333452,0.4324872537256127,0.5062520739080687,0.5524923473140207,0.5151207635802393,0.0,0.6796291012868864,0.40118754000287754,0.5449920263498125,0.5435427141591754,0.5044965120206921,0.6234102391240566,0.40198884674950786,0.609105039036819,0.5708830583445722,0.4875732893093506,0.5705432475784458,0.5809996155799487
2022-10-31,0.5152776434065103,0.4788319122174878,0.43729690461928694,0.4708882535975974,0.684428182105841,0.6999507128690277,0.4806186988825797,0.42889727138651446,0.6470870524576223,0.5391214099468662,0.5552283885762301,0.3529605784574939,0.49978979482644803,0.5069270929696018,0.6120641062629292,0.3897580066288772,0.36870778680210503,0.441466335382105,0.6181179568481655,0.5832382564675563,0.7266835748804382,0.5591903925701183,0.5605953722039961,0.4246405947987098,0.0,0.6976210426916255,0.6140698807457048,0.5153511649470148,0.5556157947884699,0.4252698487696099,0.4998915698474374,0.6168183854747797,0.5126531991354835,0.5952932987264796,0.3861608202512203,0.5855741175188444,0.6214905559870499,0.5684241557181472,0.6283563865910093,0.6143589775523033,0.37483236652370105,0.5203428772926846,0.4972194316780592,0.572876089501937,0.609466888242796,0.4836861665172113,0.6534017373076978,0.2653223249520008,0.0,0.43520109052571987,0.4387209627584332,0.5703126746851783,0.5118456429186429,0.46804854651157113,0.48361757249288434,0.43922272487405023,0.4613317124753195,0.6008598713795837,0.5699886607821372,0.54995263314178,0.7027344944669998,0.4114428564549207,0.3991895416942505,0.41492075367204323,0.4164850038966695,0.4877429919398472,0.4472146867487442,0.4186993483989024,0.4825662927089913,0.598768464002678,0.6522807679256807,0.42909605639837173,0.5638411546571183,0.6296100283906607,0.44948148974493785,0.4992837838134371,0.38523833275456754,0.5300900092013251,0.4751650277043311,0.6050876134184754,0.49357794914745917,0.5121482289349688,0.40825925040158184,0.46842010797294475,0.5483429513403872,0.41523641586569077,0.43361049856495404,0.654419614889431,0.5707815065779258,0.5390701565879106,0.42606118524168357,0.5037206610856707,0.5549673886275054,0.5194485758658932,0.0,0.631941790063105,0.39299648124100794,0.5551015408562624,0.5421479343441965,0.505846037550475,0.587896057264858,0.3966885885124691,0.5993091157353596,0.5675032150823444,0.4844849291549144,0.5617730873467942,0.5860167223098605
2022-11-30,0.5067407649826358,0.46887741240461817,0.43650757551880215,0.4689333254580939,0.682312448594089,0.6977857511420017,0.4803904226282502,0.42831918569681615,0.6338103283048244,0.5426903614016606,0.5498976821672477,0.29317241545757383,0.49894893774487786,0.4969964495600904,0.6259517054972703,0.3871814571012298,0.36882910225926496,0.4373156694721799,0.6061780477664523,0.5827411351030765,0.7251254271937875,0.5586236458465805,0.5556035993585245,0.4239423282675608,0.0,0.6947324346395454,0.6204707093786621,0.5258342667766782,0.5486653995723751,0.4214028484413118,0.4990889570104009,0.6162366979086944,0.5124610997418716,0.5941362404498914,0.36810972194668296,0.5983059294684189,0.6159338632223136,0.5676715133847061,0.6305536266851429,0.6076167118640081,0.3745645978532047,0.5635961066146087,0.4959954182681483,0.5717535021103695,0.6045612421236924,0.48087148520494605,0.6471667131540417,0.2661342909148095,0.0,0.4374373332367145,0.4392355455350169,0.5673231955458019,0.5111661718952556,0.4675513814910848,0.4812746262303319,0.43777676332262105,0.45460683596099105,0.6373773869033335,0.5692293636400998,0.5470601159986248,0.7038459718460904,0.4320771643915572,0.39349431177210104,0.40107986473440993,0.4165241741723896,0.48259641068157216,0.44805549490028623,0.4166246679432296,0.4813782235480008,0.592179375431842,0.6532849508973013,0.4232103302679265,0.5654989581220787,0.6251305976425721,0.4486470148305228,0.4946092529105206,0.3838639498716398,0.52518693913668,0.4728797336108305,0.5969514143650579,0.49231583284814584,0.5090954197778416,0.40781891118229485,0.5222163779454142,0.5442606028551629,0.4147797556058771,0.4324689592797657,0.6510077936551834,0.573246508876165,0.5296821556725942,0.4232679171450738,0.5036949712702521,0.5558561593407914,0.5150277206492252,0.0,0.6299916546190217,0.4608086631429819,0.5545159261147513,0.542606988339428,0.5044520301432541,0.5782512942896675,0.3940902325616604,0.5908065262011901,0.565624361812209,0.48272243389240715,0.5563163882556846,0.5872128763836372
2022-12-31,0.5070047742815548,0.4553008744924222,0.4455637680059415,0.4704732452811602,0.7299794122678069,0.6996853803211098,0.48363969753241215,0.47456297808634745,0.656387593435473,0.6075119108811101,0.48307907098072217,0.27364736201982337,0.4963902455735269,0.5064803428407593,0.6304022708438827,0.39002267357165166,0.36984048499256983,0.48858296657524786,0.5990335707716187,0.5835912547831904,0.7249549732266717,0.5603823740577363,0.5299896813323912,0.426307615500111,0.0,0.6937989380622829,0.6524148210986078,0.5361372515517776,0.608445828564776,0.42310330507169,0.454924812171393,0.6212011438342824,0.5136109322280322,0.597837026251045,0.37825874242139484,0.6293490989294425,0.6044473130994893,0.6410029672487375,0.662551606954239,0.5886101274046113,0.37596583480195916,0.5768094891198866,0.5137378102696017,0.57272824778736,0.6074636568222906,0.49451057035083906,0.6981995701500838,0.33447365376427673,0.0,0.4848507761019205,0.49096494747712494,0.5688182913438246,0.5219498902132377,0.47513641977166254,0.565991503141659,0.43996717059436113,0.4674868409158986,0.6404123565140105,0.5724115210632956,0.5818487569392794,0.7011155938420164,0.41523967386081984,0.4362742090897925,0.44217369251241434,0.41676498382118277,0.500947442167886,0.4382025437769372,0.4181617524421025,0.48194625136649955,0.5895786386371866,0.6667086343243833,0.44682231568319475,0.6057795855590663,0.67129361117294,0.4922464168238218,0.48887625090905157,0.3852554597485549,0.5158443389586375,0.5175999548537028,0.5933325159557988,0.4932730053755833,0.5096257773181795,0.4109958703924715,0.48818715235452426,0.5504792488304734,0.3802363329518775,0.43457561093798913,0.6881657014606106,0.6136611077615195,0.5621630107809009,0.4255113635655232,0.5062880282606201,0.5601009208121333,0.507179289367973,0.0,0.6755783599039307,0.45895013341780694,0.5469359181103154,0.5585297440144328,0.47746652278486146,0.6392345444074687,0.4020384096011031,0.5852202545325476,0.5661895850868758,0.5003277140297103,0.5493992923829567,0.6298715049714566
2023-01-31,0.5043553219070054,0.5076912800429116,0.44739424819206597,0.47219849440428935,0.7268622920796243,0.7016183391662559,0.4869476549624096,0.47844207725618576,0.6747909906514968,0.6186002478075948,0.4853616917278068,0.3518214038324966,0.49807594260161336,0.5031050351706325,0.6322817492441226,0.39405465310679233,0.4363781131119251,0.46933347639246004,0.5921842591595401,0.5943723187750908,0.7286892109106482,0.5619746714040539,0.542902923850508,0.4297364034356689,0.0,0.6957196058982384,0.6536233355088511,0.5344432465338675,0.581763962283413,0.4264258574987919,0.42689541097491845,0.6253567330440668,0.5152027658083446,0.5987159567006776,0.38114957037634706,0.6024212752596207,0.6040739947927427,0.6428453350603993,0.660890338002297,0.5872903474551433,0.3777339871807054,0.5904458166339697,0.5173751951709424,0.5735019034408964,0.6078883082128631,0.4969986973989652,0.7034731812451882,0.33863389009746253,0.0,0.4850914543356363,0.49481232103795136,0.5815392355927452,0.5411159670969204,0.47893394035999665,0.5680555709186657,0.4678800888461553,0.46796860012650554,0.6499494894026517,0.5751380254787176,0.5622850272019224,0.7047352734434092,0.41666418126540594,0.43342786269861683,0.43627537928018784,0.4270007309054441,0.5446860100124498,0.4410751616954706,0.4208077682163176,0.4826213109649232,0.5893690928701518,0.6691735491333143,0.4476220646645137,0.6052103064898637,0.645280708254638,0.48028968235988523,0.49930474864497904,0.3866884979371204,0.5140406215401453,0.5215662053240835,0.5811609887047285,0.4946380908749009,0.5101900452736462,0.4119717175821711,0.48960139005658904,0.554156436092923,0.3832127821660285,0.43681312198962036,0.6897871556974313,0.6094512442096147,0.559373592852893,0.40596209904143404,0.5092767288271879,0.5652021827417272,0.5263748411974565,0.0,0.6687899665976866,0.4630996198845957,0.5563686015785877,0.5827428982566197,0.48553728131342355,0.632021481604871,0.4379092410559291,0.5702597529908221,0.5668963159201026,0.5312722225196728,0.4877788839918375,0.6299931755476212
2023-02-28,0.49727903503861687,0.4859648350172519,0.46587655267433586,0.4718792298541009,0.7342171972707624,0.7017004989006281,0.48771597808024697,0.44844561085751006,0.7020137434972065,0.6330623616269185,0.49317917312769227,0.3227864988731266,0.5063469200184433,0.5358970790608402,0.632056336657855,0.40367779947972465,0.43656517528505706,0.47246322189226797,0.583703852680164,0.5944344982125693,0.7249366925234452,0.561651657348538,0.5210504306541265,0.43093594943172314,0.0,0.6789141724165535,0.6592546781416225,0.5843218189556729,0.5817619153993687,0.42688823159922357,0.4235744864068621,0.6269383603813019,0.5156529285197531,0.5986009276250225,0.389455229984204,0.6024109244634646,0.6016738884241531,0.632978679031335,0.6578534071133202,0.584074064185637,0.37833321061430414,0.6009477968449034,0.47886932476678945,0.5727119499529412,0.5686585415563997,0.4967026800573591,0.6995733195901366,0.3405832431117916,0.0,0.4876717751511622,0.5031660988163443,0.5813964045877981,0.5496377418133241,0.48719102380756796,0.5480684633106563,0.4688226240200493,0.4683945272941775,0.6516826808928492,0.5755957969198584,0.5834757601805622,0.7060816777209127,0.38654134613284985,0.42636618536316306,0.418921557991002,0.38643740106905156,0.5453147832747417,0.45414830885496527,0.42102884661968415,0.4776961642133693,0.5883374964831702,0.6695170772776843,0.4481521210792526,0.5974560647158209,0.695590045961812,0.4742693861543633,0.47953871076461896,0.38649009260316,0.5173050402904246,0.5346250555294119,0.5782026058498185,0.4942268123018899,0.5115064914324742,0.41071514873253584,0.4893754011410712,0.547847152246731,0.3845256429635526,0.4373210292995565,0.6898836830912806,0.6113766397122478,0.5550578257460435,0.4134942562888836,0.5103932276440171,0.5682624319259925,0.5264176199854504,0.0,0.66706179674521,0.464568662836775,0.5429435236269813,0.5850600311980283,0.4435192516318214,0.6271222769988215,0.4952965732139712,0.5879809301571158,0.566441098260277,0.5326175858527323,0.4832977717710593,0.6264718306280679
2023-03-31,0.5131708960085547,0.4602531147679653,0.46577862303221335,0.47089378640416507,0.7348117157113654,0.6972188234969334,0.48781495319444707,0.44961867741855277,0.7267867474845717,0.6267369786690408,0.5203873782256833,0.45041269045470606,0.5101133530213415,0.5434348994386268,0.6632986128386019,0.4047437239244191,0.43666131157716975,0.46827378817636045,0.5883452106412413,0.5936010511521047,0.7229900344193209,0.6357715351516663,0.5225751334291512,0.4316364066452542,0.0,0.6849929800559091,0.6414698114429641,0.5726387255031788,0.5511207553660061,0.4267376883601651,0.4327063876547237,0.6110755726965357,0.5157768209552371,0.6018451746357759,0.389932308187453,0.6019861678735671,0.6233509072507826,0.6687499346462945,0.6540892731391874,0.5630952978599287,0.37864535487052126,0.6189627356286792,0.4834038839464843,0.5711421012929682,0.5965452134200249,0.5097277639440159,0.7039437933349583,0.3421953570833681,0.0,0.46781789908833,0.5047456080620423,0.5830432131323889,0.5540249560617782,0.4881287900103707,0.5529105781924438,0.4689263189867387,0.4798089671721327,0.6527695966163793,0.5755964977782392,0.5878092088282936,0.7054349653675386,0.40059400363021874,0.43620991603745557,0.4229757885677261,0.4060089758355712,0.5051770151978893,0.46506050212574634,0.42051115122595206,0.46038419883229387,0.5872371617637456,0.6713412842296372,0.4698324593802675,0.5909508416804932,0.695604648416246,0.4539753486574531,0.48698960236955796,0.38588052587158306,0.5143866052839875,0.534699429481364,0.584656224107614,0.4930990453856778,0.5641601796653714,0.4088141079629245,0.47437969035945887,0.5479548766539762,0.38551933070125727,0.4374895680012956,0.6950610957190413,0.5765901896699315,0.5433132081807596,0.3967076643659224,0.5111345009547237,0.5660989675508139,0.5051440266281142,0.0,0.6668779995330121,0.5198480904991157,0.5235804814147333,0.5935962535403657,0.4031143832520984,0.6495145444784377,0.5168376816575219,0.5615695275837934,0.5656251059237457,0.5404498617566089,0.5026955108726057,0.6277010977802445
2023-04-30,0.5098953041037341,0.4426738711634595,0.46881373400842935,0.4725374325252231,0.738113825582664,0.6993640565931786,0.4910293344735908,0.4386892178804152,0.7270689096857963,0.6206684121656554,0.5170309832799455,0.4201455158956385,0.5123681918457598,0.5433711696549917,0.664519072191083,0.40904000052815526,0.4384779890432854,0.5165036380395904,0.5839282351230213,0.5944950802720382,0.7232062019882556,0.6501449963373529,0.5187872167663758,0.4365571262020264,0.0,0.687602872021244,0.6426791988764207,0.5698763769128118,0.547839572549669,0.43178934435962857,0.4321862330320676,0.6149852322775023,0.5183509686835636,0.6024240989596564,0.3934755367531483,0.6037667066210931,0.6232837530303231,0.6698321082752048,0.6538828012902984,0.5580940472744854,0.3810578225478911,0.6178020667934983,0.48689759602077903,0.6100955807480778,0.5967926349075058,0.5126308892033687,0.7070689115954318,0.34700279577444065,0.2909962726931808,0.4653251955281133,0.5072543992218017,0.5826537808290444,0.5630251961328093,0.4925348499518298,0.5562104824038856,0.47197583127992954,0.4836472811746124,0.6570164360559767,0.5506753975562629,0.5911805341037409,0.7101670180144163,0.3938188271268657,0.43233510553767407,0.4206680094914275,0.40923854374510255,0.49958937147017346,0.4693634241227619,0.4246403035360377,0.455661456680122,0.5906132385811702,0.6743145195152627,0.4720311737974484,0.5896145177885845,0.6976269677653183,0.4562580307071076,0.4849203810569465,0.38261335435697297,0.5194426116856725,0.5386574860832278,0.5840825751858786,0.49432971962713335,0.5643783153194379,0.41008935942973673,0.47648867427376435,0.5497981938059292,0.38915359668361205,0.43957346673404635,0.6970666620257908,0.6185009871531407,0.5414629229212092,0.39486845131133097,0.5144430640698201,0.569895148374727,0.5143369508029072,0.0,0.6682694863449701,0.523094738363999,0.5730343443609439,0.598556747649796,0.4058388197948312,0.6403016173309753,0.5172569927589465,0.5573009599970493,0.5663829748635795,0.5439068188745514,0.4295007999254599,0.6250466379768438
2023-05-31,0.5027681470955865,0.4231407016820251,0.46592066123201625,0.46917291023933466,0.7361575924406693,0.6974123252348576,0.48774336484770797,0.45780522598629164,0.7189757433808154,0.6351759630144358,0.5156647814322657,0.4025464590128486,0.5147532499456603,0.5355560524402192,0.6627812277745645,0.407726143104608,0.4374725288850584,0.5110374063799907,0.5729342128504672,0.5915201690633233,0.7196847679977089,0.6463263325262348,0.5079254489288577,0.43347720375016136,0.0,0.6854604846068331,0.638972730511271,0.5642533960911799,0.5420477697200441,0.4279754877425768,0.42818765843010187,0.6133683670777963,0.5162000473022219,0.6027941192293077,0.39106816132185374,0.601536747115716,0.6179914682218095,0.6631341453098478,0.6486572422977055,0.5524167070113482,0.37943341738534747,0.6247112183648483,0.48274412722645205,0.6065877083018855,0.5909228446819101,0.5084421078756746,0.7040986447995327,0.36722821903471253,0.3677088522876356,0.46301679260274237,0.509333294403845,0.5815094512609721,0.5596429885370225,0.49022472556489494,0.5536586106090021,0.4688659725319581,0.4790583893046513,0.6548371123223066,0.5486437286583948,0.5868755609266827,0.7135892166449149,0.3893271954448609,0.42772534061564366,0.4134241289491652,0.40770350009081546,0.4942487011644951,0.46700510748663787,0.4201137143231015,0.4509757425709293,0.6148447669096865,0.6720797286102751,0.4719806539043174,0.5871181396268479,0.7018699708051942,0.45358181510718704,0.4797091979817188,0.3785746736812352,0.5272608073745046,0.5212956848856762,0.5787372349279964,0.4903640541516825,0.561640441811879,0.40583580985999507,0.4734753608063025,0.5548856669727631,0.3875959948818736,0.4380730758608923,0.695527182981544,0.6102431861163571,0.5333326775047899,0.3905500843377554,0.5126813951237069,0.5699791407890133,0.5539178800227335,0.0,0.6696154626768369,0.5177302457829913,0.5739611683464692,0.598795170352683,0.40770482921125445,0.6395038077395092,0.5133222766037794,0.5844371232210305,0.5643964341743174,0.54301908968832,0.4173763581939616,0.6264032252884949
2023-06-30,0.4986974670217647,0.41072421594116926,0.4659252006766156,0.4681244485260022,0.7366237601027625,0.6974088832821643,0.48623873459111144,0.458913939742233,0.7146085889206886,0.6293187371801346,0.5089890593406272,0.39876030772830595,0.5105659465063046,0.5312277288122369,0.6616646262726041,0.4092442642068045,0.4381027005481351,0.5083295791377379,0.5663965594149821,0.5897673002491516,0.7202515527621548,0.6438715846148024,0.5017381158932936,0.4343859128654368,0.0,0.6854005594072156,0.6376931231260605,0.5622461580836076,0.5369126865757172,0.4287336040292186,0.4266184932076146,0.6143829012900555,0.5163893303841074,0.6024809490090068,0.3881846192625341,0.6012113224508462,0.6151340277015602,0.6601538161269802,0.6462535544943453,0.5506279562938539,0.37977185248210493,0.6208624133253041,0.4824464807161562,0.6048395206700397,0.5881572480375865,0.5079452714996183,0.7038628971554122,0.3674141582170672,0.3647153605330381,0.46258093874242445,0.510797505759045,0.5808374641540319,0.5545593562365162,0.49115269721499927,0.5541089026960268,0.468147957405749,0.4783633320650218,0.6551570736852609,0.5486678323479578,0.585580182985165,0.714280184557766,0.38931298822760574,0.4246176436004073,0.40921041669580516,0.40848908636348064,0.49056972720412495,0.46791455791636405,0.4198433654006788,0.4491902908278076,0.6137756058384046,0.672183465763665,0.41929959359888225,0.5862065840147231,0.7009845134149761,0.441752925065568,0.45485162986348765,0.3783169885580834,0.5244661670043606,0.52159235281726,0.576321618872674,0.4887465935159228,0.560547210148859,0.4045241206530312,0.4729752497246625,0.5539778965434705,0.37537206868012235,0.4372291018199239,0.6956679156341905,0.6041282751386401,0.5284406637993904,0.39113773830725485,0.5133935971898185,0.5708470708310204,0.5525092579065073,0.0,0.6695513549656522,0.5166801791543623,0.5714385937395767,0.6009342645621708,0.4083269132662665,0.6312013838942983,0.5120308542065288,0.5786417189730185,0.5637358718056468,0.5434860423434211,0.4084608072448238,0.6255562575034729
2023-07-31,0.49494514527418815,0.4028119861163534,0.4658734512063017,0.4669094963618526,0.7369474452879324,0.6973644098018502,0.4841484728325304,0.45993924283587767,0.710268152583292,0.6235219398989533,0.5026816851160889,0.40108595145925785,0.5073413574711502,0.527144979802151,0.660272594710211,0.41068607300419113,0.43897443918376977,0.5061206127921739,0.5609954002421648,0.5880288122118417,0.7188791788399073,0.640914713611646,0.49592412943512226,0.4351794795607984,0.0,0.6852590529646556,0.6363811144439502,0.5605135111674918,0.531784174576563,0.42958881561432805,0.42521085218790644,0.6152444690359862,0.5165469069703207,0.6021317488333336,0.38861681021703576,0.6008515362493264,0.6123746989663463,0.6569296318934248,0.6443575654667761,0.5488849222662477,0.3800628920247151,0.6171163440947564,0.48219606108178886,0.6029995767656894,0.5855854475679007,0.5075710465470133,0.7034974850967535,0.36769818124930337,0.3866146693624422,0.46220852578844335,0.5123185373566572,0.5801213299575037,0.5539264033137788,0.4919353614198847,0.5547174903225254,0.4671644980424693,0.4780485860755269,0.6551783863477232,0.5486965949901841,0.5840729123198,0.7147363269943954,0.3893468798942328,0.4218920607263355,0.4055486917492673,0.4091847481034649,0.4871505618097184,0.4686970491754522,0.41951086869595267,0.44762993631639947,0.6131673105701767,0.6721732280022905,0.42119315655654144,0.5852850244309482,0.7001212419775377,0.44230952637526444,0.45443956422653975,0.3781328546679602,0.5218968762444457,0.5218277156900719,0.5745806430999317,0.48711747040800557,0.559641652441049,0.4033858779537654,0.4725334920027853,0.5531322769583706,0.37620065594344143,0.4339906746674186,0.6958427800879468,0.5985243032853519,0.5239048271259689,0.39166986807727544,0.5140166497971218,0.5712714552203462,0.5512549438567977,0.0,0.6694768892325829,0.51586050546638,0.5689345971545647,0.6029008962365683,0.4089722788846125,0.6240427907564162,0.5113265907271315,0.5725828458645402,0.5631201935899848,0.5437133388744956,0.40066239025640105,0.6246777353448255
2023-08-31,0.49859106160402406,0.374961643865319,0.4644492884363236,0.46445769985360863,0.7358757525449735,0.6961992278900706,0.4802623630883707,0.45755528778492077,0.7162048355890668,0.6249384318814688,0.5291051895840109,0.3744430017715105,0.5366079375297005,0.5269585325656924,0.6274937888398467,0.41473894080141965,0.43909002078669357,0.51136675073993,0.6032067589172344,0.6298828633509594,0.7135534526128585,0.6362922441358847,0.4965056875061105,0.4341529186527602,0.32854930351167333,0.6837612448331537,0.666486812671231,0.5559290257023688,0.5164841975445952,0.42842881061326454,0.43981281646227277,0.6147657955444977,0.5600542382441086,0.6105199291197553,0.39148349508936925,0.5986351958924514,0.6069181615442293,0.6384753346241046,0.6194518296902672,0.5536685466708615,0.3794224086532255,0.6434359927691892,0.505099453090682,0.6038987645962459,0.6092443772440465,0.5437702668217207,0.7021228327373565,0.4599670035442095,0.32557967716253644,0.44039683058121737,0.503891342015189,0.5847884252854959,0.5612115930272774,0.4911531857002772,0.5674323701488615,0.4642389532148367,0.49735990229016347,0.6553882807781215,0.5590577354091644,0.5776009485654122,0.7189178261596678,0.3832037194137899,0.42569574276280087,0.40746195550624414,0.4290586582096829,0.5337988024608494,0.432338310944615,0.41714081005774084,0.4490336405130206,0.6113444404509408,0.6706670674036336,0.4225046441807498,0.5929414818457274,0.7218351492928295,0.4631683100628596,0.44513739832162624,0.3950807932540356,0.5380904439356808,0.5261967055808393,0.571695186981886,0.49706687855529236,0.5696525163509828,0.4008960810484241,0.47080430049282335,0.5555038465551682,0.3758374174829884,0.4319749147538437,0.695042461796372,0.5968546477514685,0.5384738773941005,0.39621671323151153,0.526798512815451,0.5702348203729768,0.5478112588885311,0.0,0.6757745600431062,0.6282701383062018,0.5655312508926194,0.603333733784577,0.4150863446400025,0.6489076240623338,0.5561530383226443,0.6315932234759021,0.5753389677378566,0.576797252152451,0.4467070629352232,0.6341962398728819
2023-09-30,0.49554480710749854,0.4448491939008332,0.46481564641468676,0.48787300118437,0.7364315787826199,0.668740216899875,0.47865897169421484,0.44865933777868233,0.6984400023465382,0.5972184849090195,0.5349570850766842,0.43988453196741134,0.5195677708469336,0.542489941488721,0.6333683124808747,0.4221906177152546,0.4339076907036159,0.4730634322169655,0.5821198651295805,0.6402971153945625,0.7247851138581268,0.6494113440445657,0.4815051434979801,0.4259440576966037,0.40636906091751984,0.6819598549693463,0.6644862827874394,0.5809382212473476,0.517841374017508,0.43024717199420776,0.43873217140192844,0.6141425234127836,0.558307821370809,0.5662959971084449,0.4463352716222577,0.598528655296279,0.6062067330164362,0.6051391302022057,0.6175450877769082,0.5592262906362553,0.3799648663237963,0.6512006463038581,0.5045201941410586,0.6137663227643141,0.6054141702931438,0.5506436865255138,0.7013334083838726,0.5275523703380663,0.34543629162127215,0.43101166929593493,0.47496834432288954,0.584534939128649,0.5757514056723525,0.4923824954094395,0.5786022969138547,0.46299705333412344,0.49904262890874646,0.6750754140835225,0.5142429877861023,0.585026067714619,0.7199293875143824,0.37283290595392216,0.41075581981592074,0.3887668066981543,0.43927419207494245,0.5215632166907549,0.4391867009869474,0.41750997567385206,0.4362342747771598,0.6115416791064776,0.670809989172606,0.42474806144701804,0.5672730470936087,0.7220921975857442,0.4525473690819743,0.4540870127135251,0.3804138704082792,0.5474673101125654,0.5331689986496297,0.5859379319230745,0.4855998039554267,0.5541166358716332,0.4005176562542972,0.4707709930202086,0.554283057672278,0.37698055953707427,0.42922826358349203,0.6840966716839924,0.5930245014359505,0.5722976178859169,0.40433345109622004,0.5285960789806416,0.5663173737556423,0.5181554465506587,0.04666185896272398,0.67836526623504,0.6300656681744258,0.5767211516788155,0.6050779437526154,0.41831244224670205,0.6485551661400902,0.5186309282136389,0.629508135418199,0.5751246328541435,0.5863682562235193,0.4388938348540888,0.6330073050694922
2023-10-31,0.5012445169883321,0.47422072366981477,0.4669451706398451,0.4884626053794003,0.7419721164450919,0.6542276532235816,0.4805630153889738,0.50318797194885,0.7137999907827013,0.5928973298715841,0.5295636001086088,0.42793366260196436,0.5169233540018338,0.5490583211580745,0.630251913857374,0.43050395757713267,0.4360335301980603,0.47180093145336344,0.6004073386332188,0.6385221783506853,0.7244381500267963,0.6777072780996374,0.4483008403963375,0.3900489110785206,0.4063347837158394,0.683528833192792,0.6663549000969012,0.5880060075413718,0.5148353135726298,0.434973585544574,0.42640588646335076,0.6169165675569523,0.5597166196948623,0.5668299865589652,0.42113192834145086,0.5984032765838786,0.6104396303022346,0.6164292950619926,0.6599062544062647,0.5587858388397823,0.3817365787942749,0.6641719561593028,0.5213026331696049,0.6252165151339527,0.5994685217468609,0.5512295945781365,0.7110411112676351,0.5281064278969434,0.2834848767871793,0.4100517323030409,0.5342371705989674,0.5868986145309967,0.5755277899596609,0.4955753910870945,0.6136134963058113,0.4631767471057873,0.482077278263544,0.6975183796088379,0.515077714259764,0.5910683928431093,0.7281319641399485,0.3757929945216023,0.4070764349832699,0.3988688012427905,0.3981542005275159,0.5757879773613603,0.4695481193421219,0.42043527943433967,0.4254272906585486,0.6143307441038274,0.6930007948075353,0.4377883692287461,0.5544627328620666,0.7207178652022818,0.4485728578362848,0.46073353486512625,0.3804095905289233,0.5456527451822848,0.5306878567818956,0.5859998011533792,0.47641247254301555,0.5132636240647873,0.401655637709538,0.45240988697376705,0.5503084603453643,0.37969961580730366,0.4268044438500936,0.6698476706368242,0.5983409236313755,0.5817701271038496,0.4067519568192793,0.5310730799584864,0.5663754963524253,0.5200395833186836,0.2767176982552184,0.6793028863070395,0.650858613096482,0.5722012042047016,0.6083250748392957,0.42973125580510946,0.6796723872373573,0.562326772133978,0.6279433132120278,0.5756549731087292,0.58903557923152,0.5122050130657512,0.6309287278803434
2023-11-30,0.49758922330083866,0.4558611435132182,0.46609776206446635,0.4865940854159901,0.7414629798602597,0.6538398919192837,0.47773482782200893,0.5031289207880366,0.7089890908165203,0.5790520901907905,0.5220285977486315,0.41010381533781975,0.48202420460804307,0.5442723279663256,0.6277212729707854,0.4302416186267956,0.4365647430542017,0.5155098545174531,0.5951684526405518,0.6369446915738802,0.7201763215709795,0.6721812799933036,0.4431520935765842,0.3899041144186278,0.3378557643436234,0.6830120427319528,0.6646692411153148,0.585033400407713,0.5105109146165729,0.4352646519600827,0.42458100513236297,0.6169061730333241,0.559430766665553,0.5662714627843758,0.42061876917427005,0.5975965523190884,0.607381631819361,0.61173301325438,0.656575988299799,0.5563114422864411,0.3814332079013973,0.6625147926211943,0.4995391269354441,0.6238120912502026,0.5954229104744252,0.5489573143362586,0.709996803270016,0.5251384945838817,0.27468333728864025,0.4092064010658149,0.534105112240893,0.5850366251938549,0.5731804810737672,0.4953957712194472,0.6103210614815642,0.4601545508006929,0.47479397916608085,0.6982048702478936,0.5142335610511208,0.5890309140284987,0.7276632520837198,0.37529110043712816,0.40414705475916957,0.3949699101053803,0.39813060005200873,0.5719957850743905,0.46925340068446775,0.4190777965149372,0.35945710257108593,0.6140828410646599,0.6924111470016048,0.43930578237663215,0.5537288589379993,0.7196800883387583,0.44833437623337874,0.459586269226294,0.379543513193208,0.5423090005108808,0.5299272779200168,0.5837921531086667,0.4749780317113166,0.5117642851370006,0.4002714321483777,0.44870487266777764,0.5496447255950239,0.37973027288650923,0.42283042357891315,0.6697783440311817,0.593834996746377,0.5777975208628772,0.40621362367872815,0.5305403595210042,0.5646529055507827,0.5175233705931713,0.2630131384998703,0.6786871589508333,0.6518453939074537,0.5704803196625371,0.6138467966116945,0.4248409666205439,0.6705373226389059,0.5581716320966077,0.6233391521334026,0.5748399103054861,0.5889404893833052,0.5061097681988954,0.6303266304139301
2023-12-31,0.4961696737939078,0.4412123668314617,0.4680252941195754,0.4867556590046897,0.743038296610582,0.655348848985499,0.47742964669094196,0.5054274787622907,0.7075172860538107,0.574284381310876,0.5168973683032,0.39882340698132335,0.4804017751701114,0.5412721817422406,0.6259805089809066,0.4328304463819164,0.43849392046706404,0.5147739067380247,0.5922509455713657,0.6368403089682807,0.7182793921424375,0.6691138550067599,0.43951630598164476,0.39222528305661614,0.2797177320927395,0.684333519089827,0.6648534714819011,0.5842854118563389,0.5067205746861202,0.4395135290029496,0.42374285920158183,0.6191989515885071,0.5607411781494914,0.5665306918819923,0.42274262324731704,0.5983775349493874,0.6064973237477854,0.6092421152244402,0.6557719372137438,0.5556132027098794,0.38305624523786,0.6625902498075541,0.5195498762896409,0.6234974718082039,0.5938829331398622,0.5456200357057794,0.7116442597738224,0.5256413557518536,0.2789516911063434,0.409982912315787,0.5356588517492101,0.5869512000050734,0.573247239451623,0.498137875421858,0.6113536690891076,0.45950868265801376,0.47141354252716283,0.7014401488352419,0.5147752195212169,0.5895145664132659,0.7295709164398441,0.3760701620509917,0.40249868037255837,0.39325026406001634,0.39999652511185335,0.5693281703381674,0.47208281421455384,0.4216402934809251,0.3580404636593627,0.6170283195912823,0.6942459847518421,0.44224284633756883,0.553573090371526,0.7209443302466242,0.4497182664479999,0.46111761720691746,0.3803177710540388,0.5468120531954428,0.5320933238814487,0.584196033676821,0.47533084120155644,0.5119863348747935,0.40122714061793746,0.4054930121630591,0.5502119277793264,0.3821421207594166,0.4207862178628846,0.6714078672973934,0.5913828985479763,0.5763784606532899,0.40814304619730063,0.5325423105622842,0.5643619063188622,0.5191912061820656,0.21045470729524765,0.6793720794813011,0.6562578188303482,0.5704069435282813,0.6161456988285176,0.42101390880344014,0.6625498460958089,0.5580406829126112,0.6201894540369768,0.5738446590708852,0.5904287443772475,0.502524552072966,0.6297887831373918
2024-01-31,0.4961388391676305,0.4294049998097248,0.47288011916570366,0.4882597205819593,0.7460978722133557,0.6579928914934472,0.4791138379400301,0.5096023220487902,0.7026645901029384,0.5701675933771277,0.5126736960532751,0.3655502739839126,0.4802531292804461,0.5392231877470328,0.6243917479270349,0.4412081141629028,0.43946861632156303,0.5155564181986201,0.5901995354839313,0.6378984648667504,0.7177827502424757,0.6679666397071259,0.43684482761332216,0.3973522870158593,0.250859343212362,0.6871970523218834,0.6664985368657677,0.5849997978393071,0.5014209889139541,0.4418480843407148,0.42362551963613293,0.6234155016324616,0.5641218035994503,0.6139012680994266,0.42739731786536184,0.600279850588604,0.6067678483034665,0.6080917825111107,0.6567799100025639,0.5558604215042852,0.38698372065162784,0.6635503816645293,0.5224184830845707,0.6237540082455649,0.5935094945822844,0.5451721187576705,0.7158686487891496,0.528772607401166,0.2925831370574079,0.4073740222220351,0.5354465468906526,0.5918124378197146,0.5751077067245959,0.5037056427973833,0.6145903964624266,0.46049549076874635,0.47006705560713236,0.706808617939538,0.5161125155337001,0.5913447448494195,0.73254701427913,0.3778799222425958,0.40147470407310953,0.39293278149994737,0.40388937435115757,0.566984803607058,0.47790656416279736,0.4278509732040834,0.35714342090521833,0.6237246835677941,0.6974326964584433,0.44688701214827503,0.550767299120285,0.7236893023575578,0.45201478421816466,0.46474315039608466,0.3822208549590059,0.5455177915484718,0.5362724386238386,0.5865368416980672,0.4773036060199534,0.5131714501249216,0.4037336683697285,0.4034683673571873,0.5515672903412329,0.3870942317258801,0.419782149146751,0.6743457928218343,0.5897411596799169,0.5764455307121332,0.4117599648528875,0.536385083441381,0.5652594293760057,0.5236290668914501,0.14606534685483177,0.6806896906069108,0.6636329212207484,0.5713194531929117,0.6202348797075881,0.41196976592347495,0.6544701403581095,0.5598895527795023,0.6175301134373382,0.5724617956958471,0.5932335411034131,0.5005867752448815,0.6274758388421245
2024-02-29,0.4957954407239936,0.4213805661600404,0.47699648860647076,0.4890739605298644,0.7481870135259276,0.6596857612086158,0.4803081730389321,0.5128137700711464,0.7015601100878481,0.5661053385837903,0.5085454748674798,0.36605192796348335,0.4801676223342888,0.5371577665670145,0.6223202670341216,0.4451723583692039,0.4393147064236747,0.5160784955447972,0.587517998179715,0.6383301526623635,0.6491624205052164,0.6669055881939661,0.4345968302717818,0.40181514189979717,0.24214532767742147,0.689422393867832,0.6677246498489232,0.5852128576285206,0.4969175126584307,0.44741729282431836,0.4234946844046735,0.6266042496651308,0.5674114340175587,0.6142962156876883,0.43101277732128745,0.6015334915209023,0.6063226409815181,0.6065551881956545,0.6574344022921601,0.5555702829577408,0.3906310040991651,0.663614960209183,0.5235286868123212,0.6234394613645018,0.5923438949954626,0.5483237661697159,0.7193666191237019,0.530882357156461,0.30317238013463926,0.408607480504155,0.5377833589651212,0.5955254771830258,0.5765679154009266,0.5083011038081772,0.6168877974029022,0.4606774762845733,0.46807090289575914,0.7108217151791772,0.5169635318069682,0.5919036566373892,0.7341341691448653,0.3792892169489384,0.40041032889780753,0.3923899476623397,0.4072599026356974,0.5645758731123274,0.4824212756128754,0.4329385684667675,0.35637244146609875,0.6301999992588877,0.6996300685527742,0.45103005008664837,0.550594219975142,0.7254780972322586,0.45347350877598175,0.4675946534967934,0.38353089145064373,0.5440063196086533,0.5392352852129961,0.5883445701227847,0.4789526519052565,0.5138175380682025,0.40539917248582186,0.40141223340595295,0.5523952561682354,0.3913073963003831,0.41876486080381237,0.6765912470904341,0.5876460136276495,0.5758836842296104,0.41429242376647424,0.5390925091599567,0.5658440502978586,0.526665154021037,0.12618548758349238,0.6815542148860064,0.6691951668705065,0.5715309539428358,0.6232833947893391,0.4100603073744114,0.6472800313396879,0.5613497790772423,0.614123506699972,0.5709702368306766,0.5950812914334883,0.49809170903645633,0.6259309456604332
2024-03-31,0.49391504712558754,0.41465807678183203,0.477548657800114,0.4880254726368082,0.7483040871312054,0.6599357977404784,0.47839427760133635,0.5138834506295371,0.6980775371983011,0.5609408555243098,0.5033229728275346,0.3685313135979587,0.47903221095792076,0.533780327031012,0.619262831783872,0.44082680110014655,0.4369405742456326,0.5152140834082098,0.5832864557861355,0.6369886981922745,0.6458235005389726,0.662975251358857,0.430836689396493,0.4028991519508367,0.2383829514510218,0.6898400560367813,0.6674307295714276,0.583853408864368,0.48858974161911134,0.44951257632836816,0.42240818770753147,0.6274390878173907,0.5680070990401904,0.61394562937806,0.43171908474427223,0.6012862315609928,0.604120580668206,0.6029761171992971,0.6564117624995346,0.5539578599286936,0.391375801575306,0.6620789051493345,0.5235334836370672,0.6219542180728935,0.5894335645205674,0.5489399736883785,0.7198693354975637,0.5298564690264312,0.31334665161720093,0.4086176010047693,0.47607694474951706,0.5961551560858467,0.5763456799834467,0.5094206752294925,0.616972257302644,0.45838357046408656,0.4637324032877536,0.7122584090369226,0.5169524933103117,0.5902814452239599,0.734190105359595,0.3794082431630751,0.3987160342748354,0.39021979508065896,0.40809175596489344,0.561475637355549,0.48340581363306634,0.4335324475108972,0.3549830007617287,0.6337857277832611,0.7001622868142104,0.4539732706310519,0.5498375256123141,0.7254737231903269,0.4536699321967871,0.46826683726035273,0.3834261103729643,0.5416220596113244,0.5398147563297235,0.5884902901016031,0.4784990812878799,0.5134235350330703,0.4052356448176106,0.3972300378102522,0.5521706999236702,0.3924180898530946,0.4169616071081372,0.6746163562130412,0.5842499349374662,0.5732000527312652,0.4147964028392995,0.5396005849407516,0.5651944834101638,0.5269673316203631,0.12369258470377831,0.6816457298870452,0.670996752790859,0.5700704768335999,0.6241492528705368,0.40553178961965086,0.6401120201631697,0.5610418145137667,0.6047087471820646,0.5011751019219614,0.5950461332397303,0.4925258677883986,0.6247568470930928
2024-04-30,0.5140932858210087,0.4082514957109554,0.47400653289334105,0.5640065830628677,0.7462359804929651,0.6549156010273028,0.4728172256270875,0.5125493053051234,0.6869112089620646,0.609472012442718,0.566658048310577,0.45529363370061265,0.518549499448281,0.5140842338219768,0.6252807216400533,0.4425834828977833,0.4319460882294198,0.49331285418997256,0.6420044861253723,0.6722862988628141,0.650572059678329,0.6554271011586967,0.46163822443453917,0.4000920927481934,0.37083600275387046,0.6988197493838662,0.6642758663882034,0.5951177865542602,0.5101713023279695,0.44791417414961004,0.4352531965245197,0.6545738319631533,0.565319237662504,0.5801776549044686,0.4289136661833396,0.6094856296203818,0.6066226147338869,0.6436442332857223,0.646436726792963,0.5581393806409871,0.38865247946989023,0.6669330251744301,0.5292099849955042,0.6379490293205471,0.6230742709518285,0.5466863248016338,0.7408751199831779,0.5500791345070887,0.49811785278142706,0.4185086183876003,0.4783940683475139,0.5879714458213537,0.5956894826743735,0.5065891115229798,0.6145727892398466,0.4531995452779407,0.5064490335107464,0.7107978288523024,0.528543102388281,0.5914135213153683,0.7326687844739437,0.4121879802111486,0.40901748670901433,0.42206117629632817,0.4286155155800572,0.5784360197727861,0.494951967801829,0.4289953012151692,0.32487786128853474,0.6334890479917694,0.6988420753886749,0.45552215614006786,0.5671915671730815,0.7201186699772231,0.45259452695559504,0.4422148502199366,0.40098175678169035,0.5664287949151038,0.5310256990786473,0.5822469128911555,0.4933946417068012,0.5453791229712555,0.45010942176403845,0.39041516763033624,0.560063930650494,0.38997543801769,0.4217960106802032,0.658333399941098,0.5924324115284156,0.589238717498298,0.41712730182893115,0.5541956121944169,0.5576998406010233,0.5712473914396337,0.128194469648172,0.684784520335454,0.6685539761591868,0.5722580755837708,0.6224916515838991,0.3823009775518872,0.6465580371186164,0.5993673043612718,0.6245663449912676,0.48592535566003076,0.5903225498885363,0.5200834197834108,0.593883229227644
2024-05-31,0.5145716145933871,0.4458582818089888,0.4813114893760117,0.6330121942105532,0.7465324991620852,0.6576358570168555,0.47704680459043464,0.5174854629991427,0.6868511138286446,0.6063450469853516,0.5614596476472425,0.44644554376969825,0.552259504515892,0.5124228291925145,0.6206123850961969,0.4482332946002337,0.5464270655726325,0.5522016502079177,0.6296604903929363,0.60659648044021,0.6517810988429528,0.6575203643320114,0.46240259406037787,0.4076727917177699,0.26556258827915963,0.7019661239918156,0.6662987421149094,0.5962601102202882,0.4962675508565744,0.4562631725284557,0.47135792973837737,0.6586521597390793,0.5716793073957462,0.6314333762841815,0.43535267353150114,0.6189941551438148,0.6071760319671723,0.644529519715737,0.6473311136264027,0.5960616071020435,0.39538599782289496,0.6681620376357655,0.53227308106144,0.6385024724244259,0.6214309068486803,0.5518718797626445,0.7381500543701465,0.5547667998544648,0.4860440647670748,0.42044883490665336,0.48185408286880443,0.5678361829013914,0.5977968589793743,0.5142600427439304,0.6188342185048668,0.4546802214456155,0.5056954683578326,0.7267914316255788,0.5799785478285123,0.5875027039561701,0.7345519896473451,0.4147696501536433,0.40823870969946346,0.4223224656926856,0.43469962266434614,0.5760849283660116,0.5013099536100257,0.43818760875938717,0.32529466926326744,0.6422953827891523,0.7017953949505198,0.4611223561038862,0.5646692200853158,0.7235381642085559,0.47689220123824944,0.4462992436564403,0.42487083187045,0.577352973041604,0.535881972052821,0.586239736105959,0.4981272464688059,0.5531150005591599,0.4637928508707759,0.3906603421780422,0.5613829552604805,0.39700914808508675,0.4219149580273662,0.6570805768158929,0.5909829922217158,0.5901441087192401,0.42099737167619267,0.5563295065541451,0.5586257139397238,0.5766357328903543,0.14020303576254245,0.6861911490008429,0.6759403233608842,0.5719478310184714,0.6298250687178738,0.38326498261288094,0.6398121488672284,0.6266474860512457,0.6207371615478059,0.541852443351287,0.5928294783510263,0.5727030062506843,0.6407253989679792
2024-06-30,0.5146936520674756,0.4465447280384046,0.485537399093802,0.6340151045113938,0.7482679978572837,0.6590937296019137,0.4794307577040358,0.5209087291111817,0.6856688492325551,0.6036071190925639,0.5568186626851523,0.4429527692379613,0.5505776293838097,0.5107339270269846,0.6167257444460496,0.45187860894768317,0.5497585641233458,0.551977293065245,0.6278047794361322,0.6088531806856384,0.6522912771266743,0.6584530798590007,0.4621583777303362,0.4123080030573842,0.2679716430596768,0.7040210690711145,0.6679786727155818,0.5971522266708357,0.4892307344353475,0.4613817634554424,0.47242526550467756,0.6608911136866101,0.5761567305288108,0.6316724172345819,0.4393201099065764,0.6200479034866633,0.606771212466545,0.644575318187263,0.6476704377181731,0.5953060330923455,0.3999326001900445,0.6687283816258582,0.5348187381021153,0.6386547824989764,0.6192549709240432,0.5552771927867061,0.7429755479909219,0.5581053069129713,0.493188168316461,0.42152207652116463,0.48451687895530954,0.5717988542160035,0.5992928734976111,0.519050731855605,0.556002676950823,0.4548934801614995,0.5042231869164836,0.7305250851227589,0.5805933274002377,0.5880475437006717,0.7352744989198262,0.4165792117719639,0.407425655372077,0.42179305704331665,0.4385318669354979,0.5738056675576192,0.504503710771887,0.4438326468016919,0.32546685067306835,0.6488199547199448,0.7036376179200136,0.4665098091533469,0.5620114698415013,0.7255117202631601,0.47744678296112253,0.44951152196340516,0.42552473507930944,0.5753672637470099,0.5389305261228842,0.5877956915106027,0.5011423893909052,0.5527713845359148,0.4635060005429502,0.3903369307992108,0.562055032016821,0.40143775517540053,0.4217128394869423,0.6559988748936519,0.5889218718004829,0.5899089686191324,0.42335497583989284,0.5574136679083705,0.5600068489557941,0.5799790222757296,0.15320253219240393,0.6870377362826303,0.6809382622324309,0.5723243695067227,0.6333394468765167,0.38372313957114607,0.6343911954306459,0.6284183294016422,0.616933298349834,0.5422437358777181,0.5952575849968669,0.5722887012017223,0.6390134381026445
2024-07-31,0.5229812230251747,0.4448325680255453,0.48138517907337736,0.6340193496250763,0.7457565543924239,0.6566894869384818,0.47226589438277344,0.5194751775012342,0.6600263955029875,0.6041894279552336,0.5498226552030915,0.48572036258953105,0.5698566850160895,0.5274257615066257,0.6307785378811269,0.450052888499859,0.5448473715762522,0.5486980263948265,0.6803031186177582,0.6479813235048021,0.6723792998441617,0.650150434868866,0.5149105084437081,0.40889494661379255,0.2793907973785158,0.7250617404385178,0.6736962222901078,0.5756531313998464,0.5484053972038316,0.4598940444489256,0.5240100370261354,0.65955875654314,0.572064020571607,0.6392090405134397,0.4361103737695537,0.6197122311912457,0.6023971392463872,0.6294573720924683,0.6584391647351793,0.5922733072144927,0.3959440943943928,0.6668370193574629,0.5339294540812595,0.618372502030793,0.6362380002061983,0.5532290287081864,0.7100159220436982,0.5550029918627132,0.6327384271845046,0.44433395367677586,0.4598313887764343,0.5706650360736014,0.5658624860077038,0.5153761541491076,0.5542866280570619,0.4491256061483264,0.5375217193240319,0.7289649933698116,0.5805605571313532,0.5838428381846759,0.7329371235348593,0.4650650780723658,0.3716474397364446,0.39419299908456823,0.43487482818705653,0.5905055486259987,0.5021276987979694,0.4382066384986404,0.374887799986075,0.6466962575605316,0.7023106143587542,0.46909652206022584,0.584075764050025,0.7292667444396173,0.5001838538484631,0.4696834442901775,0.44551701219209666,0.5716806884815826,0.5202489018230332,0.5851818926560474,0.4968134901314269,0.5512461427459567,0.47847564015546173,0.38317366203246755,0.5714790551782352,0.39818913848386367,0.43068745663922764,0.6514755994717477,0.5919373852022145,0.5845565684811885,0.4218902518537723,0.556297997062272,0.5582682821952148,0.5780228513701673,0.16516136871234163,0.6888007447204969,0.6784864337054272,0.5460729184076564,0.647368226526655,0.45951574328911676,0.5872067557281382,0.615604930346603,0.6076736419361062,0.5669452294502227,0.5948889170037749,0.5759578791581311,0.6001430211683701
2024-08-31,0.5346050052585337,0.4800078530879673,0.4180270476419139,0.6737610871559856,0.7492268150046034,0.620428365863536,0.47943922633580155,0.518018881809687,0.6599114370925913,0.6013142328583262,0.5295620203163188,0.4682518767248073,0.5624525634438041,0.5260559530285627,0.6361570927549483,0.456425114120723,0.5433812600676092,0.5433752342911188,0.672686581239368,0.6525085647285765,0.6671293208272853,0.49770064304332207,0.4975409356268408,0.45665430024683984,0.34048516186326455,0.708139696554314,0.650906416189369,0.6198713706626192,0.5092348651072334,0.4681232598811366,0.5147692673953946,0.6544153836945683,0.5808898444312044,0.6406137521333024,0.4415739986180876,0.6279659635834168,0.5956574237048811,0.6542019893747578,0.6950902411509813,0.617530433629227,0.40471521614970285,0.6680003416718365,0.5384475168781834,0.6194249847891428,0.6148239537847511,0.5595457598566681,0.717784062523052,0.6334261261009557,0.5119759856986741,0.4457342282396365,0.46438033934486267,0.6233504525459292,0.5405892676119338,0.5241549407347896,0.5720846497034504,0.4425662547322023,0.5090121661734689,0.7352401307435218,0.5726019861529171,0.5976061165384338,0.7236582405174997,0.4684208381411181,0.37958360595143736,0.40666615596377004,0.43790681326340014,0.5821872783371124,0.5074550101988489,0.4492135309629222,0.3670050273780899,0.6571507595711487,0.6963266662913253,0.47453947004174857,0.5850752297251668,0.7183305907231035,0.487109093811701,0.5146039204725316,0.44272649443607964,0.5754531351443898,0.524012317143045,0.5203028208365235,0.5037005148784499,0.5508332729461582,0.4735051239728254,0.3868100705488673,0.5680898118468436,0.40622676643238276,0.43145293537285734,0.6605270077083641,0.5561129504979094,0.5824326538965817,0.4590723781756598,0.6050547355525765,0.6059868940597689,0.5612341035756101,0.21877676324761186,0.683697145702883,0.6870998867156405,0.547565718000362,0.655791141147134,0.4386045025989007,0.6024948735759971,0.6609474217340016,0.6657668344055001,0.5384137572643355,0.5992400757540766,0.5792697754983896,0.6445853776289416
2024-09-30,0.5434116250910415,0.48630014100285157,0.42522627888148784,0.6754616678102352,0.7562341379816386,0.6216193891010894,0.4862164724935866,0.5093815656452354,0.6602010872281252,0.6529220216058385,0.517565605982314,0.46879208703737807,0.5549953522252528,0.5738525584906881,0.6384227080894671,0.46219210449585896,0.5492133898232547,0.5456580317707294,0.6684706828374027,0.6564997564056023,0.6751255453153879,0.5034359993934433,0.498730295898285,0.4584071240592433,0.3997733113544936,0.7579459055402423,0.6884313469236076,0.6326451182519166,0.49117575989887324,0.4745887807766265,0.5131185195371618,0.6578719166394295,0.5881236186671254,0.6376276175228976,0.44735750658585444,0.6285668801595661,0.6433461821871782,0.6654006489478537,0.6972586216194614,0.6102352938818657,0.4116782229303269,0.6852533064867015,0.5913579244035789,0.6526448552967048,0.6131482064692854,0.5662481067604481,0.7619839482713954,0.6417433706567429,0.5491228506712699,0.44080677717675865,0.5143048257717973,0.6278651907248154,0.5141853458106019,0.5309675273657447,0.5773050648931842,0.44507406052890164,0.5037942109976429,0.7420272409792918,0.5729181089226102,0.5979138701203804,0.7235028934590534,0.46277998007645493,0.42660777459236826,0.45349853413733343,0.4875008246652726,0.5749379103400002,0.5107830477114204,0.45781925003566876,0.3658006555614597,0.66768555738026,0.7002696401674063,0.4837985310843618,0.5777978026122724,0.6622255017535515,0.4818989997141861,0.5206050636241439,0.44024635144367236,0.5765616992073811,0.5736752492203162,0.571069102508894,0.5109526466763367,0.5513372907720633,0.4740824261473797,0.39219493223616714,0.5752326463353996,0.4123838443094284,0.43168866565031067,0.6651881364879619,0.5994139317822311,0.5818933902358419,0.4585675957850495,0.6067888180110008,0.6134171852550723,0.5317301121819255,0.23028583405366565,0.6826436110291567,0.6962838703948221,0.5487763959604407,0.663331955793854,0.4217253850082955,0.5980487359997417,0.6679101832511677,0.6657452538286395,0.5393780151520723,0.605582270489472,0.5821621944137918,0.6382140547341792
2024-10-31,0.5425035714241873,0.491451907772058,0.4236226206598615,0.6415660801991868,0.7550565367942451,0.619400567768982,0.4816066690190063,0.5014252458086796,0.6591641916813464,0.6187279449876019,0.5128963255200314,0.46280797263378015,0.5660454916518686,0.5375558697920694,0.6377834675012155,0.462675259521481,0.546485808296897,0.5145250917608809,0.6665246649376156,0.6606004921961737,0.643184765800838,0.49690313609997905,0.49474077603748284,0.4583892132244684,0.4128409232956282,0.7623294942826466,0.6880521539532689,0.6030026792702919,0.4834737528988195,0.47530099293013045,0.5327659023794681,0.6575678771819189,0.5867699277613473,0.5944253236324074,0.44691686889538007,0.6278871654121825,0.6411179546450071,0.6669033647527806,0.6971092828409522,0.6082067793607486,0.4102864440132444,0.685813781987367,0.5949101341053415,0.6533640453821296,0.6094661947875917,0.5683157469140225,0.7635335659518299,0.64513327187153,0.6138172297077047,0.43879884941863134,0.48369414540756417,0.6294240008802167,0.5293343064736281,0.529929016936614,0.5790940643851751,0.44078621514566346,0.5047804570524169,0.7445871767471663,0.5748254501129099,0.5955021013605243,0.7214884569312472,0.4335643158561813,0.38391500155184427,0.45062837281347856,0.4872687507021595,0.5717060563886278,0.5109472727834555,0.4557180540061851,0.3929340531554695,0.6678370787423856,0.7006670708468533,0.48883546535034916,0.5854022716952987,0.701647664093665,0.4789683690669503,0.4896046282113577,0.4507591770385847,0.5735888365177119,0.575064721595968,0.5718196404001857,0.5081554245085778,0.5508892752891296,0.47402329227087436,0.3870887948584234,0.574785401538972,0.4115570751727134,0.4312800209862024,0.6691180990638308,0.5952718663874736,0.5782537794875107,0.45915930034660674,0.6069379088149468,0.6152135146432443,0.5314934574297989,0.23801193587519306,0.6872487693771465,0.7004202072217959,0.54641708006982,0.6686486524309093,0.41784708281701,0.5936760703163474,0.6706507854641306,0.6617171259369604,0.5746980241951636,0.6095213541667956,0.5799678180207618,0.6440021654142916
2024-11-30,0.5500401105325162,0.5074899487247899,0.42568378632019044,0.6419588673685674,0.7559041604853202,0.6190424212394283,0.4822114185682496,0.4971440604159563,0.6586358570160736,0.6754874473572059,0.5102664185286169,0.4615567707055785,0.5717824951116391,0.5349726132554603,0.6429011989310538,0.47079417269435264,0.5476017617069664,0.5666926816302493,0.6844934814557638,0.6738410423968673,0.6461931526193577,0.49679026978786545,0.49329235432545904,0.45906614535263696,0.4642276364203493,0.7668710081366416,0.6893183117096191,0.6063622962970697,0.4852116711329101,0.47830773569995444,0.5368711529641906,0.658809617363678,0.588947832988568,0.6432062052739377,0.4489986490516914,0.6317007494451305,0.6400110164493432,0.7175627877690693,0.6339093966606465,0.6070613686607015,0.41234402514026536,0.697555326688256,0.5991006021913565,0.660998611511136,0.6069192225354658,0.5807278061059952,0.7676238443338068,0.6912054378378456,0.673212585818177,0.44197690228921943,0.4915773456519239,0.632641869485654,0.5461330942920833,0.5321297720137977,0.5827907886458619,0.43976454382277813,0.5060333243438686,0.7478871410485849,0.5641571039932615,0.5932819706989484,0.7100004703244209,0.4867472984346976,0.38274413633436993,0.449054352945291,0.487406492374511,0.5785418972015023,0.5122244545327406,0.45813036107213,0.3923686538583775,0.6716366687153386,0.7027974256969509,0.49484335177652883,0.5860686209660005,0.7025316152713501,0.4808355696612781,0.4948754726494435,0.4533296451498542,0.5708537130512922,0.5810562839981798,0.5740396627041897,0.4953483602386076,0.5510658445536061,0.4740140032736433,0.38772021379409216,0.5769611018428108,0.41340399755102974,0.43527893993252087,0.6733224011604042,0.5921363530620697,0.576470622531896,0.4548041287599403,0.6077326310182959,0.6167052079783791,0.5352132231526197,0.25020192638117617,0.684786778185826,0.7060876835121682,0.5455655319604455,0.6742178400293954,0.418815767915392,0.5986318952947131,0.6855331442757913,0.6592670886873793,0.578032403728301,0.6251679575696482,0.5794420680731198,0.6432321722454009
2024-12-31,0.5546674764997407,0.5630926477891048,0.42282477122410306,0.6413105239951109,0.7538637162305847,0.6166766029270162,0.47608107167954644,0.48923641354255815,0.6713189096807816,0.7108377855538152,0.5425488132387642,0.4981661072708428,0.5808646163891319,0.5466401664115476,0.6502711294136709,0.46893657645105125,0.543868927333431,0.5384983479077249,0.6938230608197637,0.6979706296812357,0.6661199331212104,0.48897722168991437,0.47701429768077147,0.4588093458842116,0.5655248979076999,0.7296623132917741,0.6873121870402437,0.6209081461408581,0.49279793061505195,0.47804966828979256,0.5499361891891636,0.6578714478844028,0.5862917093800817,0.6476325752672871,0.447453132516096,0.6046696901800714,0.6377750292108302,0.6926282644172128,0.6215027644055042,0.5760938667408316,0.4097429167657368,0.7034200949701129,0.6010869714614975,0.6448611013907721,0.6031925972628852,0.5404196039274284,0.7665506080004433,0.7044315743733827,0.7328407689529354,0.40693144011020554,0.5136685282565694,0.5915854575532097,0.5850179237838774,0.5299036113518404,0.583748343154352,0.434684357475701,0.5131973809574212,0.7498562120017692,0.5663984992806623,0.5961802994985826,0.7079819689087067,0.4619299328037177,0.3921419627753054,0.44634609670065956,0.44372029731757806,0.5753454571504831,0.5117725232863181,0.4545489040225443,0.42646534474821374,0.6689754749846958,0.7025150729428521,0.475254145508333,0.548223774205178,0.6631346194529318,0.4876300306831928,0.5092147647390161,0.41969895052192324,0.5907182349205425,0.5939778332547115,0.5744261628936188,0.49103017237575397,0.5506094121445517,0.4795355221237854,0.3815551084621829,0.574126308551967,0.411336128039415,0.4364378277914196,0.6760852152464704,0.556188123066144,0.572819790580603,0.42734558378772103,0.591232734309416,0.6158456954229284,0.5690064440274291,0.258503531884169,0.6872008372897908,0.7066074712538201,0.6018948835601428,0.6843919428929903,0.41395930904091655,0.6183835395338931,0.6647146889612602,0.7054858735099548,0.591113002749515,0.6568278199629719,0.5754489595520056,0.602691552659127
2025-01-31,0.5551080564405433,0.5627303332685729,0.41794674543263427,0.6433517977933911,0.7571993814397333,0.6185076189049983,0.4821108827828331,0.488090584275996,0.6515816262145261,0.6780290597283297,0.5388805682257157,0.47178590677199583,0.5966380390804619,0.591410370046272,0.62746437927921,0.4749996502841473,0.5806020284607163,0.5432432841365648,0.5634973735981473,0.6834210162623389,0.7142062707180277,0.5222354232103694,0.5085717588404602,0.4604299474202354,0.6158458746500609,0.7011892057996097,0.6593772822812384,0.6476281251090801,0.4631974454464166,0.4558465960081577,0.49504295316714503,0.6733523389120241,0.5922038193080083,0.635356366927963,0.4525356665372187,0.6061724193199173,0.6383191256312827,0.7160291709081001,0.6087123922839318,0.5912324351675936,0.4153853071153126,0.6679138886858359,0.5934641464436512,0.6662188851554841,0.5898411135709781,0.5600516751187031,0.7603179095412017,0.6894533621685264,0.7042443569419544,0.4543435171509813,0.5020111992198314,0.636708751132867,0.5742220972805111,0.535611993810237,0.49576274458297837,0.46720352396483605,0.47200204366286314,0.7383620964510573,0.5042021499758439,0.5953579438775719,0.6620845124350585,0.49767433863342075,0.43846778375323037,0.44012101742670623,0.48268750503439983,0.5235501818900445,0.5144195359273677,0.4617022651258094,0.38696030344397164,0.6445241473884135,0.6947617659907069,0.47231195460774267,0.5821701937999155,0.7111051962308519,0.45588520034210284,0.5633304833988335,0.44758532405904045,0.5812368476323722,0.6009662795362214,0.5638218990626235,0.4450890811597357,0.5459057640876543,0.4452856309721883,0.39507709399284324,0.5796365200918426,0.4164369251287634,0.436557556251738,0.6463595461506595,0.5999105340088097,0.5734314748953013,0.462712891634195,0.5680665300186208,0.5986946444323634,0.5724291221362395,0.2756096251133911,0.6416017721393443,0.6893199739554092,0.6010736746787188,0.662015866969154,0.42203024090197994,0.5905940147931082,0.6467025587786337,0.673683881757739,0.5517787850451037,0.6455283871853247,0.57864730321875,0.6359786680866573
2025-02-28,0.5366283628693576,0.5791100994474505,0.420319322820768,0.6461720102693974,0.7239340535064915,0.6256713411466,0.48424610048736316,0.46735073958436474,0.669175924463713,0.7038255247453202,0.5468962763402467,0.46767576355099805,0.6236849053538469,0.5617856466983778,0.6184787033148604,0.5232161246447685,0.5409837503043727,0.5510505311449249,0.5831951580483045,0.6886682907139858,0.681661735723216,0.5331035858865156,0.5309429630616347,0.4163154200354581,0.6276245915099398,0.705002833075183,0.6602431545241095,0.6124214312902443,0.46839104077813704,0.45249636630818235,0.4728965739778023,0.6748190772165553,0.5947468014945789,0.6448558231280972,0.45544091448053403,0.6426989876484137,0.6004862577818334,0.7156656742817987,0.6077038500085562,0.6048924343038498,0.4176783607433032,0.6860760312230564,0.6080601208847117,0.6481689058638195,0.5181018003781185,0.5955215599296677,0.7648838193693286,0.6843594192236084,0.719568961976404,0.4147559923389254,0.5153423361587883,0.5854689664821647,0.5871940728915483,0.53826987824488,0.501087177241457,0.5412118958810188,0.48623263595670313,0.7290436363556568,0.4742093421771739,0.5812598162261976,0.6678429841983178,0.4700839582949654,0.3938641092878936,0.4529502173460742,0.4840355307214335,0.5370674285154491,0.5160222832308679,0.46474621321764525,0.3546708002164165,0.6480473265371643,0.7083982539960039,0.47943674639915534,0.5761705911531088,0.6791135144560082,0.41911196213088736,0.5332115670757464,0.42458137479495284,0.5852346227273933,0.5210360080580244,0.5248529395948347,0.40118201086937216,0.4500786563268927,0.41827818562355323,0.41361980895916145,0.5806910349275056,0.41879990326785976,0.4727745635757672,0.66231718259047,0.5561630742856177,0.5858108917003606,0.47035803381893404,0.5797694190445134,0.5940090690117167,0.5827532006489179,0.28862339678160437,0.6441027483740089,0.7095727144980972,0.5745258481641766,0.6635164039468066,0.4859697885972091,0.5912795715526511,0.6435958573300714,0.6767868756276636,0.5529605321152739,0.6242408184559384,0.49436644952817155,0.6356414768818176
2025-03-31,0.5598244245175221,0.5737531040134283,0.41978975611937697,0.6743799095764679,0.7032437850746355,0.6211566673778726,0.6086942259124055,0.4738449678528247,0.6386874470917989,0.7050858666012062,0.5488179903115655,0.4617364589758614,0.6231341220380743,0.6061329595579918,0.62650689166005,0.5274224474647772,0.48757470018736826,0.5548835277361939,0.6114917487317594,0.6917241780020033,0.7339427262171614,0.5989679478839717,0.48475234671826317,0.35427897785622947,0.6395724526363445,0.7687846970418276,0.6920700701668261,0.6533353639507627,0.4514533728644306,0.45421889801367216,0.4916125460068087,0.6906254070044288,0.5947294944077948,0.6449880947120433,0.45604705251715333,0.6443419768698505,0.6650624065203048,0.6863532456399312,0.5770003036981433,0.6042567066921529,0.4172563886752034,0.6900500104946602,0.5880812931864242,0.6853906980410749,0.577965806411506,0.6186289977629208,0.7727498506720826,0.6803310181049927,0.7208801939508489,0.45807705921862896,0.5204634504340157,0.6113902580300551,0.5894051070275264,0.5380065059920648,0.5380555874357319,0.5388487980897039,0.4927945630093583,0.7534119480473933,0.4490689293756098,0.6199230543103403,0.6724541638037798,0.4719451885687978,0.4379689221420628,0.4530888671815057,0.4228647661224734,0.5704664922366162,0.4195420373242701,0.4283221381024882,0.3651261533562206,0.647972823518166,0.7071727202065453,0.5113313306747461,0.5840229776456438,0.6822026858208012,0.4105172983700989,0.581521071432673,0.4405162819205064,0.5834931740213887,0.5226513795533316,0.5271805453508793,0.385622218632033,0.4352610551544833,0.4376062447999266,0.5131161331153602,0.5855589647865633,0.4186783417574429,0.46842539699592084,0.7238348576562098,0.6034040689126366,0.6311739191294667,0.42556210604692707,0.5286205553476414,0.6273642569518416,0.5981014355095383,0.38535274732781627,0.6935699924791681,0.7112870737175377,0.6310469427082243,0.6656326277229553,0.44144485110825765,0.5723620951118322,0.6431495023341715,0.6781653675384355,0.5537403018212709,0.624545031160438,0.48300845821986443,0.6427939328213835
2025-04-30,0.5637170445883943,0.5959204680078362,0.4219174645535993,0.6878952151553285,0.7150023014334618,0.6483584335708786,0.5646809523847608,0.530739190834847,0.5473150666999709,0.7065524428613887,0.5576464026204127,0.4608653811580163,0.6029478046628108,0.6049837001449202,0.6501909948451338,0.5368712811314047,0.4918250906196194,0.5815265728722506,0.6125787037029127,0.6956523104925101,0.7619145874006701,0.6000744076964678,0.5192448818506297,0.36126408340489036,0.6479020251260588,0.7669770635237627,0.7146140454538162,0.6939431302588269,0.4647730132040899,0.5710161251848144,0.49215517540700787,0.6629889101555546,0.5964685848820027,0.6460535191423341,0.46095683355640654,0.6527586600149473,0.6967731122872391,0.6913908600857199,0.6205677350258636,0.605362114276731,0.4192840861994756,0.6960088505429709,0.5970458943663445,0.6917301160511997,0.5684484706852458,0.6280503686392656,0.7640258684325991,0.682843279051708,0.7139804223322593,0.46578609765912576,0.5447969271165866,0.615221558802387,0.5923277112677654,0.5181373798041251,0.5448172055685926,0.538405722233076,0.5159894410661299,0.7678254219951205,0.48898604127207024,0.561829701420156,0.5545594040591136,0.47430043789986787,0.4307512121987965,0.4641947429593993,0.4235911961083668,0.5713553421754339,0.4116574979870801,0.431124538132952,0.3699579017652843,0.6605914386543107,0.7184950729068875,0.5748126968008304,0.5568007562075186,0.6884876986775011,0.4084245620607624,0.6059182085898153,0.44298109753725873,0.5852762548055767,0.5604309800117663,0.531942506217181,0.32303647565501886,0.42817658578388684,0.4320464776200253,0.5823367443221129,0.594291900331931,0.42093180462796603,0.4702415755893985,0.7290613199807172,0.5917351461239003,0.6177565083605391,0.4300585660614486,0.5317888136679167,0.6431518924674711,0.6236035893694368,0.3876220078848813,0.6924531354605936,0.7027670449174723,0.633614119159953,0.6696683643402459,0.49723119843801283,0.5743262709506789,0.6451034211485183,0.7162893082922637,0.5577990336534515,0.6264080103519188,0.49934277477301076,0.619573240505284
2025-05-31,0.5640597648711105,0.6086634755637033,0.42021221710285245,0.6907426829086243,0.7156854410308843,0.6487979063438459,0.6177595654230231,0.53549551955866,0.540785882273016,0.7027328370438253,0.556675656475545,0.4844753212350213,0.6012064184200323,0.601435936319824,0.6568643531181055,0.5389876007672276,0.48546120305973633,0.5898278113966575,0.609664017748435,0.6948636234090473,0.7626824696815031,0.6424197113561735,0.5182365451462462,0.35685638284555093,0.668056285331539,0.7666838090122263,0.7119445841168555,0.6897670801919207,0.4592785770069501,0.5643536478182047,0.4903377273117938,0.6619300397718673,0.5947904973921455,0.645846387378752,0.46031483019388586,0.6541811470637316,0.6977306909551978,0.6917473699228731,0.6185137334913509,0.6045410465066329,0.4177774520838407,0.695270423579626,0.5972953296458992,0.693272001594369,0.5646180035789456,0.6276783802010353,0.7595428315978747,0.6791558891097818,0.6982827519979823,0.4655352873580051,0.5469926263159065,0.6138568323352727,0.5998019880653559,0.5165452493122906,0.5429484377969415,0.5350084613517109,0.5164088250484075,0.7672292188545015,0.4853583719125084,0.5590279435216532,0.5468505684461556,0.47420900986685227,0.430684758080256,0.46570489053882796,0.42204350541519375,0.5712257157204641,0.4099062998334083,0.42873145283919706,0.3636202056059217,0.6555587384289421,0.7207908953217929,0.5751573498883007,0.5563943502907436,0.6514521913334916,0.40598357728373824,0.6054898934131562,0.4432848109394747,0.5834492779682176,0.5646135589251717,0.5323511270226926,0.3173489527348489,0.4284116687024795,0.4309063728170663,0.593701249709122,0.5957453879170075,0.41969960851351273,0.4695356380466662,0.729964931443456,0.5860476334384217,0.6202279521347256,0.43063675602863205,0.5313221457020791,0.6403206050983882,0.624495047375434,0.38661254219536123,0.6928492439048043,0.697337584473905,0.63256619045797,0.6680518936483246,0.4911755452857096,0.5710954469879985,0.6492039804534651,0.7144218524996735,0.5585663004121179,0.6329683002209011,0.4899335281343399,0.6247584537495704
2025-06-30,0.5647274405358153,0.6012699468034077,0.42118755564080507,0.6945753666907054,0.7178491381110446,0.6509305740737342,0.6181790751394677,0.5400609395380292,0.539396936678969,0.6994524358672346,0.557062442395235,0.4796679476157431,0.600359966084667,0.5991499985248454,0.6551268433297662,0.5433268125188356,0.4856061293772835,0.5935270123419051,0.6089780137522534,0.6955669195302034,0.765037698073812,0.6414778384726921,0.5188205299764325,0.3603027129900988,0.6717207806437977,0.7678850854214759,0.7107608306521475,0.6887855399346776,0.45484853567805383,0.5650076657599644,0.49013590271910473,0.6632659062734438,0.5955713686195797,0.6464876792558223,0.4619220499295129,0.656957065260048,0.6998755085788245,0.6932800670746363,0.6183088421559353,0.6051864629386906,0.41873956039636673,0.6952821329859865,0.5990754157879928,0.6948650566551816,0.562823731983324,0.629474065086625,0.7618244949667897,0.6786580918979358,0.6847328609594481,0.46696249390144245,0.5495386737334121,0.6155024161214304,0.5981572268540165,0.5177926363133967,0.5457242070404899,0.5341543709413991,0.5183147688677652,0.7686620556073444,0.4877659428150955,0.5586061821078449,0.5482404216066377,0.4752847017358843,0.431888402170338,0.46877641031874695,0.42346878824074635,0.5724363291691011,0.4103988395736715,0.42997416956104745,0.36509298518962,0.6579298945964039,0.7237220787253256,0.5769867724014558,0.5572502354829237,0.6561355870716711,0.4067406507631487,0.6066962773455873,0.444790561524671,0.5951511958402774,0.5680322481887968,0.5345730136557485,0.31838184702164646,0.43160953217971604,0.43259723292629165,0.5937634088352465,0.597949656651503,0.420844032830386,0.470609358801343,0.7317175262227721,0.5849628809507056,0.6229442831619102,0.4333576143271577,0.5331824309021537,0.6386929480277356,0.6280159151293169,0.3902804488541482,0.6944452770775243,0.6971446521738361,0.6328126650560391,0.668389641064649,0.4931704027333681,0.5704312304632584,0.6481657126481443,0.7135584995026105,0.560412728063258,0.6322757713825091,0.4870163255879001,0.6212723499757117
2025-07-31,0.5644230415446789,0.5936270018677222,0.421410869687222,0.6982055373299446,0.7201897184754372,0.6534207320022886,0.6177830131223675,0.543377390838586,0.5361886301965008,0.6948204651864419,0.5569390706026942,0.47514225625893697,0.5988988705713634,0.5963051987964164,0.6523265854522222,0.5471595481932955,0.484226286246021,0.596117907065208,0.6067877055663683,0.6952265061521699,0.7664592718524286,0.6394306386076453,0.5190984477361454,0.3617325542598713,0.6716454298025026,0.7683054836554433,0.7088327119732014,0.686638080013537,0.44989502984690577,0.5636436364768527,0.4895331774676584,0.6640605671859772,0.5958691768924983,0.6471185339043224,0.46293745380405454,0.6603475103817258,0.7014609841176799,0.6936679431513832,0.6173234819094185,0.606004482587627,0.4190011339341166,0.6939014827413219,0.6000562461741047,0.6954942053378163,0.5605238899594127,0.6302286468607138,0.7621322318629351,0.6767261338507939,0.6679535802857975,0.46844162387145605,0.5513358487178937,0.6162400622245052,0.5956403049258318,0.5182553005596682,0.5471359198107802,0.5323035179139783,0.5187395057309542,0.768802334582898,0.4893918252657929,0.5573385161891741,0.5471814224758258,0.476106959658512,0.4336174581391785,0.4726387543125845,0.424091582349186,0.5743622399796315,0.41119835363142615,0.43020920702630294,0.36479876618988477,0.6536647544947567,0.7256631754519067,0.5778803934719395,0.5566963284119878,0.6607241949097172,0.4067885475424064,0.6070804776192842,0.44623059830912587,0.5950259809687745,0.5700429583292267,0.5361700012228366,0.31808362677361596,0.4349164540673275,0.4338037567906964,0.5929915068019599,0.6009812591452862,0.41901303616702434,0.47157337164103197,0.7327137148284945,0.5830167011456902,0.6243713531282327,0.4357223525016758,0.5346398140521605,0.6362012182262271,0.630765744378308,0.3920316210557437,0.6924002972058931,0.694995627484381,0.633089397948267,0.6676521105397962,0.4931669657506832,0.5705509232805942,0.6462140579867339,0.7111458980967013,0.5625964999487107,0.6304667183274576,0.4821647886171937,0.6146869265919088
2025-08-31,0.5638041224639619,0.6066368998217347,0.4218956208175574,0.7012970830303918,0.7228121712924898,0.6564539178221213,0.6177795772678304,0.5457608784161633,0.5338146182153618,0.6904112463408404,0.5569017114575995,0.47248401436169196,0.5976046963646249,0.5982312101596038,0.6497324097132566,0.5507472608571969,0.48381827916224324,0.5969651727840762,0.6047018265207932,0.6948402046071378,0.7676736899704236,0.6379668504733775,0.5196798483384095,0.3643229802678849,0.6700219624936435,0.7687082333596161,0.7119596381046291,0.6912901906669086,0.44579456081493507,0.5647079733591828,0.48980700725684206,0.6651269351236404,0.596536532580454,0.6485847156478067,0.462502059459404,0.6642385928215283,0.7027128717607406,0.6937907765857061,0.6166125580274994,0.6074356763901378,0.4194925451132973,0.6923051719875444,0.6009966535603023,0.6956763473263092,0.5588819112586856,0.6309232438081193,0.7630098602021925,0.6750962145071793,0.6520399367822207,0.47040891810114094,0.5527313905507352,0.6171884766943785,0.5935221833192185,0.5189695895070675,0.548811000412296,0.5308148271096967,0.519013902563506,0.7688385235057538,0.49091530096905506,0.5564427604267995,0.5473043818488076,0.4777961287389967,0.4359871496436158,0.4764884572444562,0.42497676025473463,0.5770451135023877,0.41227187814832317,0.43080537767938987,0.3655785905613262,0.654869355761387,0.7270357139195531,0.5787154664339768,0.5579463929040948,0.6647316909047862,0.40725823002604294,0.6075452707749244,0.44470286746129206,0.5957266925798571,0.571347522572365,0.5377378826830258,0.318679667598941,0.4370361649537191,0.4354267724454067,0.5926082769907489,0.605582218819166,0.4197045467804095,0.47297484327353256,0.7335181950474353,0.5874969449329807,0.6247154333289121,0.4382225596053119,0.5363915279569798,0.6339399465566733,0.6334508862577619,0.3935528703792627,0.6925102956331517,0.6933931702980114,0.633893431445017,0.6670236835282491,0.4940896039079263,0.5718547779135676,0.6446889199620706,0.7084511566488163,0.565191525268602,0.628788101299727,0.47861476017424515,0.6112778689665942
2025-09-30,0.5649840646624736,0.6014337928104405,0.42281025983303233,0.7063084050573305,0.7280045922248054,0.6756067743625802,0.6196775282213792,0.5468305385020689,0.534007726018658,0.6913196935907651,0.5642941166197408,0.4715968255563415,0.5968010685835574,0.5938485549818672,0.6489221834520343,0.5551270812062998,0.4856816070730202,0.6138080822770687,0.6031864882765461,0.695900509025831,0.7734895013104344,0.6364669509980214,0.5208606002692645,0.3673855516976141,0.6668759741711582,0.7738707198097191,0.7100472564193533,0.6920630672388616,0.4425113689565264,0.5667909794584828,0.48992468063873157,0.6668770486124748,0.5977709946207778,0.6502120844676165,0.4979254721214213,0.7032409487146437,0.7052974914259817,0.6949036996565753,0.6171629464804,0.6101145669502315,0.4203649651770416,0.6992129601442193,0.6034674171730475,0.6979892466309686,0.5579707838232772,0.63277002437514,0.7677600150735783,0.6751223652653634,0.6388444109581475,0.47361724555005075,0.5546158728213612,0.6242307812748823,0.5940138471724412,0.5203247254887875,0.5532776331329471,0.5295503164471609,0.5199193490422839,0.7699358789248687,0.49408188271140585,0.5561142759415098,0.5554486143461242,0.4791505484150935,0.4397063006352601,0.48053956908282397,0.4264103327921893,0.5808168200795799,0.41387754319185843,0.43384197133906804,0.36832286606350245,0.672052530848812,0.7296577953093385,0.609126121748425,0.5602948682299549,0.6706183034489327,0.408607028607519,0.6118730141564878,0.44701228224355927,0.6315994658057658,0.5730561067142164,0.5411944060750133,0.3560690565423149,0.4409423488802104,0.43811615545157306,0.5922867794094413,0.6105843645682717,0.4208087380255066,0.4754435218026553,0.770204101272802,0.5872192975439217,0.6264142086271993,0.44154368261331656,0.5390037022125759,0.6320228042876658,0.6401681389644645,0.3927974310881009,0.7293275606914481,0.6956929167995268,0.669514582018376,0.6695052147356463,0.497801763235909,0.5766023293736126,0.6456958934364845,0.7073569704179521,0.6027171193414497,0.6282263421514388,0.48935457926029424,0.6045885177616889
2025-10-31,0.5628580232392595,0.5938769995381059,0.4226218888043983,0.763594823618435,0.7304284188055795,0.67915465982905,0.6189088482658722,0.5475025465643415,0.5295379136915424,0.6917240338179537,0.5629609464299791,0.4694064890104372,0.5946576716318428,0.5524094728337843,0.644946651912605,0.557319028770774,0.4834715819639601,0.6130966685402104,0.5990134632443023,0.6941067850166206,0.7732330331476592,0.6340444083486296,0.5318647945179703,0.3914365138981241,0.660896459349814,0.7732347859839932,0.6834285722993482,0.6887242605940816,0.43879749828062625,0.5639300943263967,0.5046921280466459,0.6675187803288836,0.5981998883547736,0.6557876528559481,0.4984324214617137,0.7076381273077447,0.7045834470212904,0.6933155199331322,0.6155203408646115,0.6122180365070617,0.4202416167078029,0.6925811802246591,0.6437200194338045,0.670150454695132,0.5563313373038339,0.6324508404013616,0.7657050213091331,0.6718676389970325,0.623407064321067,0.4813994228722751,0.606808133533236,0.6240327560324139,0.5912462459712506,0.5202629462475287,0.5527161052945637,0.5269112513217893,0.5185697662959076,0.768301954926957,0.4942786585931681,0.5509452491192105,0.5355587218707208,0.48869006610622007,0.4426830637872928,0.48207565613002834,0.4264736298932079,0.562684491311952,0.41398190380812344,0.4335245925740647,0.3668935527700473,0.6867767909911856,0.7292807261463501,0.6089462160094248,0.5692576716851983,0.6726777330967495,0.40797188329704126,0.6113900821250343,0.4674437606766609,0.6041535599741354,0.612219816840306,0.5417146740325786,0.36949202053289953,0.4428879402943236,0.43928697351898527,0.5909640392880312,0.6153191460460823,0.4208647942026431,0.477262487015766,0.7699542283520903,0.6002991033119142,0.6240319765096921,0.44336842557362394,0.5405075518547133,0.6287759183900552,0.6415263073089864,0.391689352868751,0.728448697313806,0.6918401834217937,0.6709093885838546,0.6675631741691357,0.4957654037120098,0.5709895143804251,0.6431507296787159,0.7022753922982515,0.6453123928762704,0.6251647226391288,0.4840287468446812,0.6098876963204297
2025-11-30,0.5727073680306168,0.5872090485899899,0.4214225471665446,0.742371725289198,0.7308908848849074,0.6841097979990716,0.616634296466592,0.5469733545043385,0.5234068336174071,0.6715204997622518,0.555203574941939,0.49954793279071524,0.591531927810035,0.552775170742223,0.650398216948637,0.5656942484943162,0.5871481924066421,0.6182016194119856,0.6123408004625125,0.7036796110322127,0.7145796082527047,0.6306606212006591,0.5337937556802831,0.43429951374487324,0.6777783172046254,0.776222199350672,0.6807454054829596,0.6716525898453273,0.47668014790585667,0.5589241698449294,0.4644848892012676,0.6797437489050189,0.5974502908815326,0.6169065493518643,0.49772347489506835,0.679264910281477,0.7151677265122287,0.7399524193243581,0.6259933121448554,0.6408206792596804,0.4166562340811692,0.7138477236239358,0.6423223259284708,0.6685921521257675,0.5932913011473792,0.634006949144132,0.7460518105214732,0.6677016600516472,0.6019633409021115,0.5137356780646818,0.6080393460847466,0.5843615784175765,0.5755043414634543,0.5190874471719332,0.5609468331762915,0.5553885460252149,0.5591486282244893,0.7618071488473049,0.49952198259321356,0.5609890808175045,0.5553928394717591,0.49126556049648856,0.44985037979701864,0.5008955343882228,0.4398336322481533,0.5967199853885151,0.45464759688881384,0.4318688713207429,0.39398613639330915,0.6830187683087907,0.7276889223106391,0.5680159309154643,0.5902099776555773,0.7185106260968044,0.41652948133013096,0.6159855811629273,0.4807056873065064,0.6261453153314178,0.5952274902371162,0.5452558106627249,0.3952479706168904,0.46565937931436224,0.4659122241155942,0.5887245622723419,0.6209831206239566,0.41996104082611485,0.44407805297506336,0.7777693109945777,0.6150089966094936,0.6206636239969459,0.46236659850323675,0.5197631757925354,0.6343685142774063,0.6514816910978399,0.38993543142482245,0.7380084531769443,0.7500803086912176,0.6334054409143596,0.6724606978868457,0.5016652331532341,0.6003889909317832,0.6690491359175492,0.7425009351973062,0.6174907883159126,0.6465737119934036,0.5919129575572903,0.5854248139775619
