,0_long,1_long,4_long,5_long,6_long,7_long,8_long,12_long,13_long,14_long,16_long,17_long,18_long,21_long,23_long,24_long,26_long,27_long,28_long,36_long,38_long,40_long,42_long,47_long,48_long,51_long,52_long,53_long,54_long,56_long,57_long,58_long,61_long,62_long,66_long,67_long,68_long,69_long,79_long,83_long,85_long,87_long,89_long,90_long,93_long,95_long,97_long,98_long,99_long,100_long,104_long,105_long,107_long,109_long,110_long,112_long,113_long,114_long,115_long,116_long,117_long,118_long,119_long,120_long,121_long,122_long,126_long,127_long,128_long,135_long,136_long,142_long,143_long,144_long,146_long,149_long,150_long,151_long,152_long,154_long,155_long,161_long,162_long,163_long,167_long,168_long,169_long,172_long,175_long,176_long,177_long,180_long,182_long,183_long,184_long,185_long,186_long,190_long,193_long,194_long,195_long,196_long,202_long,204_long,206_long,207_long,208_long,209_long,212_long,214_long,215_long,217_long,218_long,219_long,221_long,222_long,226_long,227_long,228_long,229_long,231_long,233_long,234_long,235_long,236_long,238_long,240_long,242_long,247_long,248_long,252_long,253_long,254_long,255_long,256_long,257_long,258_long,259_long,260_long,261_long,naive_ave_pnl
2006-01-31,0.0,0.0,0.0,0.0,0.0,0.0,0.0,0.0,0.0,0.0,0.0,0.0,0.0,0.0,0.0,0.0,0.0,0.0,0.0,0.0,0.0,0.0,0.0,0.0,0.0,0.0,0.0,0.0,0.0,0.0,0.0,0.0,0.0,0.0,0.0,0.0,0.0,0.0,0.0,0.0,0.0,0.0,0.0,0.0,0.0,0.0,0.0,0.0,0.0,0.0,0.0,0.0,0.0,0.0,0.0,0.0,0.0,0.0,0.0,0.0,0.0,0.0,0.0,0.0,0.0,0.0,0.0,0.0,0.0,0.0,0.0,0.0,0.0,0.0,0.0,0.0,0.0,0.0,0.0,0.0,0.0,0.0,0.0,0.0,0.0,0.0,0.0,0.0,0.0,0.0,0.0,0.0,0.0,0.0,0.0,0.0,0.0,0.0,0.0,0.0,0.0,0.0,0.0,0.0,0.0,0.0,0.0,0.0,0.0,0.0,0.0,0.0,0.0,0.0,0.0,0.0,0.0,0.0,0.0,0.0,0.0,0.0,0.0,0.0,0.0,0.0,0.0,0.0,0.0,0.0,0.0,0.0,0.0,0.0,0.0,0.0,0.0,0.0,0.0,0.0,0.0
2006-02-28,0.0,0.0,0.0,0.0,0.0,0.0,0.0,0.0,0.0,0.0,0.0,0.0,0.0,0.0,0.0,0.0,0.0,0.0,0.0,0.0,0.0,0.0,0.0,0.0,0.0,0.0,0.0,0.0,0.0,0.0,0.0,0.0,0.0,0.0,0.0,0.0,0.0,0.0,0.0,0.0,0.0,0.0,0.0,0.0,0.0,0.0,0.0,0.0,0.0,0.0,0.0,0.0,0.0,0.0,0.0,0.0,0.0,0.0,0.0,0.0,0.0,0.0,0.0,0.0,0.0,0.0,0.0,0.0,0.0,0.0,0.0,0.0,0.0,0.0,0.0,0.0,0.0,0.0,0.0,0.0,0.0,0.0,0.0,0.0,0.0,0.0,0.0,0.0,0.0,0.0,0.0,0.0,0.0,0.0,0.0,0.0,0.0,0.0,0.0,0.0,0.0,0.0,0.0,0.0,0.0,0.0,0.0,0.0,0.0,0.0,0.0,0.0,0.0,0.0,0.0,0.0,0.0,0.0,0.0,0.0,0.0,0.0,0.0,0.0,0.0,0.0,0.0,0.0,0.0,0.0,0.0,0.0,0.0,0.0,0.0,0.0,0.0,0.0,0.0,0.0,0.0
2006-03-31,0.0,0.0,0.0,0.0,0.0,0.0,0.0,0.0,0.0,0.0,0.0,0.0,0.0,0.0,0.0,0.0,0.0,0.0,0.0,0.0,0.0,0.0,0.0,0.0,0.0,0.0,0.0,0.0,0.0,0.0,0.0,0.0,0.0,0.0,0.0,0.0,0.0,0.0,0.0,0.0,0.0,0.0,0.0,0.0,0.0,0.0,0.0,0.0,0.0,0.0,0.0,0.0,0.0,0.0,0.0,0.0,0.0,0.0,0.0,0.0,0.0,0.0,0.0,0.0,0.0,0.0,0.0,0.0,0.0,0.0,0.0,0.0,0.0,0.0,0.0,0.0,0.0,0.0,0.0,0.0,0.0,0.0,0.0,0.0,0.0,0.0,0.0,0.0,0.0,0.0,0.0,0.0,0.0,0.0,0.0,0.0,0.0,0.0,0.0,0.0,0.0,0.0,0.0,0.0,0.0,0.0,0.0,0.0,0.0,0.0,0.0,0.0,0.0,0.0,0.0,0.0,0.0,0.0,0.0,0.0,0.0,0.0,0.0,0.0,0.0,0.0,0.0,0.0,0.0,0.0,0.0,0.0,0.0,0.0,0.0,0.0,0.0,0.0,0.0,0.0,0.0
2006-04-30,0.0,0.0,0.0,0.0,0.0,0.0,0.0,0.0,0.0,0.0,0.0,0.0,0.0,0.0,0.0,0.0,0.0,0.0,0.0,0.0,0.0,0.0,0.0,0.0,0.0,0.0,0.0,0.0,0.0,0.0,0.0,0.0,0.0,0.0,0.0,0.0,0.0,0.0,0.0,0.0,0.0,0.0,0.0,0.0,0.0,0.0,0.0,0.0,0.0,0.0,0.0,0.0,0.0,0.0,0.0,0.0,0.0,0.0,0.0,0.0,0.0,0.0,0.0,0.0,0.0,0.0,0.0,0.0,0.0,0.0,0.0,0.0,0.0,0.0,0.0,0.0,0.0,0.0,0.0,0.0,0.0,0.0,0.0,0.0,0.0,0.0,0.0,0.0,0.0,0.0,0.0,0.0,0.0,0.0,0.0,0.0,0.0,0.0,0.0,0.0,0.0,0.0,0.0,0.0,0.0,0.0,0.0,0.0,0.0,0.0,0.0,0.0,0.0,0.0,0.0,0.0,0.0,0.0,0.0,0.0,0.0,0.0,0.0,0.0,0.0,0.0,0.0,0.0,0.0,0.0,0.0,0.0,0.0,0.0,0.0,0.0,0.0,0.0,0.0,0.0,0.0
2006-05-31,0.0,0.0,0.0,0.0,0.0,0.0,0.0,0.0,0.0,0.0,0.0,0.0,0.0,0.0,0.0,0.0,0.0,0.0,0.0,0.0,0.0,0.0,0.0,0.0,0.0,0.0,0.0,0.0,0.0,0.0,0.0,0.0,0.0,0.0,0.0,0.0,0.0,0.0,0.0,0.0,0.0,0.0,0.0,0.0,0.0,0.0,0.0,0.0,0.0,0.0,0.0,0.0,0.0,0.0,0.0,0.0,0.0,0.0,0.0,0.0,0.0,0.0,0.0,0.0,0.0,0.0,0.0,0.0,0.0,0.0,0.0,0.0,0.0,0.0,0.0,0.0,0.0,0.0,0.0,0.0,0.0,0.0,0.0,0.0,0.0,0.0,0.0,0.0,0.0,0.0,0.0,0.0,0.0,0.0,0.0,0.0,0.0,0.0,0.0,0.0,0.0,0.0,0.0,0.0,0.0,0.0,0.0,0.0,0.0,0.0,0.0,0.0,0.0,0.0,0.0,0.0,0.0,0.0,0.0,0.0,0.0,0.0,0.0,0.0,0.0,0.0,0.0,0.0,0.0,0.0,0.0,0.0,0.0,0.0,0.0,0.0,0.0,0.0,0.0,0.0,0.0
2006-06-30,0.0,0.0,0.0,0.0,0.0,0.0,0.0,0.0,0.0,0.0,0.0,0.0,0.0,0.0,0.0,0.0,0.0,0.0,0.0,0.0,0.0,0.0,0.0,0.0,0.0,0.0,0.0,0.0,0.0,0.0,0.0,0.0,0.0,0.0,0.0,0.0,0.0,0.0,0.0,0.0,0.0,0.0,0.0,0.0,0.0,0.0,0.0,0.0,0.0,0.0,0.0,0.0,0.0,0.0,0.0,0.0,0.0,0.0,0.0,0.0,0.0,0.0,0.0,0.0,0.0,0.0,0.0,0.0,0.0,0.0,0.0,0.0,0.0,0.0,0.0,0.0,0.0,0.0,0.0,0.0,0.0,0.0,0.0,0.0,0.0,0.0,0.0,0.0,0.0,0.0,0.0,0.0,0.0,0.0,0.0,0.0,0.0,0.0,0.0,0.0,0.0,0.0,0.0,0.0,0.0,0.0,0.0,0.0,0.0,0.0,0.0,0.0,0.0,0.0,0.0,0.0,0.0,0.0,0.0,0.0,0.0,0.0,0.0,0.0,0.0,0.0,0.0,0.0,0.0,0.0,0.0,0.0,0.0,0.0,0.0,0.0,0.0,0.0,0.0,0.0,0.0
2006-07-31,0.0,0.0,0.0,0.0,0.0,0.0,0.0,0.0,0.0,0.0,0.0,0.0,0.0,0.0,0.0,0.0,0.0,0.0,0.0,0.0,0.0,0.0,0.0,0.0,0.0,0.0,0.0,0.0,0.0,0.0,0.0,0.0,0.0,0.0,0.0,0.0,0.0,0.0,0.0,0.0,0.0,0.0,0.0,0.0,0.0,0.0,0.0,0.0,0.0,0.0,0.0,0.0,0.0,0.0,0.0,0.0,0.0,0.0,0.0,0.0,0.0,0.0,0.0,0.0,0.0,0.0,0.0,0.0,0.0,0.0,0.0,0.0,0.0,0.0,0.0,0.0,0.0,0.0,0.0,0.0,0.0,0.0,0.0,0.0,0.0,0.0,0.0,0.0,0.0,0.0,0.0,0.0,0.0,0.0,0.0,0.0,0.0,0.0,0.0,0.0,0.0,0.0,0.0,0.0,0.0,0.0,0.0,0.0,0.0,0.0,0.0,0.0,0.0,0.0,0.0,0.0,0.0,0.0,0.0,0.0,0.0,0.0,0.0,0.0,0.0,0.0,0.0,0.0,0.0,0.0,0.0,0.0,0.0,0.0,0.0,0.0,0.0,0.0,0.0,0.0,0.0
2006-08-31,0.0,0.0,0.0,0.0,0.0,0.0,0.0,0.0,0.0,0.0,0.0,0.0,0.0,0.0,0.0,0.0,0.0,0.0,0.0,0.0,0.0,0.0,0.0,0.0,0.0,0.0,0.0,0.0,0.0,0.0,0.0,0.0,0.0,0.0,0.0,0.0,0.0,0.0,0.0,0.0,0.0,0.0,0.0,0.0,0.0,0.0,0.0,0.0,0.0,0.0,0.0,0.0,0.0,0.0,0.0,0.0,0.0,0.0,0.0,0.0,0.0,0.0,0.0,0.0,0.0,0.0,0.0,0.0,0.0,0.0,0.0,0.0,0.0,0.0,0.0,0.0,0.0,0.0,0.0,0.0,0.0,0.0,0.0,0.0,0.0,0.0,0.0,0.0,0.0,0.0,0.0,0.0,0.0,0.0,0.0,0.0,0.0,0.0,0.0,0.0,0.0,0.0,0.0,0.0,0.0,0.0,0.0,0.0,0.0,0.0,0.0,0.0,0.0,0.0,0.0,0.0,0.0,0.0,0.0,0.0,0.0,0.0,0.0,0.0,0.0,0.0,0.0,0.0,0.0,0.0,0.0,0.0,0.0,0.0,0.0,0.0,0.0,0.0,0.0,0.0,0.0
2006-09-30,0.0,0.0,0.0,0.0,0.0,0.0,0.0,0.0,0.0,0.0,0.0,0.0,0.0,0.0,0.0,0.0,0.0,0.0,0.0,0.0,0.0,0.0,0.0,0.0,0.0,0.0,0.0,0.0,0.0,0.0,0.0,0.0,0.0,0.0,0.0,0.0,0.0,0.0,0.0,0.0,0.0,0.0,0.0,0.0,0.0,0.0,0.0,0.0,0.0,0.0,0.0,0.0,0.0,0.0,0.0,0.0,0.0,0.0,0.0,0.0,0.0,0.0,0.0,0.0,0.0,0.0,0.0,0.0,0.0,0.0,0.0,0.0,0.0,0.0,0.0,0.0,0.0,0.0,0.0,0.0,0.0,0.0,0.0,0.0,0.0,0.0,0.0,0.0,0.0,0.0,0.0,0.0,0.0,0.0,0.0,0.0,0.0,0.0,0.0,0.0,0.0,0.0,0.0,0.0,0.0,0.0,0.0,0.0,0.0,0.0,0.0,0.0,0.0,0.0,0.0,0.0,0.0,0.0,0.0,0.0,0.0,0.0,0.0,0.0,0.0,0.0,0.0,0.0,0.0,0.0,0.0,0.0,0.0,0.0,0.0,0.0,0.0,0.0,0.0,0.0,0.0
2006-10-31,0.0,0.0,0.0,0.0,0.0,0.0,0.0,0.0,0.0,0.0,0.0,0.0,0.0,0.0,0.0,0.0,0.0,0.0,0.0,0.0,0.0,0.0,0.0,0.0,0.0,0.0,0.0,0.0,0.0,0.0,0.0,0.0,0.0,0.0,0.0,0.0,0.0,0.0,0.0,0.0,0.0,0.0,0.0,0.0,0.0,0.0,0.0,0.0,0.0,0.0,0.0,0.0,0.0,0.0,0.0,0.0,0.0,0.0,0.0,0.0,0.0,0.0,0.0,0.0,0.0,0.0,0.0,0.0,0.0,0.0,0.0,0.0,0.0,0.0,0.0,0.0,0.0,0.0,0.0,0.0,0.0,0.0,0.0,0.0,0.0,0.0,0.0,0.0,0.0,0.0,0.0,0.0,0.0,0.0,0.0,0.0,0.0,0.0,0.0,0.0,0.0,0.0,0.0,0.0,0.0,0.0,0.0,0.0,0.0,0.0,0.0,0.0,0.0,0.0,0.0,0.0,0.0,0.0,0.0,0.0,0.0,0.0,0.0,0.0,0.0,0.0,0.0,0.0,0.0,0.0,0.0,0.0,0.0,0.0,0.0,0.0,0.0,0.0,0.0,0.0,0.0
2006-11-30,0.0,0.0,0.0,0.0,0.0,0.0,0.0,0.0,0.0,0.0,0.0,0.0,0.0,0.0,0.0,0.0,0.0,0.0,0.0,0.0,0.0,0.0,0.0,0.0,0.0,0.0,0.0,0.0,0.0,0.0,0.0,0.0,0.0,0.0,0.0,0.0,0.0,0.0,0.0,0.0,0.0,0.0,0.0,0.0,0.0,0.0,0.0,0.0,0.0,0.0,0.0,0.0,0.0,0.0,0.0,0.0,0.0,0.0,0.0,0.0,0.0,0.0,0.0,0.0,0.0,0.0,0.0,0.0,0.0,0.0,0.0,0.0,0.0,0.0,0.0,0.0,0.0,0.0,0.0,0.0,0.0,0.0,0.0,0.0,0.0,0.0,0.0,0.0,0.0,0.0,0.0,0.0,0.0,0.0,0.0,0.0,0.0,0.0,0.0,0.0,0.0,0.0,0.0,0.0,0.0,0.0,0.0,0.0,0.0,0.0,0.0,0.0,0.0,0.0,0.0,0.0,0.0,0.0,0.0,0.0,0.0,0.0,0.0,0.0,0.0,0.0,0.0,0.0,0.0,0.0,0.0,0.0,0.0,0.0,0.0,0.0,0.0,0.0,0.0,0.0,0.0
2006-12-31,0.0,0.0,0.0,0.0,0.0,0.0,0.0,0.0,0.0,0.0,0.0,0.0,0.0,0.0,0.0,0.0,0.0,0.0,0.0,0.0,0.0,0.0,0.0,0.0,0.0,0.0,0.0,0.0,0.0,0.0,0.0,0.0,0.0,0.0,0.0,0.0,0.0,0.0,0.0,0.0,0.0,0.0,0.0,0.0,0.0,0.0,0.0,0.0,0.0,0.0,0.0,0.0,0.0,0.0,0.0,0.0,0.0,0.0,0.0,0.0,0.0,0.0,0.0,0.0,0.0,0.0,0.0,0.0,0.0,0.0,0.0,0.0,0.0,0.0,0.0,0.0,0.0,0.0,0.0,0.0,0.0,0.0,0.0,0.0,0.0,0.0,0.0,0.0,0.0,0.0,0.0,0.0,0.0,0.0,0.0,0.0,0.0,0.0,0.0,0.0,0.0,0.0,0.0,0.0,0.0,0.0,0.0,0.0,0.0,0.0,0.0,0.0,0.0,0.0,0.0,0.0,0.0,0.0,0.0,0.0,0.0,0.0,0.0,0.0,0.0,0.0,0.0,0.0,0.0,0.0,0.0,0.0,0.0,0.0,0.0,0.0,0.0,0.0,0.0,0.0,0.0
2007-01-31,0.0,0.0,0.0,0.0,0.0,0.0,0.0,0.0,0.0,0.0,0.0,0.0,0.0,0.0,0.0,0.0,0.0,0.0,0.0,0.0,0.0,0.0,0.0,0.0,0.0,0.0,0.0,0.0,0.0,0.0,0.0,0.0,0.0,0.0,0.0,0.0,0.0,0.0,0.0,0.0,0.0,0.0,0.0,0.0,0.0,0.0,0.0,0.0,0.0,0.0,0.0,0.0,0.0,0.0,0.0,0.0,0.0,0.0,0.0,0.0,0.0,0.0,0.0,0.0,0.0,0.0,0.0,0.0,0.0,0.0,0.0,0.0,0.0,0.0,0.0,0.0,0.0,0.0,0.0,0.0,0.0,0.0,0.0,0.0,0.0,0.0,0.0,0.0,0.0,0.0,0.0,0.0,0.0,0.0,0.0,0.0,0.0,0.0,0.0,0.0,0.0,0.0,0.0,0.0,0.0,0.0,0.0,0.0,0.0,0.0,0.0,0.0,0.0,0.0,0.0,0.0,0.0,0.0,0.0,0.0,0.0,0.0,0.0,0.0,0.0,0.0,0.0,0.0,0.0,0.0,0.0,0.0,0.0,0.0,0.0,0.0,0.0,0.0,0.0,0.0,0.0
2007-02-28,0.0,0.0,0.0,0.0,0.0,0.0,0.0,0.0,0.0,0.0,0.0,0.0,0.0,0.0,0.0,0.0,0.0,0.0,0.0,0.0,0.0,0.0,0.0,0.0,0.0,0.0,0.0,0.0,0.0,0.0,0.0,0.0,0.0,0.0,0.0,0.0,0.0,0.0,0.0,0.0,0.0,0.0,0.0,0.0,0.0,0.0,0.0,0.0,0.0,0.0,0.0,0.0,0.0,0.0,0.0,0.0,0.0,0.0,0.0,0.0,0.0,0.0,0.0,0.0,0.0,0.0,0.0,0.0,0.0,0.0,0.0,0.0,0.0,0.0,0.0,0.0,0.0,0.0,0.0,0.0,0.0,0.0,0.0,0.0,0.0,0.0,0.0,0.0,0.0,0.0,0.0,0.0,0.0,0.0,0.0,0.0,0.0,0.0,0.0,0.0,0.0,0.0,0.0,0.0,0.0,0.0,0.0,0.0,0.0,0.0,0.0,0.0,0.0,0.0,0.0,0.0,0.0,0.0,0.0,0.0,0.0,0.0,0.0,0.0,0.0,0.0,0.0,0.0,0.0,0.0,0.0,0.0,0.0,0.0,0.0,0.0,0.0,0.0,0.0,0.0,0.0
2007-03-31,0.0,0.0,0.0,0.0,0.0,0.0,0.0,0.0,0.0,0.0,0.0,0.0,0.0,0.0,0.0,0.0,0.0,0.0,0.0,0.0,0.0,0.0,0.0,0.0,0.0,0.0,0.0,0.0,0.0,0.0,0.0,0.0,0.0,0.0,0.0,0.0,0.0,0.0,0.0,0.0,0.0,0.0,0.0,0.0,0.0,0.0,0.0,0.0,0.0,0.0,0.0,0.0,0.0,0.0,0.0,0.0,0.0,0.0,0.0,0.0,0.0,0.0,0.0,0.0,0.0,0.0,0.0,0.0,0.0,0.0,0.0,0.0,0.0,0.0,0.0,0.0,0.0,0.0,0.0,0.0,0.0,0.0,0.0,0.0,0.0,0.0,0.0,0.0,0.0,0.0,0.0,0.0,0.0,0.0,0.0,0.0,0.0,0.0,0.0,0.0,0.0,0.0,0.0,0.0,0.0,0.0,0.0,0.0,0.0,0.0,0.0,0.0,0.0,0.0,0.0,0.0,0.0,0.0,0.0,0.0,0.0,0.0,0.0,0.0,0.0,0.0,0.0,0.0,0.0,0.0,0.0,0.0,0.0,0.0,0.0,0.0,0.0,0.0,0.0,0.0,0.0
2007-04-30,0.0,0.0,0.0,0.0,0.0,0.0,0.0,0.0,0.0,0.0,0.0,0.0,0.0,0.0,0.0,0.0,0.0,0.0,0.0,0.0,0.0,0.0,0.0,0.0,0.0,0.0,0.0,0.0,0.0,0.0,0.0,0.0,0.0,0.0,0.0,0.0,0.0,0.0,0.0,0.0,0.0,0.0,0.0,0.0,0.0,0.0,0.0,0.0,0.0,0.0,0.0,0.0,0.0,0.0,0.0,0.0,0.0,0.0,0.0,0.0,0.0,0.0,0.0,0.0,0.0,0.0,0.0,0.0,0.0,0.0,0.0,0.0,0.0,0.0,0.0,0.0,0.0,0.0,0.0,0.0,0.0,0.0,0.0,0.0,0.0,0.0,0.0,0.0,0.0,0.0,0.0,0.0,0.0,0.0,0.0,0.0,0.0,0.0,0.0,0.0,0.0,0.0,0.0,0.0,0.0,0.0,0.0,0.0,0.0,0.0,0.0,0.0,0.0,0.0,0.0,0.0,0.0,0.0,0.0,0.0,0.0,0.0,0.0,0.0,0.0,0.0,0.0,0.0,0.0,0.0,0.0,0.0,0.0,0.0,0.0,0.0,0.0,0.0,0.0,0.0,0.0
2007-05-31,0.0,0.0,0.0,0.0,0.0,0.0,0.0,0.0,0.0,0.0,0.0,0.0,0.0,0.0,0.0,0.0,0.0,0.0,0.0,0.0,0.0,0.0,0.0,0.0,0.0,0.0,0.0,0.0,0.0,0.0,0.0,0.0,0.0,0.0,0.0,0.0,0.0,0.0,0.0,0.0,0.0,0.0,0.0,0.0,0.0,0.0,0.0,0.0,0.0,0.0,0.0,0.0,0.0,0.0,0.0,0.0,0.0,0.0,0.0,0.0,0.0,0.0,0.0,0.0,0.0,0.0,0.0,0.0,0.0,0.0,0.0,0.0,0.0,0.0,0.0,0.0,0.0,0.0,0.0,0.0,0.0,0.0,0.0,0.0,0.0,0.0,0.0,0.0,0.0,0.0,0.0,0.0,0.0,0.0,0.0,0.0,0.0,0.0,0.0,0.0,0.0,0.0,0.0,0.0,0.0,0.0,0.0,0.0,0.0,0.0,0.0,0.0,0.0,0.0,0.0,0.0,0.0,0.0,0.0,0.0,0.0,0.0,0.0,0.0,0.0,0.0,0.0,0.0,0.0,0.0,0.0,0.0,0.0,0.0,0.0,0.0,0.0,0.0,0.0,0.0,0.0
2007-06-30,0.0,0.0,0.0,0.0,0.0,0.0,0.0,0.0,0.0,0.0,0.0,0.0,0.0,0.0,0.0,0.0,0.0,0.0,0.0,0.0,0.0,0.0,0.0,0.0,0.0,0.0,0.0,0.0,0.0,0.0,0.0,0.0,0.0,0.0,0.0,0.0,0.0,0.0,0.0,0.0,0.0,0.0,0.0,0.0,0.0,0.0,0.0,0.0,0.0,0.0,0.0,0.0,0.0,0.0,0.0,0.0,0.0,0.0,0.0,0.0,0.0,0.0,0.0,0.0,0.0,0.0,0.0,0.0,0.0,0.0,0.0,0.0,0.0,0.0,0.0,0.0,0.0,0.0,0.0,0.0,0.0,0.0,0.0,0.0,0.0,0.0,0.0,0.0,0.0,0.0,0.0,0.0,0.0,0.0,0.0,0.0,0.0,0.0,0.0,0.0,0.0,0.0,0.0,0.0,0.0,0.0,0.0,0.0,0.0,0.0,0.0,0.0,0.0,0.0,0.0,0.0,0.0,0.0,0.0,0.0,0.0,0.0,0.0,0.0,0.0,0.0,0.0,0.0,0.0,0.0,0.0,0.0,0.0,0.0,0.0,0.0,0.0,0.0,0.0,0.0,0.0
2007-07-31,0.0,0.0,0.0,0.0,0.0,0.0,0.0,0.0,0.0,0.0,0.0,0.0,0.0,0.0,0.0,0.0,0.0,0.0,0.0,0.0,0.0,0.0,0.0,0.0,0.0,0.0,0.0,0.0,0.0,0.0,0.0,0.0,0.0,0.0,0.0,0.0,0.0,0.0,0.0,0.0,0.0,0.0,0.0,0.0,0.0,0.0,0.0,0.0,0.0,0.0,0.0,0.0,0.0,0.0,0.0,0.0,0.0,0.0,0.0,0.0,0.0,0.0,0.0,0.0,0.0,0.0,0.0,0.0,0.0,0.0,0.0,0.0,0.0,0.0,0.0,0.0,0.0,0.0,0.0,0.0,0.0,0.0,0.0,0.0,0.0,0.0,0.0,0.0,0.0,0.0,0.0,0.0,0.0,0.0,0.0,0.0,0.0,0.0,0.0,0.0,0.0,0.0,0.0,0.0,0.0,0.0,0.0,0.0,0.0,0.0,0.0,0.0,0.0,0.0,0.0,0.0,0.0,0.0,0.0,0.0,0.0,0.0,0.0,0.0,0.0,0.0,0.0,0.0,0.0,0.0,0.0,0.0,0.0,0.0,0.0,0.0,0.0,0.0,0.0,0.0,0.0
2007-08-31,0.0,0.0,0.0,0.0,0.0,0.0,0.0,0.0,0.0,0.0,0.0,0.0,0.0,0.0,0.0,0.0,0.0,0.0,0.0,0.0,0.0,0.0,0.0,0.0,0.0,0.0,0.0,0.0,0.0,0.0,0.0,0.0,0.0,0.0,0.0,0.0,0.0,0.0,0.0,0.0,0.0,0.0,0.0,0.0,0.0,0.0,0.0,0.0,0.0,0.0,0.0,0.0,0.0,0.0,0.0,0.0,0.0,0.0,0.0,0.0,0.0,0.0,0.0,0.0,0.0,0.0,0.0,0.0,0.0,0.0,0.0,0.0,0.0,0.0,0.0,0.0,0.0,0.0,0.0,0.0,0.0,0.0,0.0,0.0,0.0,0.0,0.0,0.0,0.0,0.0,0.0,0.0,0.0,0.0,0.0,0.0,0.0,0.0,0.0,0.0,0.0,0.0,0.0,0.0,0.0,0.0,0.0,0.0,0.0,0.0,0.0,0.0,0.0,0.0,0.0,0.0,0.0,0.0,0.0,0.0,0.0,0.0,0.0,0.0,0.0,0.0,0.0,0.0,0.0,0.0,0.0,0.0,0.0,0.0,0.0,0.0,0.0,0.0,0.0,0.0,0.0
2007-09-30,0.0,0.0,0.0,0.0,0.0,0.0,0.0,0.0,0.0,0.0,0.0,0.0,0.0,0.0,0.0,0.0,0.0,0.0,0.0,0.0,0.0,0.0,0.0,0.0,0.0,0.0,0.0,0.0,0.0,0.0,0.0,0.0,0.0,0.0,0.0,0.0,0.0,0.0,0.0,0.0,0.0,0.0,0.0,0.0,0.0,0.0,0.0,0.0,0.0,0.0,0.0,0.0,0.0,0.0,0.0,0.0,0.0,0.0,0.0,0.0,0.0,0.0,0.0,0.0,0.0,0.0,0.0,0.0,0.0,0.0,0.0,0.0,0.0,0.0,0.0,0.0,0.0,0.0,0.0,0.0,0.0,0.0,0.0,0.0,0.0,0.0,0.0,0.0,0.0,0.0,0.0,0.0,0.0,0.0,0.0,0.0,0.0,0.0,0.0,0.0,0.0,0.0,0.0,0.0,0.0,0.0,0.0,0.0,0.0,0.0,0.0,0.0,0.0,0.0,0.0,0.0,0.0,0.0,0.0,0.0,0.0,0.0,0.0,0.0,0.0,0.0,0.0,0.0,0.0,0.0,0.0,0.0,0.0,0.0,0.0,0.0,0.0,0.0,0.0,0.0,0.0
2007-10-31,0.0,0.0,0.0,0.0,0.0,0.0,0.0,0.0,0.0,0.0,0.0,0.0,0.0,0.0,0.0,0.0,0.0,0.0,0.0,0.0,0.0,0.0,0.0,0.0,0.0,0.0,0.0,0.0,0.0,0.0,0.0,0.0,0.0,0.0,0.0,0.0,0.0,0.0,0.0,0.0,0.0,0.0,0.0,0.0,0.0,0.0,0.0,0.0,0.0,0.0,0.0,0.0,0.0,0.0,0.0,0.0,0.0,0.0,0.0,0.0,0.0,0.0,0.0,0.0,0.0,0.0,0.0,0.0,0.0,0.0,0.0,0.0,0.0,0.0,0.0,0.0,0.0,0.0,0.0,0.0,0.0,0.0,0.0,0.0,0.0,0.0,0.0,0.0,0.0,0.0,0.0,0.0,0.0,0.0,0.0,0.0,0.0,0.0,0.0,0.0,0.0,0.0,0.0,0.0,0.0,0.0,0.0,0.0,0.0,0.0,0.0,0.0,0.0,0.0,0.0,0.0,0.0,0.0,0.0,0.0,0.0,0.0,0.0,0.0,0.0,0.0,0.0,0.0,0.0,0.0,0.0,0.0,0.0,0.0,0.0,0.0,0.0,0.0,0.0,0.0,0.0
2007-11-30,0.0,0.0,0.0,0.0,0.0,0.0,0.0,0.0,0.0,0.0,0.0,0.0,0.0,0.0,0.0,0.0,0.0,0.0,0.0,0.0,0.0,0.0,0.0,0.0,0.0,0.0,0.0,0.0,0.0,0.0,0.0,0.0,0.0,0.0,0.0,0.0,0.0,0.0,0.0,0.0,0.0,0.0,0.0,0.0,0.0,0.0,0.0,0.0,0.0,0.0,0.0,0.0,0.0,0.0,0.0,0.0,0.0,0.0,0.0,0.0,0.0,0.0,0.0,0.0,0.0,0.0,0.0,0.0,0.0,0.0,0.0,0.0,0.0,0.0,0.0,0.0,0.0,0.0,0.0,0.0,0.0,0.0,0.0,0.0,0.0,0.0,0.0,0.0,0.0,0.0,0.0,0.0,0.0,0.0,0.0,0.0,0.0,0.0,0.0,0.0,0.0,0.0,0.0,0.0,0.0,0.0,0.0,0.0,0.0,0.0,0.0,0.0,0.0,0.0,0.0,0.0,0.0,0.0,0.0,0.0,0.0,0.0,0.0,0.0,0.0,0.0,0.0,0.0,0.0,0.0,0.0,0.0,0.0,0.0,0.0,0.0,0.0,0.0,0.0,0.0,0.0
2007-12-31,0.0,0.0,0.0,0.0,0.0,0.0,0.0,0.0,0.0,0.0,0.0,0.0,0.0,0.0,0.0,0.0,0.0,0.0,0.0,0.0,0.0,0.0,0.0,0.0,0.0,0.0,0.0,0.0,0.0,0.0,0.0,0.0,0.0,0.0,0.0,0.0,0.0,0.0,0.0,0.0,0.0,0.0,0.0,0.0,0.0,0.0,0.0,0.0,0.0,0.0,0.0,0.0,0.0,0.0,0.0,0.0,0.0,0.0,0.0,0.0,0.0,0.0,0.0,0.0,0.0,0.0,0.0,0.0,0.0,0.0,0.0,0.0,0.0,0.0,0.0,0.0,0.0,0.0,0.0,0.0,0.0,0.0,0.0,0.0,0.0,0.0,0.0,0.0,0.0,0.0,0.0,0.0,0.0,0.0,0.0,0.0,0.0,0.0,0.0,0.0,0.0,0.0,0.0,0.0,0.0,0.0,0.0,0.0,0.0,0.0,0.0,0.0,0.0,0.0,0.0,0.0,0.0,0.0,0.0,0.0,0.0,0.0,0.0,0.0,0.0,0.0,0.0,0.0,0.0,0.0,0.0,0.0,0.0,0.0,0.0,0.0,0.0,0.0,0.0,0.0,0.0
2008-01-31,0.0,0.0,0.0,0.0,0.0,0.0,0.0,0.0,0.0,0.0,0.0,0.0,0.0,0.0,0.0,0.0,0.0,0.0,0.0,0.0,0.0,0.0,0.0,0.0,0.0,0.0,0.0,0.0,0.0,0.0,0.0,0.0,0.0,0.0,0.0,0.0,0.0,0.0,0.0,0.0,0.0,0.0,0.0,0.0,0.0,0.0,0.0,0.0,0.0,0.0,0.0,0.0,0.0,0.0,0.0,0.0,0.0,0.0,0.0,0.0,0.0,0.0,0.0,0.0,0.0,0.0,0.0,0.0,0.0,0.0,0.0,0.0,0.0,0.0,0.0,0.0,0.0,0.0,0.0,0.0,0.0,0.0,0.0,0.0,0.0,0.0,0.0,0.0,0.0,0.0,0.0,0.0,0.0,0.0,0.0,0.0,0.0,0.0,0.0,0.0,0.0,0.0,0.0,0.0,0.0,0.0,0.0,0.0,0.0,0.0,0.0,0.0,0.0,0.0,0.0,0.0,0.0,0.0,0.0,0.0,0.0,0.0,0.0,0.0,0.0,0.0,0.0,0.0,0.0,0.0,0.0,0.0,0.0,0.0,0.0,0.0,0.0,0.0,0.0,0.0,0.0
2008-02-29,0.0,0.0,0.0,0.0,0.0,0.0,0.0,0.0,0.0,0.0,0.0,0.0,0.0,0.0,0.0,0.0,0.0,0.0,0.0,0.0,0.0,0.0,0.0,0.0,0.0,0.0,0.0,0.0,0.0,0.0,0.0,0.0,0.0,0.0,0.0,0.0,0.0,0.0,0.0,0.0,0.0,0.0,0.0,0.0,0.0,0.0,0.0,0.0,0.0,0.0,0.0,0.0,0.0,0.0,0.0,0.0,0.0,0.0,0.0,0.0,0.0,0.0,0.0,0.0,0.0,0.0,0.0,0.0,0.0,0.0,0.0,0.0,0.0,0.0,0.0,0.0,0.0,0.0,0.0,0.0,0.0,0.0,0.0,0.0,0.0,0.0,0.0,0.0,0.0,0.0,0.0,0.0,0.0,0.0,0.0,0.0,0.0,0.0,0.0,0.0,0.0,0.0,0.0,0.0,0.0,0.0,0.0,0.0,0.0,0.0,0.0,0.0,0.0,0.0,0.0,0.0,0.0,0.0,0.0,0.0,0.0,0.0,0.0,0.0,0.0,0.0,0.0,0.0,0.0,0.0,0.0,0.0,0.0,0.0,0.0,0.0,0.0,0.0,0.0,0.0,0.0
2008-03-31,0.0,0.0,0.0,0.0,0.0,0.0,0.0,0.0,0.0,0.0,0.0,0.0,0.0,0.0,0.0,0.0,0.0,0.0,0.0,0.0,0.0,0.0,0.0,0.0,0.0,0.0,0.0,0.0,0.0,0.0,0.0,0.0,0.0,0.0,0.0,0.0,0.0,0.0,0.0,0.0,0.0,0.0,0.0,0.0,0.0,0.0,0.0,0.0,0.0,0.0,0.0,0.0,0.0,0.0,0.0,0.0,0.0,0.0,0.0,0.0,0.0,0.0,0.0,0.0,0.0,0.0,0.0,0.0,0.0,0.0,0.0,0.0,0.0,0.0,0.0,0.0,0.0,0.0,0.0,0.0,0.0,0.0,0.0,0.0,0.0,0.0,0.0,0.0,0.0,0.0,0.0,0.0,0.0,0.0,0.0,0.0,0.0,0.0,0.0,0.0,0.0,0.0,0.0,0.0,0.0,0.0,0.0,0.0,0.0,0.0,0.0,0.0,0.0,0.0,0.0,0.0,0.0,0.0,0.0,0.0,0.0,0.0,0.0,0.0,0.0,0.0,0.0,0.0,0.0,0.0,0.0,0.0,0.0,0.0,0.0,0.0,0.0,0.0,0.0,0.0,0.0
2008-04-30,0.0,0.0,0.0,0.0,0.0,0.0,0.0,0.0,0.0,0.0,0.0,0.0,0.0,0.0,0.0,0.0,0.0,0.0,0.0,0.0,0.0,0.0,0.0,0.0,0.0,0.0,0.0,0.0,0.0,0.0,0.0,0.0,0.0,0.0,0.0,0.0,0.0,0.0,0.0,0.0,0.0,0.0,0.0,0.0,0.0,0.0,0.0,0.0,0.0,0.0,0.0,0.0,0.0,0.0,0.0,0.0,0.0,0.0,0.0,0.0,0.0,0.0,0.0,0.0,0.0,0.0,0.0,0.0,0.0,0.0,0.0,0.0,0.0,0.0,0.0,0.0,0.0,0.0,0.0,0.0,0.0,0.0,0.0,0.0,0.0,0.0,0.0,0.0,0.0,0.0,0.0,0.0,0.0,0.0,0.0,0.0,0.0,0.0,0.0,0.0,0.0,0.0,0.0,0.0,0.0,0.0,0.0,0.0,0.0,0.0,0.0,0.0,0.0,0.0,0.0,0.0,0.0,0.0,0.0,0.0,0.0,0.0,0.0,0.0,0.0,0.0,0.0,0.0,0.0,0.0,0.0,0.0,0.0,0.0,0.0,0.0,0.0,0.0,0.0,0.0,0.0
2008-05-31,0.0,0.0,0.0,0.0,0.0,0.0,0.0,0.0,0.0,0.0,0.0,0.0,0.0,0.0,0.0,0.0,0.0,0.0,0.0,0.0,0.0,0.0,0.0,0.0,0.0,0.0,0.0,0.0,0.0,0.0,0.0,0.0,0.0,0.0,0.0,0.0,0.0,0.0,0.0,0.0,0.0,0.0,0.0,0.0,0.0,0.0,0.0,0.0,0.0,0.0,0.0,0.0,0.0,0.0,0.0,0.0,0.0,0.0,0.0,0.0,0.0,0.0,0.0,0.0,0.0,0.0,0.0,0.0,0.0,0.0,0.0,0.0,0.0,0.0,0.0,0.0,0.0,0.0,0.0,0.0,0.0,0.0,0.0,0.0,0.0,0.0,0.0,0.0,0.0,0.0,0.0,0.0,0.0,0.0,0.0,0.0,0.0,0.0,0.0,0.0,0.0,0.0,0.0,0.0,0.0,0.0,0.0,0.0,0.0,0.0,0.0,0.0,0.0,0.0,0.0,0.0,0.0,0.0,0.0,0.0,0.0,0.0,0.0,0.0,0.0,0.0,0.0,0.0,0.0,0.0,0.0,0.0,0.0,0.0,0.0,0.0,0.0,0.0,0.0,0.0,0.0
2008-06-30,0.0,0.0,0.0,0.0,0.0,0.0,0.0,0.0,0.0,0.0,0.0,0.0,0.0,0.0,0.0,0.0,0.0,0.0,0.0,0.0,0.0,0.0,0.0,0.0,0.0,0.0,0.0,0.0,0.0,0.0,0.0,0.0,0.0,0.0,0.0,0.0,0.0,0.0,0.0,0.0,0.0,0.0,0.0,0.0,0.0,0.0,0.0,0.0,0.0,0.0,0.0,0.0,0.0,0.0,0.0,0.0,0.0,0.0,0.0,0.0,0.0,0.0,0.0,0.0,0.0,0.0,0.0,0.0,0.0,0.0,0.0,0.0,0.0,0.0,0.0,0.0,0.0,0.0,0.0,0.0,0.0,0.0,0.0,0.0,0.0,0.0,0.0,0.0,0.0,0.0,0.0,0.0,0.0,0.0,0.0,0.0,0.0,0.0,0.0,0.0,0.0,0.0,0.0,0.0,0.0,0.0,0.0,0.0,0.0,0.0,0.0,0.0,0.0,0.0,0.0,0.0,0.0,0.0,0.0,0.0,0.0,0.0,0.0,0.0,0.0,0.0,0.0,0.0,0.0,0.0,0.0,0.0,0.0,0.0,0.0,0.0,0.0,0.0,0.0,0.0,0.0
2008-07-31,0.0,0.0,0.0,0.0,0.0,0.0,0.0,0.0,0.0,0.0,0.0,0.0,0.0,0.0,0.0,0.0,0.0,0.0,0.0,0.0,0.0,0.0,0.0,0.0,0.0,0.0,0.0,0.0,0.0,0.0,0.0,0.0,0.0,0.0,0.0,0.0,0.0,0.0,0.0,0.0,0.0,0.0,0.0,0.0,0.0,0.0,0.0,0.0,0.0,0.0,0.0,0.0,0.0,0.0,0.0,0.0,0.0,0.0,0.0,0.0,0.0,0.0,0.0,0.0,0.0,0.0,0.0,0.0,0.0,0.0,0.0,0.0,0.0,0.0,0.0,0.0,0.0,0.0,0.0,0.0,0.0,0.0,0.0,0.0,0.0,0.0,0.0,0.0,0.0,0.0,0.0,0.0,0.0,0.0,0.0,0.0,0.0,0.0,0.0,0.0,0.0,0.0,0.0,0.0,0.0,0.0,0.0,0.0,0.0,0.0,0.0,0.0,0.0,0.0,0.0,0.0,0.0,0.0,0.0,0.0,0.0,0.0,0.0,0.0,0.0,0.0,0.0,0.0,0.0,0.0,0.0,0.0,0.0,0.0,0.0,0.0,0.0,0.0,0.0,0.0,0.0
2008-08-31,0.0,0.0,0.0,0.0,0.0,0.0,0.0,0.0,0.0,0.0,0.0,0.0,0.0,0.0,0.0,0.0,0.0,0.0,0.0,0.0,0.0,0.0,0.0,0.0,0.0,0.0,0.0,0.0,0.0,0.0,0.0,0.0,0.0,0.0,0.0,0.0,0.0,0.0,0.0,0.0,0.0,0.0,0.0,0.0,0.0,0.0,0.0,0.0,0.0,0.0,0.0,0.0,0.0,0.0,0.0,0.0,0.0,0.0,0.0,0.0,0.0,0.0,0.0,0.0,0.0,0.0,0.0,0.0,0.0,0.0,0.0,0.0,0.0,0.0,0.0,0.0,0.0,0.0,0.0,0.0,0.0,0.0,0.0,0.0,0.0,0.0,0.0,0.0,0.0,0.0,0.0,0.0,0.0,0.0,0.0,0.0,0.0,0.0,0.0,0.0,0.0,0.0,0.0,0.0,0.0,0.0,0.0,0.0,0.0,0.0,0.0,0.0,0.0,0.0,0.0,0.0,0.0,0.0,0.0,0.0,0.0,0.0,0.0,0.0,0.0,0.0,0.0,0.0,0.0,0.0,0.0,0.0,0.0,0.0,0.0,0.0,0.0,0.0,0.0,0.0,0.0
2008-09-30,0.0,0.0,0.0,0.0,0.0,0.0,0.0,0.0,0.0,0.0,0.0,0.0,0.0,0.0,0.0,0.0,0.0,0.0,0.0,0.0,0.0,0.0,0.0,0.0,0.0,0.0,0.0,0.0,0.0,0.0,0.0,0.0,0.0,0.0,0.0,0.0,0.0,0.0,0.0,0.0,0.0,0.0,0.0,0.0,0.0,0.0,0.0,0.0,0.0,0.0,0.0,0.0,0.0,0.0,0.0,0.0,0.0,0.0,0.0,0.0,0.0,0.0,0.0,0.0,0.0,0.0,0.0,0.0,0.0,0.0,0.0,0.0,0.0,0.0,0.0,0.0,0.0,0.0,0.0,0.0,0.0,0.0,0.0,0.0,0.0,0.0,0.0,0.0,0.0,0.0,0.0,0.0,0.0,0.0,0.0,0.0,0.0,0.0,0.0,0.0,0.0,0.0,0.0,0.0,0.0,0.0,0.0,0.0,0.0,0.0,0.0,0.0,0.0,0.0,0.0,0.0,0.0,0.0,0.0,0.0,0.0,0.0,0.0,0.0,0.0,0.0,0.0,0.0,0.0,0.0,0.0,0.0,0.0,0.0,0.0,0.0,0.0,0.0,0.0,0.0,0.0
2008-10-31,0.0,0.0,0.0,0.0,0.0,0.0,0.0,0.0,0.0,0.0,0.0,0.0,0.0,0.0,0.0,0.0,0.0,0.0,0.0,0.0,0.0,0.0,0.0,0.0,0.0,0.0,0.0,0.0,0.0,0.0,0.0,0.0,0.0,0.0,0.0,0.0,0.0,0.0,0.0,0.0,0.0,0.0,0.0,0.0,0.0,0.0,0.0,0.0,0.0,0.0,0.0,0.0,0.0,0.0,0.0,0.0,0.0,0.0,0.0,0.0,0.0,0.0,0.0,0.0,0.0,0.0,0.0,0.0,0.0,0.0,0.0,0.0,0.0,0.0,0.0,0.0,0.0,0.0,0.0,0.0,0.0,0.0,0.0,0.0,0.0,0.0,0.0,0.0,0.0,0.0,0.0,0.0,0.0,0.0,0.0,0.0,0.0,0.0,0.0,0.0,0.0,0.0,0.0,0.0,0.0,0.0,0.0,0.0,0.0,0.0,0.0,0.0,0.0,0.0,0.0,0.0,0.0,0.0,0.0,0.0,0.0,0.0,0.0,0.0,0.0,0.0,0.0,0.0,0.0,0.0,0.0,0.0,0.0,0.0,0.0,0.0,0.0,0.0,0.0,0.0,0.0
2008-11-30,0.0,0.0,0.0,0.0,0.0,0.0,0.0,0.0,0.0,0.0,0.0,0.0,0.0,0.0,0.0,0.0,0.0,0.0,0.0,0.0,0.0,0.0,0.0,0.0,0.0,0.0,0.0,0.0,0.0,0.0,0.0,0.0,0.0,0.0,0.0,0.0,0.0,0.0,0.0,0.0,0.0,0.0,0.0,0.0,0.0,0.0,0.0,0.0,0.0,0.0,0.0,0.0,0.0,0.0,0.0,0.0,0.0,0.0,0.0,0.0,0.0,0.0,0.0,0.0,0.0,0.0,0.0,0.0,0.0,0.0,0.0,0.0,0.0,0.0,0.0,0.0,0.0,0.0,0.0,0.0,0.0,0.0,0.0,0.0,0.0,0.0,0.0,0.0,0.0,0.0,0.0,0.0,0.0,0.0,0.0,0.0,0.0,0.0,0.0,0.0,0.0,0.0,0.0,0.0,0.0,0.0,0.0,0.0,0.0,0.0,0.0,0.0,0.0,0.0,0.0,0.0,0.0,0.0,0.0,0.0,0.0,0.0,0.0,0.0,0.0,0.0,0.0,0.0,0.0,0.0,0.0,0.0,0.0,0.0,0.0,0.0,0.0,0.0,0.0,0.0,0.0
2008-12-31,0.0,0.0,0.0,0.0,0.0,0.0,0.0,0.0,0.0,0.0,0.0,0.0,0.0,0.0,0.0,0.0,0.0,0.0,0.0,0.0,0.0,0.0,0.0,0.0,0.0,0.0,0.0,0.0,0.0,0.0,0.0,0.0,0.0,0.0,0.0,0.0,0.0,0.0,0.0,0.0,0.0,0.0,0.0,0.0,0.0,0.0,0.0,0.0,0.0,0.0,0.0,0.0,0.0,0.0,0.0,0.0,0.0,0.0,0.0,0.0,0.0,0.0,0.0,0.0,0.0,0.0,0.0,0.0,0.0,0.0,0.0,0.0,0.0,0.0,0.0,0.0,0.0,0.0,0.0,0.0,0.0,0.0,0.0,0.0,0.0,0.0,0.0,0.0,0.0,0.0,0.0,0.0,0.0,0.0,0.0,0.0,0.0,0.0,0.0,0.0,0.0,0.0,0.0,0.0,0.0,0.0,0.0,0.0,0.0,0.0,0.0,0.0,0.0,0.0,0.0,0.0,0.0,0.0,0.0,0.0,0.0,0.0,0.0,0.0,0.0,0.0,0.0,0.0,0.0,0.0,0.0,0.0,0.0,0.0,0.0,0.0,0.0,0.0,0.0,0.0,0.0
2009-01-31,0.0,0.0,0.0,0.0,0.0,0.0,0.0,0.0,0.0,0.0,0.0,0.0,0.0,0.0,0.0,0.0,0.0,0.0,0.0,0.0,0.0,0.0,0.0,0.0,0.0,0.0,0.0,0.0,0.0,0.0,0.0,0.0,0.0,0.0,0.0,0.0,0.0,0.0,0.0,0.0,0.0,0.0,0.0,0.0,0.0,0.0,0.0,0.0,0.0,0.0,0.0,0.0,0.0,0.0,0.0,0.0,0.0,0.0,0.0,0.0,0.0,0.0,0.0,0.0,0.0,0.0,0.0,0.0,0.0,0.0,0.0,0.0,0.0,0.0,0.0,0.0,0.0,0.0,0.0,0.0,0.0,0.0,0.0,0.0,0.0,0.0,0.0,0.0,0.0,0.0,0.0,0.0,0.0,0.0,0.0,0.0,0.0,0.0,0.0,0.0,0.0,0.0,0.0,0.0,0.0,0.0,0.0,0.0,0.0,0.0,0.0,0.0,0.0,0.0,0.0,0.0,0.0,0.0,0.0,0.0,0.0,0.0,0.0,0.0,0.0,0.0,0.0,0.0,0.0,0.0,0.0,0.0,0.0,0.0,0.0,0.0,0.0,0.0,0.0,0.0,0.0
2009-02-28,0.0,0.0,0.0,0.0,0.0,0.0,0.0,0.0,0.0,0.0,0.0,0.0,0.0,0.0,0.0,0.0,0.0,0.0,0.0,0.0,0.0,0.0,0.0,0.0,0.0,0.0,0.0,0.0,0.0,0.0,0.0,0.0,0.0,0.0,0.0,0.0,0.0,0.0,0.0,0.0,0.0,0.0,0.0,0.0,0.0,0.0,0.0,0.0,0.0,0.0,0.0,0.0,0.0,0.0,0.0,0.0,0.0,0.0,0.0,0.0,0.0,0.0,0.0,0.0,0.0,0.0,0.0,0.0,0.0,0.0,0.0,0.0,0.0,0.0,0.0,0.0,0.0,0.0,0.0,0.0,0.0,0.0,0.0,0.0,0.0,0.0,0.0,0.0,0.0,0.0,0.0,0.0,0.0,0.0,0.0,0.0,0.0,0.0,0.0,0.0,0.0,0.0,0.0,0.0,0.0,0.0,0.0,0.0,0.0,0.0,0.0,0.0,0.0,0.0,0.0,0.0,0.0,0.0,0.0,0.0,0.0,0.0,0.0,0.0,0.0,0.0,0.0,0.0,0.0,0.0,0.0,0.0,0.0,0.0,0.0,0.0,0.0,0.0,0.0,0.0,0.0
2009-03-31,0.0,0.0,0.0,0.0,0.0,0.0,0.0,0.0,0.0,0.0,0.0,0.0,0.0,0.0,0.0,0.0,0.0,0.0,0.0,0.0,0.0,0.0,0.0,0.0,0.0,0.0,0.0,0.0,0.0,0.0,0.0,0.0,0.0,0.0,0.0,0.0,0.0,0.0,0.0,0.0,0.0,0.0,0.0,0.0,0.0,0.0,0.0,0.0,0.0,0.0,0.0,0.0,0.0,0.0,0.0,0.0,0.0,0.0,0.0,0.0,0.0,0.0,0.0,0.0,0.0,0.0,0.0,0.0,0.0,0.0,0.0,0.0,0.0,0.0,0.0,0.0,0.0,0.0,0.0,0.0,0.0,0.0,0.0,0.0,0.0,0.0,0.0,0.0,0.0,0.0,0.0,0.0,0.0,0.0,0.0,0.0,0.0,0.0,0.0,0.0,0.0,0.0,0.0,0.0,0.0,0.0,0.0,0.0,0.0,0.0,0.0,0.0,0.0,0.0,0.0,0.0,0.0,0.0,0.0,0.0,0.0,0.0,0.0,0.0,0.0,0.0,0.0,0.0,0.0,0.0,0.0,0.0,0.0,0.0,0.0,0.0,0.0,0.0,0.0,0.0,0.0
2009-04-30,0.0,0.0,0.0,0.0,0.0,0.0,0.0,0.0,0.0,0.0,0.0,0.0,0.0,0.0,0.0,0.0,0.0,0.0,0.0,0.0,0.0,0.0,0.0,0.0,0.0,0.0,0.0,0.0,0.0,0.0,0.0,0.0,0.0,0.0,0.0,0.0,0.0,0.0,0.0,0.0,0.0,0.0,0.0,0.0,0.0,0.0,0.0,0.0,0.0,0.0,0.0,0.0,0.0,0.0,0.0,0.0,0.0,0.0,0.0,0.0,0.0,0.0,0.0,0.0,0.0,0.0,0.0,0.0,0.0,0.0,0.0,0.0,0.0,0.0,0.0,0.0,0.0,0.0,0.0,0.0,0.0,0.0,0.0,0.0,0.0,0.0,0.0,0.0,0.0,0.0,0.0,0.0,0.0,0.0,0.0,0.0,0.0,0.0,0.0,0.0,0.0,0.0,0.0,0.0,0.0,0.0,0.0,0.0,0.0,0.0,0.0,0.0,0.0,0.0,0.0,0.0,0.0,0.0,0.0,0.0,0.0,0.0,0.0,0.0,0.0,0.0,0.0,0.0,0.0,0.0,0.0,0.0,0.0,0.0,0.0,0.0,0.0,0.0,0.0,0.0,0.0
2009-05-31,0.0,0.0,0.0,0.0,0.0,0.0,0.0,0.0,0.0,0.0,0.0,0.0,0.0,0.0,0.0,0.0,0.0,0.0,0.0,0.0,0.0,0.0,0.0,0.0,0.0,0.0,0.0,0.0,0.0,0.0,0.0,0.0,0.0,0.0,0.0,0.0,0.0,0.0,0.0,0.0,0.0,0.0,0.0,0.0,0.0,0.0,0.0,0.0,0.0,0.0,0.0,0.0,0.0,0.0,0.0,0.0,0.0,0.0,0.0,0.0,0.0,0.0,0.0,0.0,0.0,0.0,0.0,0.0,0.0,0.0,0.0,0.0,0.0,0.0,0.0,0.0,0.0,0.0,0.0,0.0,0.0,0.0,0.0,0.0,0.0,0.0,0.0,0.0,0.0,0.0,0.0,0.0,0.0,0.0,0.0,0.0,0.0,0.0,0.0,0.0,0.0,0.0,0.0,0.0,0.0,0.0,0.0,0.0,0.0,0.0,0.0,0.0,0.0,0.0,0.0,0.0,0.0,0.0,0.0,0.0,0.0,0.0,0.0,0.0,0.0,0.0,0.0,0.0,0.0,0.0,0.0,0.0,0.0,0.0,0.0,0.0,0.0,0.0,0.0,0.0,0.0
2009-06-30,0.0,0.0,0.0,0.0,0.0,0.0,0.0,0.0,0.0,0.0,0.0,0.0,0.0,0.0,0.0,0.0,0.0,0.0,0.0,0.0,0.0,0.0,0.0,0.0,0.0,0.0,0.0,0.0,0.0,0.0,0.0,0.0,0.0,0.0,0.0,0.0,0.0,0.0,0.0,0.0,0.0,0.0,0.0,0.0,0.0,0.0,0.0,0.0,0.0,0.0,0.0,0.0,0.0,0.0,0.0,0.0,0.0,0.0,0.0,0.0,0.0,0.0,0.0,0.0,0.0,0.0,0.0,0.0,0.0,0.0,0.0,0.0,0.0,0.0,0.0,0.0,0.0,0.0,0.0,0.0,0.0,0.0,0.0,0.0,0.0,0.0,0.0,0.0,0.0,0.0,0.0,0.0,0.0,0.0,0.0,0.0,0.0,0.0,0.0,0.0,0.0,0.0,0.0,0.0,0.0,0.0,0.0,0.0,0.0,0.0,0.0,0.0,0.0,0.0,0.0,0.0,0.0,0.0,0.0,0.0,0.0,0.0,0.0,0.0,0.0,0.0,0.0,0.0,0.0,0.0,0.0,0.0,0.0,0.0,0.0,0.0,0.0,0.0,0.0,0.0,0.0
2009-07-31,0.0,0.0,0.0,0.0,0.0,0.0,0.0,0.0,0.0,0.0,0.0,0.0,0.0,0.0,0.0,0.0,0.0,0.0,0.0,0.0,0.0,0.0,0.0,0.0,0.0,0.0,0.0,0.0,0.0,0.0,0.0,0.0,0.0,0.0,0.0,0.0,0.0,0.0,0.0,0.0,0.0,0.0,0.0,0.0,0.0,0.0,0.0,0.0,0.0,0.0,0.0,0.0,0.0,0.0,0.0,0.0,0.0,0.0,0.0,0.0,0.0,0.0,0.0,0.0,0.0,0.0,0.0,0.0,0.0,0.0,0.0,0.0,0.0,0.0,0.0,0.0,0.0,0.0,0.0,0.0,0.0,0.0,0.0,0.0,0.0,0.0,0.0,0.0,0.0,0.0,0.0,0.0,0.0,0.0,0.0,0.0,0.0,0.0,0.0,0.0,0.0,0.0,0.0,0.0,0.0,0.0,0.0,0.0,0.0,0.0,0.0,0.0,0.0,0.0,0.0,0.0,0.0,0.0,0.0,0.0,0.0,0.0,0.0,0.0,0.0,0.0,0.0,0.0,0.0,0.0,0.0,0.0,0.0,0.0,0.0,0.0,0.0,0.0,0.0,0.0,0.0
2009-08-31,0.0,0.0,0.0,0.0,0.0,0.0,0.0,0.0,0.0,0.0,0.0,0.0,0.0,0.0,0.0,0.0,0.0,0.0,0.0,0.0,0.0,0.0,0.0,0.0,0.0,0.0,0.0,0.0,0.0,0.0,0.0,0.0,0.0,0.0,0.0,0.0,0.0,0.0,0.0,0.0,0.0,0.0,0.0,0.0,0.0,0.0,0.0,0.0,0.0,0.0,0.0,0.0,0.0,0.0,0.0,0.0,0.0,0.0,0.0,0.0,0.0,0.0,0.0,0.0,0.0,0.0,0.0,0.0,0.0,0.0,0.0,0.0,0.0,0.0,0.0,0.0,0.0,0.0,0.0,0.0,0.0,0.0,0.0,0.0,0.0,0.0,0.0,0.0,0.0,0.0,0.0,0.0,0.0,0.0,0.0,0.0,0.0,0.0,0.0,0.0,0.0,0.0,0.0,0.0,0.0,0.0,0.0,0.0,0.0,0.0,0.0,0.0,0.0,0.0,0.0,0.0,0.0,0.0,0.0,0.0,0.0,0.0,0.0,0.0,0.0,0.0,0.0,0.0,0.0,0.0,0.0,0.0,0.0,0.0,0.0,0.0,0.0,0.0,0.0,0.0,0.0
2009-09-30,0.0,0.0,0.0,0.0,0.0,0.0,0.0,0.0,0.0,0.0,0.0,0.0,0.0,0.0,0.0,0.0,0.0,0.0,0.0,0.0,0.0,0.0,0.0,0.0,0.0,0.0,0.0,0.0,0.0,0.0,0.0,0.0,0.0,0.0,0.0,0.0,0.0,0.0,0.0,0.0,0.0,0.0,0.0,0.0,0.0,0.0,0.0,0.0,0.0,0.0,0.0,0.0,0.0,0.0,0.0,0.0,0.0,0.0,0.0,0.0,0.0,0.0,0.0,0.0,0.0,0.0,0.0,0.0,0.0,0.0,0.0,0.0,0.0,0.0,0.0,0.0,0.0,0.0,0.0,0.0,0.0,0.0,0.0,0.0,0.0,0.0,0.0,0.0,0.0,0.0,0.0,0.0,0.0,0.0,0.0,0.0,0.0,0.0,0.0,0.0,0.0,0.0,0.0,0.0,0.0,0.0,0.0,0.0,0.0,0.0,0.0,0.0,0.0,0.0,0.0,0.0,0.0,0.0,0.0,0.0,0.0,0.0,0.0,0.0,0.0,0.0,0.0,0.0,0.0,0.0,0.0,0.0,0.0,0.0,0.0,0.0,0.0,0.0,0.0,0.0,0.0
2009-10-31,0.0,0.0,0.0,0.0,0.0,0.0,0.0,0.0,0.0,0.0,0.0,0.0,0.0,0.0,0.0,0.0,0.0,0.0,0.0,0.0,0.0,0.0,0.0,0.0,0.0,0.0,0.0,0.0,0.0,0.0,0.0,0.0,0.0,0.0,0.0,0.0,0.0,0.0,0.0,0.0,0.0,0.0,0.0,0.0,0.0,0.0,0.0,0.0,0.0,0.0,0.0,0.0,0.0,0.0,0.0,0.0,0.0,0.0,0.0,0.0,0.0,0.0,0.0,0.0,0.0,0.0,0.0,0.0,0.0,0.0,0.0,0.0,0.0,0.0,0.0,0.0,0.0,0.0,0.0,0.0,0.0,0.0,0.0,0.0,0.0,0.0,0.0,0.0,0.0,0.0,0.0,0.0,0.0,0.0,0.0,0.0,0.0,0.0,0.0,0.0,0.0,0.0,0.0,0.0,0.0,0.0,0.0,0.0,0.0,0.0,0.0,0.0,0.0,0.0,0.0,0.0,0.0,0.0,0.0,0.0,0.0,0.0,0.0,0.0,0.0,0.0,0.0,0.0,0.0,0.0,0.0,0.0,0.0,0.0,0.0,0.0,0.0,0.0,0.0,0.0,0.0
2009-11-30,0.0,0.0,0.0,0.0,0.0,0.0,0.0,0.0,0.0,0.0,0.0,0.0,0.0,0.0,0.0,0.0,0.0,0.0,0.0,0.0,0.0,0.0,0.0,0.0,0.0,0.0,0.0,0.0,0.0,0.0,0.0,0.0,0.0,0.0,0.0,0.0,0.0,0.0,0.0,0.0,0.0,0.0,0.0,0.0,0.0,0.0,0.0,0.0,0.0,0.0,0.0,0.0,0.0,0.0,0.0,0.0,0.0,0.0,0.0,0.0,0.0,0.0,0.0,0.0,0.0,0.0,0.0,0.0,0.0,0.0,0.0,0.0,0.0,0.0,0.0,0.0,0.0,0.0,0.0,0.0,0.0,0.0,0.0,0.0,0.0,0.0,0.0,0.0,0.0,0.0,0.0,0.0,0.0,0.0,0.0,0.0,0.0,0.0,0.0,0.0,0.0,0.0,0.0,0.0,0.0,0.0,0.0,0.0,0.0,0.0,0.0,0.0,0.0,0.0,0.0,0.0,0.0,0.0,0.0,0.0,0.0,0.0,0.0,0.0,0.0,0.0,0.0,0.0,0.0,0.0,0.0,0.0,0.0,0.0,0.0,0.0,0.0,0.0,0.0,0.0,0.0
2009-12-31,0.0,0.0,0.0,0.0,0.0,0.0,0.0,0.0,0.0,0.0,0.0,0.0,0.0,0.0,0.0,0.0,0.0,0.0,0.0,0.0,0.0,0.0,0.0,0.0,0.0,0.0,0.0,0.0,0.0,0.0,0.0,0.0,0.0,0.0,0.0,0.0,0.0,0.0,0.0,0.0,0.0,0.0,0.0,0.0,0.0,0.0,0.0,0.0,0.0,0.0,0.0,0.0,0.0,0.0,0.0,0.0,0.0,0.0,0.0,0.0,0.0,0.0,0.0,0.0,0.0,0.0,0.0,0.0,0.0,0.0,0.0,0.0,0.0,0.0,0.0,0.0,0.0,0.0,0.0,0.0,0.0,0.0,0.0,0.0,0.0,0.0,0.0,0.0,0.0,0.0,0.0,0.0,0.0,0.0,0.0,0.0,0.0,0.0,0.0,0.0,0.0,0.0,0.0,0.0,0.0,0.0,0.0,0.0,0.0,0.0,0.0,0.0,0.0,0.0,0.0,0.0,0.0,0.0,0.0,0.0,0.0,0.0,0.0,0.0,0.0,0.0,0.0,0.0,0.0,0.0,0.0,0.0,0.0,0.0,0.0,0.0,0.0,0.0,0.0,0.0,0.0
2010-01-31,0.0,0.0,0.0,0.0,0.0,0.0,0.0,0.0,0.0,0.0,0.0,0.0,0.0,0.0,0.0,0.0,0.0,0.0,0.0,0.0,0.0,0.0,0.0,0.0,0.0,0.0,0.0,0.0,0.0,0.0,0.0,0.0,0.0,0.0,0.0,0.0,0.0,0.0,0.0,0.0,0.0,0.0,0.0,0.0,0.0,0.0,0.0,0.0,0.0,0.0,0.0,0.0,0.0,0.0,0.0,0.0,0.0,0.0,0.0,0.0,0.0,0.0,0.0,0.0,0.0,0.0,0.0,0.0,0.0,0.0,0.0,0.0,0.0,0.0,0.0,0.0,0.0,0.0,0.0,0.0,0.0,0.0,0.0,0.0,0.0,0.0,0.0,0.0,0.0,0.0,0.0,0.0,0.0,0.0,0.0,0.0,0.0,0.0,0.0,0.0,0.0,0.0,0.0,0.0,0.0,0.0,0.0,0.0,0.0,0.0,0.0,0.0,0.0,0.0,0.0,0.0,0.0,0.0,0.0,0.0,0.0,0.0,0.0,0.0,0.0,0.0,0.0,0.0,0.0,0.0,0.0,0.0,0.0,0.0,0.0,0.0,0.0,0.0,0.0,0.0,0.0
2010-02-28,0.0,0.0,0.0,0.0,0.0,0.0,0.0,0.0,0.0,0.0,0.0,0.0,0.0,0.0,0.0,0.0,0.0,0.0,0.0,0.0,0.0,0.0,0.0,0.0,0.0,0.0,0.0,0.0,0.0,0.0,0.0,0.0,0.0,0.0,0.0,0.0,0.0,0.0,0.0,0.0,0.0,0.0,0.0,0.0,0.0,0.0,0.0,0.0,0.0,0.0,0.0,0.0,0.0,0.0,0.0,0.0,0.0,0.0,0.0,0.0,0.0,0.0,0.0,0.0,0.0,0.0,0.0,0.0,0.0,0.0,0.0,0.0,0.0,0.0,0.0,0.0,0.0,0.0,0.0,0.0,0.0,0.0,0.0,0.0,0.0,0.0,0.0,0.0,0.0,0.0,0.0,0.0,0.0,0.0,0.0,0.0,0.0,0.0,0.0,0.0,0.0,0.0,0.0,0.0,0.0,0.0,0.0,0.0,0.0,0.0,0.0,0.0,0.0,0.0,0.0,0.0,0.0,0.0,0.0,0.0,0.0,0.0,0.0,0.0,0.0,0.0,0.0,0.0,0.0,0.0,0.0,0.0,0.0,0.0,0.0,0.0,0.0,0.0,0.0,0.0,0.0
2010-03-31,0.0,0.0,0.0,0.0,0.0,0.0,0.0,0.0,0.0,0.0,0.0,0.0,0.0,0.0,0.0,0.0,0.0,0.0,0.0,0.0,0.0,0.0,0.0,0.0,0.0,0.0,0.0,0.0,0.0,0.0,0.0,0.0,0.0,0.0,0.0,0.0,0.0,0.0,0.0,0.0,0.0,0.0,0.0,0.0,0.0,0.0,0.0,0.0,0.0,0.0,0.0,0.0,0.0,0.0,0.0,0.0,0.0,0.0,0.0,0.0,0.0,0.0,0.0,0.0,0.0,0.0,0.0,0.0,0.0,0.0,0.0,0.0,0.0,0.0,0.0,0.0,0.0,0.0,0.0,0.0,0.0,0.0,0.0,0.0,0.0,0.0,0.0,0.0,0.0,0.0,0.0,0.0,0.0,0.0,0.0,0.0,0.0,0.0,0.0,0.0,0.0,0.0,0.0,0.0,0.0,0.0,0.0,0.0,0.0,0.0,0.0,0.0,0.0,0.0,0.0,0.0,0.0,0.0,0.0,0.0,0.0,0.0,0.0,0.0,0.0,0.0,0.0,0.0,0.0,0.0,0.0,0.0,0.0,0.0,0.0,0.0,0.0,0.0,0.0,0.0,0.0
2010-04-30,0.0,0.0,0.0,0.0,0.0,0.0,0.0,0.0,0.0,0.0,0.0,0.0,0.0,0.0,0.0,0.0,0.0,0.0,0.0,0.0,0.0,0.0,0.0,0.0,0.0,0.0,0.0,0.0,0.0,0.0,0.0,0.0,0.0,0.0,0.0,0.0,0.0,0.0,0.0,0.0,0.0,0.0,0.0,0.0,0.0,0.0,0.0,0.0,0.0,0.0,0.0,0.0,0.0,0.0,0.0,0.0,0.0,0.0,0.0,0.0,0.0,0.0,0.0,0.0,0.0,0.0,0.0,0.0,0.0,0.0,0.0,0.0,0.0,0.0,0.0,0.0,0.0,0.0,0.0,0.0,0.0,0.0,0.0,0.0,0.0,0.0,0.0,0.0,0.0,0.0,0.0,0.0,0.0,0.0,0.0,0.0,0.0,0.0,0.0,0.0,0.0,0.0,0.0,0.0,0.0,0.0,0.0,0.0,0.0,0.0,0.0,0.0,0.0,0.0,0.0,0.0,0.0,0.0,0.0,0.0,0.0,0.0,0.0,0.0,0.0,0.0,0.0,0.0,0.0,0.0,0.0,0.0,0.0,0.0,0.0,0.0,0.0,0.0,0.0,0.0,0.0
2010-05-31,0.0,0.0,0.0,0.0,0.0,0.0,0.0,0.0,0.0,0.0,0.0,0.0,0.0,0.0,0.0,0.0,0.0,0.0,0.0,0.0,0.0,0.0,0.0,0.0,0.0,0.0,0.0,0.0,0.0,0.0,0.0,0.0,0.0,0.0,0.0,0.0,0.0,0.0,0.0,0.0,0.0,0.0,0.0,0.0,0.0,0.0,0.0,0.0,0.0,0.0,0.0,0.0,0.0,0.0,0.0,0.0,0.0,0.0,0.0,0.0,0.0,0.0,0.0,0.0,0.0,0.0,0.0,0.0,0.0,0.0,0.0,0.0,0.0,0.0,0.0,0.0,0.0,0.0,0.0,0.0,0.0,0.0,0.0,0.0,0.0,0.0,0.0,0.0,0.0,0.0,0.0,0.0,0.0,0.0,0.0,0.0,0.0,0.0,0.0,0.0,0.0,0.0,0.0,0.0,0.0,0.0,0.0,0.0,0.0,0.0,0.0,0.0,0.0,0.0,0.0,0.0,0.0,0.0,0.0,0.0,0.0,0.0,0.0,0.0,0.0,0.0,0.0,0.0,0.0,0.0,0.0,0.0,0.0,0.0,0.0,0.0,0.0,0.0,0.0,0.0,0.0
2010-06-30,0.0,0.0,0.0,0.0,0.0,0.0,0.0,0.0,0.0,0.0,0.0,0.0,0.0,0.0,0.0,0.0,0.0,0.0,0.0,0.0,0.0,0.0,0.0,0.0,0.0,0.0,0.0,0.0,0.0,0.0,0.0,0.0,0.0,0.0,0.0,0.0,0.0,0.0,0.0,0.0,0.0,0.0,0.0,0.0,0.0,0.0,0.0,0.0,0.0,0.0,0.0,0.0,0.0,0.0,0.0,0.0,0.0,0.0,0.0,0.0,0.0,0.0,0.0,0.0,0.0,0.0,0.0,0.0,0.0,0.0,0.0,0.0,0.0,0.0,0.0,0.0,0.0,0.0,0.0,0.0,0.0,0.0,0.0,0.0,0.0,0.0,0.0,0.0,0.0,0.0,0.0,0.0,0.0,0.0,0.0,0.0,0.0,0.0,0.0,0.0,0.0,0.0,0.0,0.0,0.0,0.0,0.0,0.0,0.0,0.0,0.0,0.0,0.0,0.0,0.0,0.0,0.0,0.0,0.0,0.0,0.0,0.0,0.0,0.0,0.0,0.0,0.0,0.0,0.0,0.0,0.0,0.0,0.0,0.0,0.0,0.0,0.0,0.0,0.0,0.0,0.0
2010-07-31,0.0,0.0,0.0,0.0,0.0,0.0,0.0,0.0,0.0,0.0,0.0,0.0,0.0,0.0,0.0,0.0,0.0,0.0,0.0,0.0,0.0,0.0,0.0,0.0,0.0,0.0,0.0,0.0,0.0,0.0,0.0,0.0,0.0,0.0,0.0,0.0,0.0,0.0,0.0,0.0,0.0,0.0,0.0,0.0,0.0,0.0,0.0,0.0,0.0,0.0,0.0,0.0,0.0,0.0,0.0,0.0,0.0,0.0,0.0,0.0,0.0,0.0,0.0,0.0,0.0,0.0,0.0,0.0,0.0,0.0,0.0,0.0,0.0,0.0,0.0,0.0,0.0,0.0,0.0,0.0,0.0,0.0,0.0,0.0,0.0,0.0,0.0,0.0,0.0,0.0,0.0,0.0,0.0,0.0,0.0,0.0,0.0,0.0,0.0,0.0,0.0,0.0,0.0,0.0,0.0,0.0,0.0,0.0,0.0,0.0,0.0,0.0,0.0,0.0,0.0,0.0,0.0,0.0,0.0,0.0,0.0,0.0,0.0,0.0,0.0,0.0,0.0,0.0,0.0,0.0,0.0,0.0,0.0,0.0,0.0,0.0,0.0,0.0,0.0,0.0,0.0
2010-08-31,0.0,0.0,0.0,0.0,0.0,0.0,0.0,0.0,0.0,0.0,0.0,0.0,0.0,0.0,0.0,0.0,0.0,0.0,0.0,0.0,0.0,0.0,0.0,0.0,0.0,0.0,0.0,0.0,0.0,0.0,0.0,0.0,0.0,0.0,0.0,0.0,0.0,0.0,0.0,0.0,0.0,0.0,0.0,0.0,0.0,0.0,0.0,0.0,0.0,0.0,0.0,0.0,0.0,0.0,0.0,0.0,0.0,0.0,0.0,0.0,0.0,0.0,0.0,0.0,0.0,0.0,0.0,0.0,0.0,0.0,0.0,0.0,0.0,0.0,0.0,0.0,0.0,0.0,0.0,0.0,0.0,0.0,0.0,0.0,0.0,0.0,0.0,0.0,0.0,0.0,0.0,0.0,0.0,0.0,0.0,0.0,0.0,0.0,0.0,0.0,0.0,0.0,0.0,0.0,0.0,0.0,0.0,0.0,0.0,0.0,0.0,0.0,0.0,0.0,0.0,0.0,0.0,0.0,0.0,0.0,0.0,0.0,0.0,0.0,0.0,0.0,0.0,0.0,0.0,0.0,0.0,0.0,0.0,0.0,0.0,0.0,0.0,0.0,0.0,0.0,0.0
2010-09-30,0.0,0.0,0.0,0.0,0.0,0.0,0.0,0.0,0.0,0.0,0.0,0.0,0.0,0.0,0.0,0.0,0.0,0.0,0.0,0.0,0.0,0.0,0.0,0.0,0.0,0.0,0.0,0.0,0.0,0.0,0.0,0.0,0.0,0.0,0.0,0.0,0.0,0.0,0.0,0.0,0.0,0.0,0.0,0.0,0.0,0.0,0.0,0.0,0.0,0.0,0.0,0.0,0.0,0.0,0.0,0.0,0.0,0.0,0.0,0.0,0.0,0.0,0.0,0.0,0.0,0.0,0.0,0.0,0.0,0.0,0.0,0.0,0.0,0.0,0.0,0.0,0.0,0.0,0.0,0.0,0.0,0.0,0.0,0.0,0.0,0.0,0.0,0.0,0.0,0.0,0.0,0.0,0.0,0.0,0.0,0.0,0.0,0.0,0.0,0.0,0.0,0.0,0.0,0.0,0.0,0.0,0.0,0.0,0.0,0.0,0.0,0.0,0.0,0.0,0.0,0.0,0.0,0.0,0.0,0.0,0.0,0.0,0.0,0.0,0.0,0.0,0.0,0.0,0.0,0.0,0.0,0.0,0.0,0.0,0.0,0.0,0.0,0.0,0.0,0.0,0.0
2010-10-31,0.0,0.0,0.0,0.0,0.0,0.0,0.0,0.0,0.0,0.0,0.0,0.0,0.0,0.0,0.0,0.0,0.0,0.0,0.0,0.0,0.0,0.0,0.0,0.0,0.0,0.0,0.0,0.0,0.0,0.0,0.0,0.0,0.0,0.0,0.0,0.0,0.0,0.0,0.0,0.0,0.0,0.0,0.0,0.0,0.0,0.0,0.0,0.0,0.0,0.0,0.0,0.0,0.0,0.0,0.0,0.0,0.0,0.0,0.0,0.0,0.0,0.0,0.0,0.0,0.0,0.0,0.0,0.0,0.0,0.0,0.0,0.0,0.0,0.0,0.0,0.0,0.0,0.0,0.0,0.0,0.0,0.0,0.0,0.0,0.0,0.0,0.0,0.0,0.0,0.0,0.0,0.0,0.0,0.0,0.0,0.0,0.0,0.0,0.0,0.0,0.0,0.0,0.0,0.0,0.0,0.0,0.0,0.0,0.0,0.0,0.0,0.0,0.0,0.0,0.0,0.0,0.0,0.0,0.0,0.0,0.0,0.0,0.0,0.0,0.0,0.0,0.0,0.0,0.0,0.0,0.0,0.0,0.0,0.0,0.0,0.0,0.0,0.0,0.0,0.0,0.0
2010-11-30,0.0,0.0,0.0,0.0,0.0,0.0,0.0,0.0,0.0,0.0,0.0,0.0,0.0,0.0,0.0,0.0,0.0,0.0,0.0,0.0,0.0,0.0,0.0,0.0,0.0,0.0,0.0,0.0,0.0,0.0,0.0,0.0,0.0,0.0,0.0,0.0,0.0,0.0,0.0,0.0,0.0,0.0,0.0,0.0,0.0,0.0,0.0,0.0,0.0,0.0,0.0,0.0,0.0,0.0,0.0,0.0,0.0,0.0,0.0,0.0,0.0,0.0,0.0,0.0,0.0,0.0,0.0,0.0,0.0,0.0,0.0,0.0,0.0,0.0,0.0,0.0,0.0,0.0,0.0,0.0,0.0,0.0,0.0,0.0,0.0,0.0,0.0,0.0,0.0,0.0,0.0,0.0,0.0,0.0,0.0,0.0,0.0,0.0,0.0,0.0,0.0,0.0,0.0,0.0,0.0,0.0,0.0,0.0,0.0,0.0,0.0,0.0,0.0,0.0,0.0,0.0,0.0,0.0,0.0,0.0,0.0,0.0,0.0,0.0,0.0,0.0,0.0,0.0,0.0,0.0,0.0,0.0,0.0,0.0,0.0,0.0,0.0,0.0,0.0,0.0,0.0
2010-12-31,0.0,0.0,0.0,0.0,0.0,0.0,0.0,0.0,0.0,0.0,0.0,0.0,0.0,0.0,0.0,0.0,0.0,0.0,0.0,0.0,0.0,0.0,0.0,0.0,0.0,0.0,0.0,0.0,0.0,0.0,0.0,0.0,0.0,0.0,0.0,0.0,0.0,0.0,0.0,0.0,0.0,0.0,0.0,0.0,0.0,0.0,0.0,0.0,0.0,0.0,0.0,0.0,0.0,0.0,0.0,0.0,0.0,0.0,0.0,0.0,0.0,0.0,0.0,0.0,0.0,0.0,0.0,0.0,0.0,0.0,0.0,0.0,0.0,0.0,0.0,0.0,0.0,0.0,0.0,0.0,0.0,0.0,0.0,0.0,0.0,0.0,0.0,0.0,0.0,0.0,0.0,0.0,0.0,0.0,0.0,0.0,0.0,0.0,0.0,0.0,0.0,0.0,0.0,0.0,0.0,0.0,0.0,0.0,0.0,0.0,0.0,0.0,0.0,0.0,0.0,0.0,0.0,0.0,0.0,0.0,0.0,0.0,0.0,0.0,0.0,0.0,0.0,0.0,0.0,0.0,0.0,0.0,0.0,0.0,0.0,0.0,0.0,0.0,0.0,0.0,0.0
2011-01-31,0.0,0.0,0.0,0.0,0.0,0.0,0.0,0.0,0.0,0.0,0.0,0.0,0.0,0.0,0.0,0.0,0.0,0.0,0.0,0.0,0.0,0.0,0.0,0.0,0.0,0.0,0.0,0.0,0.0,0.0,0.0,0.0,0.0,0.0,0.0,0.0,0.0,0.0,0.0,0.0,0.0,0.0,0.0,0.0,0.0,0.0,0.0,0.0,0.0,0.0,0.0,0.0,0.0,0.0,0.0,0.0,0.0,0.0,0.0,0.0,0.0,0.0,0.0,0.0,0.0,0.0,0.0,0.0,0.0,0.0,0.0,0.0,0.0,0.0,0.0,0.0,0.0,0.0,0.0,0.0,0.0,0.0,0.0,0.0,0.0,0.0,0.0,0.0,0.0,0.0,0.0,0.0,0.0,0.0,0.0,0.0,0.0,0.0,0.0,0.0,0.0,0.0,0.0,0.0,0.0,0.0,0.0,0.0,0.0,0.0,0.0,0.0,0.0,0.0,0.0,0.0,0.0,0.0,0.0,0.0,0.0,0.0,0.0,0.0,0.0,0.0,0.0,0.0,0.0,0.0,0.0,0.0,0.0,0.0,0.0,0.0,0.0,0.0,0.0,0.0,0.0
2011-02-28,0.0,0.0,0.0,0.0,0.0,0.0,0.0,0.0,0.0,0.0,0.0,0.0,0.0,0.0,0.0,0.0,0.0,0.0,0.0,0.0,0.0,0.0,0.0,0.0,0.0,0.0,0.0,0.0,0.0,0.0,0.0,0.0,0.0,0.0,0.0,0.0,0.0,0.0,0.0,0.0,0.0,0.0,0.0,0.0,0.0,0.0,0.0,0.0,0.0,0.0,0.0,0.0,0.0,0.0,0.0,0.0,0.0,0.0,0.0,0.0,0.0,0.0,0.0,0.0,0.0,0.0,0.0,0.0,0.0,0.0,0.0,0.0,0.0,0.0,0.0,0.0,0.0,0.0,0.0,0.0,0.0,0.0,0.0,0.0,0.0,0.0,0.0,0.0,0.0,0.0,0.0,0.0,0.0,0.0,0.0,0.0,0.0,0.0,0.0,0.0,0.0,0.0,0.0,0.0,0.0,0.0,0.0,0.0,0.0,0.0,0.0,0.0,0.0,0.0,0.0,0.0,0.0,0.0,0.0,0.0,0.0,0.0,0.0,0.0,0.0,0.0,0.0,0.0,0.0,0.0,0.0,0.0,0.0,0.0,0.0,0.0,0.0,0.0,0.0,0.0,0.0
2011-03-31,0.0,0.0,0.0,0.0,0.0,0.0,0.0,0.0,0.0,0.0,0.0,0.0,0.0,0.0,0.0,0.0,0.0,0.0,0.0,0.0,0.0,0.0,0.0,0.0,0.0,0.0,0.0,0.0,0.0,0.0,0.0,0.0,0.0,0.0,0.0,0.0,0.0,0.0,0.0,0.0,0.0,0.0,0.0,0.0,0.0,0.0,0.0,0.0,0.0,0.0,0.0,0.0,0.0,0.0,0.0,0.0,0.0,0.0,0.0,0.0,0.0,0.0,0.0,0.0,0.0,0.0,0.0,0.0,0.0,0.0,0.0,0.0,0.0,0.0,0.0,0.0,0.0,0.0,0.0,0.0,0.0,0.0,0.0,0.0,0.0,0.0,0.0,0.0,0.0,0.0,0.0,0.0,0.0,0.0,0.0,0.0,0.0,0.0,0.0,0.0,0.0,0.0,0.0,0.0,0.0,0.0,0.0,0.0,0.0,0.0,0.0,0.0,0.0,0.0,0.0,0.0,0.0,0.0,0.0,0.0,0.0,0.0,0.0,0.0,0.0,0.0,0.0,0.0,0.0,0.0,0.0,0.0,0.0,0.0,0.0,0.0,0.0,0.0,0.0,0.0,0.0
2011-04-30,0.0,0.0,0.0,0.0,0.0,0.0,0.0,0.0,0.0,0.0,0.0,0.0,0.0,0.0,0.0,0.0,0.0,0.0,0.0,0.0,0.0,0.0,0.0,0.0,0.0,0.0,0.0,0.0,0.0,0.0,0.0,0.0,0.0,0.0,0.0,0.0,0.0,0.0,0.0,0.0,0.0,0.0,0.0,0.0,0.0,0.0,0.0,0.0,0.0,0.0,0.0,0.0,0.0,0.0,0.0,0.0,0.0,0.0,0.0,0.0,0.0,0.0,0.0,0.0,0.0,0.0,0.0,0.0,0.0,0.0,0.0,0.0,0.0,0.0,0.0,0.0,0.0,0.0,0.0,0.0,0.0,0.0,0.0,0.0,0.0,0.0,0.0,0.0,0.0,0.0,0.0,0.0,0.0,0.0,0.0,0.0,0.0,0.0,0.0,0.0,0.0,0.0,0.0,0.0,0.0,0.0,0.0,0.0,0.0,0.0,0.0,0.0,0.0,0.0,0.0,0.0,0.0,0.0,0.0,0.0,0.0,0.0,0.0,0.0,0.0,0.0,0.0,0.0,0.0,0.0,0.0,0.0,0.0,0.0,0.0,0.0,0.0,0.0,0.0,0.0,0.0
2011-05-31,0.0,0.0,0.0,0.0,0.0,0.0,0.0,0.0,0.0,0.0,0.0,0.0,0.0,0.0,0.0,0.0,0.0,0.0,0.0,0.0,0.0,0.0,0.0,0.0,0.0,0.0,0.0,0.0,0.0,0.0,0.0,0.0,0.0,0.0,0.0,0.0,0.0,0.0,0.0,0.0,0.0,0.0,0.0,0.0,0.0,0.0,0.0,0.0,0.0,0.0,0.0,0.0,0.0,0.0,0.0,0.0,0.0,0.0,0.0,0.0,0.0,0.0,0.0,0.0,0.0,0.0,0.0,0.0,0.0,0.0,0.0,0.0,0.0,0.0,0.0,0.0,0.0,0.0,0.0,0.0,0.0,0.0,0.0,0.0,0.0,0.0,0.0,0.0,0.0,0.0,0.0,0.0,0.0,0.0,0.0,0.0,0.0,0.0,0.0,0.0,0.0,0.0,0.0,0.0,0.0,0.0,0.0,0.0,0.0,0.0,0.0,0.0,0.0,0.0,0.0,0.0,0.0,0.0,0.0,0.0,0.0,0.0,0.0,0.0,0.0,0.0,0.0,0.0,0.0,0.0,0.0,0.0,0.0,0.0,0.0,0.0,0.0,0.0,0.0,0.0,0.0
2011-06-30,0.0,0.0,0.0,0.0,0.0,0.0,0.0,0.0,0.0,0.0,0.0,0.0,0.0,0.0,0.0,0.0,0.0,0.0,0.0,0.0,0.0,0.0,0.0,0.0,0.0,0.0,0.0,0.0,0.0,0.0,0.0,0.0,0.0,0.0,0.0,0.0,0.0,0.0,0.0,0.0,0.0,0.0,0.0,0.0,0.0,0.0,0.0,0.0,0.0,0.0,0.0,0.0,0.0,0.0,0.0,0.0,0.0,0.0,0.0,0.0,0.0,0.0,0.0,0.0,0.0,0.0,0.0,0.0,0.0,0.0,0.0,0.0,0.0,0.0,0.0,0.0,0.0,0.0,0.0,0.0,0.0,0.0,0.0,0.0,0.0,0.0,0.0,0.0,0.0,0.0,0.0,0.0,0.0,0.0,0.0,0.0,0.0,0.0,0.0,0.0,0.0,0.0,0.0,0.0,0.0,0.0,0.0,0.0,0.0,0.0,0.0,0.0,0.0,0.0,0.0,0.0,0.0,0.0,0.0,0.0,0.0,0.0,0.0,0.0,0.0,0.0,0.0,0.0,0.0,0.0,0.0,0.0,0.0,0.0,0.0,0.0,0.0,0.0,0.0,0.0,0.0
2011-07-31,0.0,0.0,0.0,0.0,0.0,0.0,0.0,0.0,0.0,0.0,0.0,0.0,0.0,0.0,0.0,0.0,0.0,0.0,0.0,0.0,0.0,0.0,0.0,0.0,0.0,0.0,0.0,0.0,0.0,0.0,0.0,0.0,0.0,0.0,0.0,0.0,0.0,0.0,0.0,0.0,0.0,0.0,0.0,0.0,0.0,0.0,0.0,0.0,0.0,0.0,0.0,0.0,0.0,0.0,0.0,0.0,0.0,0.0,0.0,0.0,0.0,0.0,0.0,0.0,0.0,0.0,0.0,0.0,0.0,0.0,0.0,0.0,0.0,0.0,0.0,0.0,0.0,0.0,0.0,0.0,0.0,0.0,0.0,0.0,0.0,0.0,0.0,0.0,0.0,0.0,0.0,0.0,0.0,0.0,0.0,0.0,0.0,0.0,0.0,0.0,0.0,0.0,0.0,0.0,0.0,0.0,0.0,0.0,0.0,0.0,0.0,0.0,0.0,0.0,0.0,0.0,0.0,0.0,0.0,0.0,0.0,0.0,0.0,0.0,0.0,0.0,0.0,0.0,0.0,0.0,0.0,0.0,0.0,0.0,0.0,0.0,0.0,0.0,0.0,0.0,0.0
2011-08-31,0.0,0.0,0.0,0.0,0.0,0.0,0.0,0.0,0.0,0.0,0.0,0.0,0.0,0.0,0.0,0.0,0.0,0.0,0.0,0.0,0.0,0.0,0.0,0.0,0.0,0.0,0.0,0.0,0.0,0.0,0.0,0.0,0.0,0.0,0.0,0.0,0.0,0.0,0.0,0.0,0.0,0.0,0.0,0.0,0.0,0.0,0.0,0.0,0.0,0.0,0.0,0.0,0.0,0.0,0.0,0.0,0.0,0.0,0.0,0.0,0.0,0.0,0.0,0.0,0.0,0.0,0.0,0.0,0.0,0.0,0.0,0.0,0.0,0.0,0.0,0.0,0.0,0.0,0.0,0.0,0.0,0.0,0.0,0.0,0.0,0.0,0.0,0.0,0.0,0.0,0.0,0.0,0.0,0.0,0.0,0.0,0.0,0.0,0.0,0.0,0.0,0.0,0.0,0.0,0.0,0.0,0.0,0.0,0.0,0.0,0.0,0.0,0.0,0.0,0.0,0.0,0.0,0.0,0.0,0.0,0.0,0.0,0.0,0.0,0.0,0.0,0.0,0.0,0.0,0.0,0.0,0.0,0.0,0.0,0.0,0.0,0.0,0.0,0.0,0.0,0.0
2011-09-30,0.0,0.0,0.0,0.0,0.0,0.0,0.0,0.0,0.0,0.0,0.0,0.0,0.0,0.0,0.0,0.0,0.0,0.0,0.0,0.0,0.0,0.0,0.0,0.0,0.0,0.0,0.0,0.0,0.0,0.0,0.0,0.0,0.0,0.0,0.0,0.0,0.0,0.0,0.0,0.0,0.0,0.0,0.0,0.0,0.0,0.0,0.0,0.0,0.0,0.0,0.0,0.0,0.0,0.0,0.0,0.0,0.0,0.0,0.0,0.0,0.0,0.0,0.0,0.0,0.0,0.0,0.0,0.0,0.0,0.0,0.0,0.0,0.0,0.0,0.0,0.0,0.0,0.0,0.0,0.0,0.0,0.0,0.0,0.0,0.0,0.0,0.0,0.0,0.0,0.0,0.0,0.0,0.0,0.0,0.0,0.0,0.0,0.0,0.0,0.0,0.0,0.0,0.0,0.0,0.0,0.0,0.0,0.0,0.0,0.0,0.0,0.0,0.0,0.0,0.0,0.0,0.0,0.0,0.0,0.0,0.0,0.0,0.0,0.0,0.0,0.0,0.0,0.0,0.0,0.0,0.0,0.0,0.0,0.0,0.0,0.0,0.0,0.0,0.0,0.0,0.0
2011-10-31,0.0,0.0,0.0,0.0,0.0,0.0,0.0,0.0,0.0,0.0,0.0,0.0,0.0,0.0,0.0,0.0,0.0,0.0,0.0,0.0,0.0,0.0,0.0,0.0,0.0,0.0,0.0,0.0,0.0,0.0,0.0,0.0,0.0,0.0,0.0,0.0,0.0,0.0,0.0,0.0,0.0,0.0,0.0,0.0,0.0,0.0,0.0,0.0,0.0,0.0,0.0,0.0,0.0,0.0,0.0,0.0,0.0,0.0,0.0,0.0,0.0,0.0,0.0,0.0,0.0,0.0,0.0,0.0,0.0,0.0,0.0,0.0,0.0,0.0,0.0,0.0,0.0,0.0,0.0,0.0,0.0,0.0,0.0,0.0,0.0,0.0,0.0,0.0,0.0,0.0,0.0,0.0,0.0,0.0,0.0,0.0,0.0,0.0,0.0,0.0,0.0,0.0,0.0,0.0,0.0,0.0,0.0,0.0,0.0,0.0,0.0,0.0,0.0,0.0,0.0,0.0,0.0,0.0,0.0,0.0,0.0,0.0,0.0,0.0,0.0,0.0,0.0,0.0,0.0,0.0,0.0,0.0,0.0,0.0,0.0,0.0,0.0,0.0,0.0,0.0,0.0
2011-11-30,0.0,0.0,0.0,0.0,0.0,0.0,0.0,0.0,0.0,0.0,0.0,0.0,0.0,0.0,0.0,0.0,0.0,0.0,0.0,0.0,0.0,0.0,0.0,0.0,0.0,0.0,0.0,0.0,0.0,0.0,0.0,0.0,0.0,0.0,0.0,0.0,0.0,0.0,0.0,0.0,0.0,0.0,0.0,0.0,0.0,0.0,0.0,0.0,0.0,0.0,0.0,0.0,0.0,0.0,0.0,0.0,0.0,0.0,0.0,0.0,0.0,0.0,0.0,0.0,0.0,0.0,0.0,0.0,0.0,0.0,0.0,0.0,0.0,0.0,0.0,0.0,0.0,0.0,0.0,0.0,0.0,0.0,0.0,0.0,0.0,0.0,0.0,0.0,0.0,0.0,0.0,0.0,0.0,0.0,0.0,0.0,0.0,0.0,0.0,0.0,0.0,0.0,0.0,0.0,0.0,0.0,0.0,0.0,0.0,0.0,0.0,0.0,0.0,0.0,0.0,0.0,0.0,0.0,0.0,0.0,0.0,0.0,0.0,0.0,0.0,0.0,0.0,0.0,0.0,0.0,0.0,0.0,0.0,0.0,0.0,0.0,0.0,0.0,0.0,0.0,0.0
2011-12-31,0.0,0.0,0.0,0.0,0.0,0.0,0.0,0.0,0.0,0.0,0.0,0.0,0.0,0.0,0.0,0.0,0.0,0.0,0.0,0.0,0.0,0.0,0.0,0.0,0.0,0.0,0.0,0.0,0.0,0.0,0.0,0.0,0.0,0.0,0.0,0.0,0.0,0.0,0.0,0.0,0.0,0.0,0.0,0.0,0.0,0.0,0.0,0.0,0.0,0.0,0.0,0.0,0.0,0.0,0.0,0.0,0.0,0.0,0.0,0.0,0.0,0.0,0.0,0.0,0.0,0.0,0.0,0.0,0.0,0.0,0.0,0.0,0.0,0.0,0.0,0.0,0.0,0.0,0.0,0.0,0.0,0.0,0.0,0.0,0.0,0.0,0.0,0.0,0.0,0.0,0.0,0.0,0.0,0.0,0.0,0.0,0.0,0.0,0.0,0.0,0.0,0.0,0.0,0.0,0.0,0.0,0.0,0.0,0.0,0.0,0.0,0.0,0.0,0.0,0.0,0.0,0.0,0.0,0.0,0.0,0.0,0.0,0.0,0.0,0.0,0.0,0.0,0.0,0.0,0.0,0.0,0.0,0.0,0.0,0.0,0.0,0.0,0.0,0.0,0.0,0.0
2012-01-31,0.0,0.0,0.0,0.0,0.0,0.0,0.0,0.0,0.0,0.0,0.0,0.0,0.0,0.0,0.0,0.0,0.0,0.0,0.0,0.0,0.0,0.0,0.0,0.0,0.0,0.0,0.0,0.0,0.0,0.0,0.0,0.0,0.0,0.0,0.0,0.0,0.0,0.0,0.0,0.0,0.0,0.0,0.0,0.0,0.0,0.0,0.0,0.0,0.0,0.0,0.0,0.0,0.0,0.0,0.0,0.0,0.0,0.0,0.0,0.0,0.0,0.0,0.0,0.0,0.0,0.0,0.0,0.0,0.0,0.0,0.0,0.0,0.0,0.0,0.0,0.0,0.0,0.0,0.0,0.0,0.0,0.0,0.0,0.0,0.0,0.0,0.0,0.0,0.0,0.0,0.0,0.0,0.0,0.0,0.0,0.0,0.0,0.0,0.0,0.0,0.0,0.0,0.0,0.0,0.0,0.0,0.0,0.0,0.0,0.0,0.0,0.0,0.0,0.0,0.0,0.0,0.0,0.0,0.0,0.0,0.0,0.0,0.0,0.0,0.0,0.0,0.0,0.0,0.0,0.0,0.0,0.0,0.0,0.0,0.0,0.0,0.0,0.0,0.0,0.0,0.0
2012-02-29,0.0,0.0,0.0,0.0,0.0,0.0,0.0,0.0,0.0,0.0,0.0,0.0,0.0,0.0,0.0,0.0,0.0,0.0,0.0,0.0,0.0,0.0,0.0,0.0,0.0,0.0,0.0,0.0,0.0,0.0,0.0,0.0,0.0,0.0,0.0,0.0,0.0,0.0,0.0,0.0,0.0,0.0,0.0,0.0,0.0,0.0,0.0,0.0,0.0,0.0,0.0,0.0,0.0,0.0,0.0,0.0,0.0,0.0,0.0,0.0,0.0,0.0,0.0,0.0,0.0,0.0,0.0,0.0,0.0,0.0,0.0,0.0,0.0,0.0,0.0,0.0,0.0,0.0,0.0,0.0,0.0,0.0,0.0,0.0,0.0,0.0,0.0,0.0,0.0,0.0,0.0,0.0,0.0,0.0,0.0,0.0,0.0,0.0,0.0,0.0,0.0,0.0,0.0,0.0,0.0,0.0,0.0,0.0,0.0,0.0,0.0,0.0,0.0,0.0,0.0,0.0,0.0,0.0,0.0,0.0,0.0,0.0,0.0,0.0,0.0,0.0,0.0,0.0,0.0,0.0,0.0,0.0,0.0,0.0,0.0,0.0,0.0,0.0,0.0,0.0,0.0
2012-03-31,0.0,0.0,0.0,0.0,0.10360283128354791,0.0,0.0,0.0,0.0,0.07583911572138068,0.0,0.0,0.0,0.07396382367110449,0.0,0.0,0.0,0.0,0.0,0.0,0.0,0.0,0.0,0.0,0.10368527167513436,0.0,0.0,0.0,0.0,0.0,0.0,0.0,0.0,0.07425125645968336,0.0,0.0,0.07531099131391288,0.10402007565491772,0.0,0.0,0.0,0.0,0.0,0.0,0.0,0.10280449909950853,0.0,0.0,0.07373411710478957,0.07429010074646954,0.0,0.0,0.0,0.0,0.0,0.0,0.0750313715233809,0.0,0.0,0.0,0.10343473237431175,0.0,0.0,0.0,0.0,0.0,0.0,0.07400512226044584,0.0,0.07352037743330098,0.0,0.0,0.0,0.0,0.07336328644994766,0.0,0.0747416376499258,0.0,0.0,0.0,0.0,0.0,0.0,0.0,0.0,0.0,0.0,0.0,0.0,0.0,0.0,0.07557923573088625,0.0,0.0,0.07572912386201133,0.0,0.0,0.0,0.0,0.0,0.0,0.0,0.0,0.0,0.0,0.0,0.0,0.07490602220227702,0.0,0.0,0.0,0.0,0.0,0.0,0.0,0.0,0.0,0.0,0.0,0.0,0.0,0.0,0.0,0.07494490193181626,0.0,0.0,0.0,0.0,0.0,0.07566118938679871,0.0,0.0,0.0,0.07469041066879473,0.0,0.07574039729791789,0.0,0.0,0.0,0.0,0.08798092132257819
2012-04-30,0.0,0.0,0.0,0.0,0.10495898384853955,0.0,0.0,0.0,0.0,0.05792392635050124,0.0,0.0,0.0,0.05086704549402555,0.0,0.0,0.0,0.0,0.0,0.0,0.0,0.0,0.0,0.0,0.10450756658279614,0.0,0.0,0.0,0.0,0.0,0.0,0.0,0.0,0.06973750385473446,0.0,0.0,0.047413924304399405,0.09980642196285527,0.0,0.0,0.0,0.0,0.0,0.0,0.0,0.053389848918063615,0.0,0.0,0.07194467187662819,0.07541685758175445,0.0,0.0,0.0,0.0,0.0,0.0,0.052683847673685696,0.0,0.0,0.0,0.10330844235196773,0.0,0.0,0.0,0.0,0.0,0.0,0.07188906070411699,0.0,0.06869763013563315,0.0,0.0,0.0,0.0,0.03539157726568245,0.0,0.07410537103547897,0.0,0.0,0.0,0.0,0.0,0.0,0.0,0.0,0.0,0.0,0.0,0.0,0.0,0.0,0.07698891257228949,0.0,0.0,0.057542900913692886,0.0,0.0,0.0,0.0,0.0,0.0,0.0,0.0,0.0,0.0,0.0,0.0,0.07274335185549403,0.0,0.0,0.0,0.0,0.0,0.0,0.0,0.0,0.0,0.0,0.0,0.0,0.0,0.0,0.0,0.047491143582946274,0.0,0.0,0.0,0.0,0.0,0.07583844115948264,0.07635611036260667,0.0,0.0,0.07589857066663687,0.0,0.06507069012478202,0.0,0.0,0.0,0.0,0.059400725466449394
2012-05-31,0.0,0.0,0.0,0.0,0.09238266435299716,0.0,0.0,0.0,0.0,0.030838129646712075,0.0,0.0,0.0,0.027244426883549097,0.0,0.0,0.0,0.0,0.0,0.0,0.0,0.0,0.0,0.0,0.08023291415917214,0.0,0.0,0.07077669747267798,0.0,0.0,0.0,0.0,0.0,0.036854195460317006,0.0,0.0,0.026493678846882588,0.06481288126144576,0.0,0.0,0.0,0.0,0.0,0.0,0.0,0.04783026468442304,0.0,0.0,0.043432091541368775,0.052166445720414914,0.0,0.0,0.0,0.0,0.0,0.0,0.02843247435434981,0.0,0.0,0.0,0.06924012977578774,0.0,0.0,0.0,0.0,0.0,0.0,0.04045223278397564,0.0,0.037897160490647175,0.0,0.0,0.0,0.0,0.02124320404410848,0.0,0.19784014326923471,0.0,0.0,0.0,0.0,0.0,0.0,0.0,0.0,0.0,0.0,0.0,0.0,0.0,0.0,0.07467390057288335,0.0,0.0,0.029837774704188757,0.0,0.0,0.0,0.0,0.0,0.0,0.0,0.0,0.0,0.0,0.0,0.0,0.04269120815426343,0.0,0.0,0.0,0.0,0.0,0.0,0.0,0.0,0.0,0.0,0.0,0.0,0.0,0.0,0.0,0.025794673761547995,0.0,0.0,0.0,0.0,0.0,0.04976417476366367,0.03833648174218929,0.0,0.0,0.07182663926749339,0.0,0.03338388421589086,0.0,0.0,0.0,0.0,0.060356081055555275
2012-06-30,0.0,0.0,0.0,0.0,0.05511281526971794,0.0,0.0,0.0,0.0,0.024090516669785827,0.0,0.0,0.0,0.021509173408128215,0.0,0.0,0.0,0.0,0.0,0.0,0.0,0.0,0.0,0.0,0.05358222204526579,0.0,0.0,0.028315035763818094,0.0,0.0,0.0,0.0,0.0,0.02313716334105219,0.0,0.0,0.021887021499854345,0.05166393958784739,0.0,0.0,0.0,0.0,0.0,0.0,0.0,0.04701917963661259,0.2003300466543552,0.0,0.025032436980446104,0.023001961770725346,0.0,0.0,0.0,0.0,0.0,0.0,0.022273600413199052,0.0,0.0,0.0,0.049882035104374785,0.0,0.0,0.0,0.0,0.0,0.0,0.02350170700668943,0.0,0.023451541324304343,0.0,0.0,0.0,0.0,0.018351563159372284,0.0,0.14165100141543288,0.0,0.0,0.0,0.0,0.0,0.0,0.0,0.0,0.0,0.0,0.0,0.0,0.0,0.0,0.04287025281986455,0.0,0.0,0.022743981180899063,0.0,0.0,0.0,0.0,0.0,0.0,0.0,0.0,0.0,0.0,0.0,0.0,0.024996786283718493,0.0,0.0,0.0,0.0,0.0,0.0,0.0,0.0,0.0,0.0,0.0,0.0,0.0,0.0,0.0,0.02079745465516517,0.0,0.0,0.0,0.0,0.0,0.028038047841660623,0.02682123456063444,0.0,0.0,0.043717329223652374,0.0,0.023995657159320557,0.0,0.0,0.0,0.0,0.17232804660360831
2012-07-31,0.0,0.0,0.0,0.0,0.04961146518187819,0.0,0.0,0.0,0.0,0.023764878022198708,0.0,0.0,0.0,0.02117191106480579,0.0,0.0,0.0,0.0,0.0,0.0,0.0,0.0,0.0,0.0,0.04996835836454436,0.0,0.0,0.022463635709411962,0.0,0.0,0.0,0.0,0.0,0.021256734841706783,0.0,0.0,0.021829157212441854,0.05024340802554942,0.0,0.0,0.0,0.0,0.0,0.0,0.0,0.047884444244649535,0.1930136405588498,0.0,0.02173733827661706,0.01974334713877151,0.0,0.0,0.0,0.0,0.0,0.0,0.021761965994022647,0.0,0.0,0.0,0.04835444888420737,0.0,0.0,0.0,0.0,0.0,0.0,0.02101226664474074,0.0,0.021028442933100897,0.0,0.0,0.0,0.0,0.018584927514604367,0.0,0.09152957561282166,0.0,0.0,0.0,0.0,0.0,0.0,0.0,0.0,0.0,0.0,0.0,0.0,0.0,0.0,0.027822669111162737,0.0,0.0,0.02213196879078404,0.0,0.0,0.0,0.0,0.0,0.0,0.0,0.0,0.0,0.0,0.0,0.0,0.022157143484639458,0.0,0.0,0.0,0.0,0.0,0.0,0.0,0.0,0.0,0.0,0.0,0.0,0.0,0.0,0.0,0.020503382666289805,0.0,0.0,0.0,0.0,0.0,0.025050513097803317,0.026720014092376114,0.0,0.0,0.02993230570337924,0.0,0.023104538802568776,0.0,0.0,0.0,0.0,0.1640591782234469
2012-08-31,0.0,0.0,0.0,0.0,0.05011873312638876,0.0,0.0,0.0,0.0,0.02523002568253941,0.0,0.0,0.0,0.02243680741511104,0.0,0.0,0.0,0.0,0.0,0.0,0.0,0.0,0.0,0.0,0.05054216254566961,0.0,0.0,0.022738773048805117,0.0,0.0,0.0,0.0,0.0,0.021984119111696936,0.0,0.0,0.023222155764173167,0.05115291132533761,0.0,0.0,0.0,0.0,0.0,0.0,0.0,0.049614135025057744,0.18759500264700754,0.0,0.022101194289458434,0.020493691905703708,0.0,0.0,0.0,0.0,0.0,0.0,0.023008642609205893,0.0,0.0,0.0,0.04953872112301237,0.0,0.0,0.0,0.0,0.0,0.0,0.021636667707314608,0.0,0.02163681496750691,0.0,0.0,0.0,0.0,0.020006911826207813,0.0,0.06942301029354872,0.0,0.0,0.0,0.0,0.0,0.0,0.0,0.0,0.0,0.0,0.0,0.0,0.0,0.0,0.025537143276073797,0.0,0.0,0.023360461582525728,0.0,0.0,0.0,0.0,0.0,0.0,0.0,0.0,0.0,0.0,0.0,0.0,0.022817721712704495,0.0,0.0,0.0,0.0,0.0,0.0,0.0,0.0,0.0,0.0,0.0,0.0,0.0,0.0,0.0,0.021757596136750535,0.0,0.0,0.0,0.0,0.0,0.02631794495438883,0.029384243934767646,0.0,0.0,0.027176413505545928,0.0,0.02428692802955825,0.0,0.0,0.0,0.0,0.1648291212890659
2012-09-30,0.0,0.0,0.0,0.0,0.05976817406553733,0.0,0.0,0.0,0.0,0.037269628197036886,0.07458701926162298,0.0,0.0,0.02406951402284322,0.09385250673903339,0.0,0.0,0.0,0.0,0.0,0.0,0.0,0.0,0.0,0.051844305800354484,0.07738432300541227,0.0,0.02426931524157548,0.0,0.0,0.0,0.0,0.0,0.023255036666749003,0.0,0.0,0.034963149333731396,0.052472622151837525,0.0,0.0,0.0,0.0,0.0,0.0,0.0,0.05728001180317713,0.19639940854019133,0.0,0.023344212588513078,0.021836262195578625,0.0,0.0,0.08474660125294128,0.0,0.0,0.0,0.03600028259682114,0.0,0.0,0.0,0.05637538843594628,0.0755719688340841,0.0,0.0,0.0,0.0,0.0,0.022927336133289487,0.10319612806080458,0.02303269756294428,0.0,0.0,0.0,0.04746404076881802,0.021799856921557115,0.0,0.06258176263371214,0.0,0.0,0.0,0.0,0.0,0.0,0.0,0.0,0.0,0.0,0.0,0.0,0.07436614015141955,0.0,0.04827124197967346,0.0,0.0,0.034738994869133066,0.0,0.0,0.0,0.0,0.0,0.0,0.0,0.0,0.0,0.0,0.0,0.0,0.03769101605687111,0.0,0.0,0.0,0.0,0.04407023371240981,0.0,0.0,0.0,0.0,0.0,0.0,0.0,0.0,0.0,0.0,0.023500916705570613,0.0,0.0,0.0,0.0,0.0,0.04118823273836378,0.04430636428043505,0.0,0.0,0.04618955499265061,0.0,0.036053419365426366,0.0,0.0,0.0,0.0,0.17416103490908766
2012-10-31,0.0,0.0,0.0,0.0,0.05940908230095991,0.0,0.0,0.0,0.0,0.03881508259586624,0.03494497903879748,0.0,0.0,0.026481262019447418,0.04750751805135463,0.0,0.0,0.0,0.0,0.0,0.0,0.0,0.0,0.0,0.05949176068963441,0.0398525152325223,0.18441662885664334,0.0269510890982739,0.0,0.0,0.0,0.07547277712641304,0.0,0.025248356738846872,0.0,0.0,0.03644801180160996,0.05986350371481572,0.0,0.0,0.0,0.0,0.0,0.0,0.0,0.05949600591212764,0.19212721363719118,0.0,0.02553070235880075,0.023866492295882984,0.0,0.0,0.04806849201834594,0.0,0.0,0.0,0.03714936982753885,0.0,0.0,0.0,0.057510991964284254,0.04772652275449427,0.08237695684446907,0.0,0.0,0.0,0.0,0.025017913678817155,0.0532583013098251,0.02541612678353265,0.0,0.0,0.0,0.028353042611458365,0.02451031281720987,0.0,0.061650524867155915,0.0,0.0,0.0,0.0,0.0,0.0,0.0,0.0,0.0,0.0,0.0,0.0,0.03627352994405768,0.0,0.04396050594382246,0.0,0.0,0.03592105542136889,0.0,0.0,0.0,0.0,0.0,0.0,0.0,0.0,0.0,0.0,0.0,0.0,0.03715603955483852,0.0,0.0,0.0,0.0,0.029389004309231526,0.0,0.0,0.0,0.0,0.0,0.0,0.0,0.0,0.0,0.0,0.0262396242144105,0.0,0.0,0.0,0.05932137067720962,0.0,0.04129226269181218,0.04642379961401969,0.0,0.0,0.044516771892494984,0.0,0.037052207852972696,0.0,0.0,0.0,0.0,0.1784339426499333
2012-11-30,0.0,0.0,0.0,0.0,0.060764372510774066,0.0,0.0,0.0,0.0,0.0411725267518359,0.03301280959587877,0.0,0.0,0.029295120695489184,0.04831779695571203,0.0,0.0,0.0,0.0,0.0,0.0,0.0,0.0,0.0,0.061223652686334694,0.031268777865289143,0.1826265377144454,0.12321974202985611,0.0,0.0,0.0,0.04742373932635657,0.0,0.02761991143966386,0.0,0.0,0.038756727931713524,0.06167793181033171,0.0,0.0,0.0,0.0,0.0,0.0,0.0,0.062404467239259714,0.18766627215323187,0.0,0.02828113568290676,0.026223530905365364,0.0,0.0,0.047964824568455175,0.0,0.0,0.0,0.039408476352587825,0.0,0.0,0.0,0.059567549822648884,0.03327662427359383,0.0466905308773611,0.0,0.0,0.0,0.0,0.02754350136948534,0.050335826133307594,0.0284122022766855,0.0,0.0,0.0,0.0295580671191444,0.02778158009976228,0.0,0.16947021263052786,0.0,0.0,0.0,0.0,0.0,0.0,0.0,0.0,0.0,0.0,0.0,0.0,0.03627101103437186,0.0,0.04376202650859104,0.0,0.0,0.03815763194497368,0.0,0.0,0.0,0.0,0.0,0.0,0.0,0.0,0.0,0.0,0.0,0.0,0.03865026247107862,0.0,0.0,0.0,0.0,0.031547079459783314,0.0,0.0,0.0,0.0,0.0,0.0,0.0,0.0,0.0,0.0,0.029621282061442374,0.0,0.0,0.0,0.026627440961099844,0.0,0.04374119597684984,0.05031602184781063,0.0,0.0,0.04590504225452403,0.0,0.038967883218896354,0.0,0.0,0.0,0.0,0.20606150152058478
2012-12-31,0.0,0.0,0.0,0.0,0.0611896160288157,0.0,0.0,0.0,0.0,0.043001479521001695,0.03338865811187344,0.0,0.0,0.03156801067618185,0.049596600364304994,0.0,0.0,0.0,0.0,0.0,0.0,0.0,0.0,0.0,0.06207232867979305,0.028233783762274325,0.18074823503199663,0.1127812410414078,0.0,0.0,0.0,0.04786861503937084,0.0,0.029161746733798878,0.0,0.0,0.04076221335144649,0.06254333881717299,0.0,0.0,0.0,0.0,0.0,0.0,0.0,0.06549696302043394,0.18715758290820303,0.0,0.03017107583857465,0.027746549656502556,0.0,0.0,0.04896752706083064,0.0,0.0,0.0,0.041401627853877555,0.0,0.0,0.0,0.06103950974194958,0.02695743012654224,0.04663039465567527,0.0,0.0,0.0,0.0,0.029256950470469875,0.050275651761586826,0.03071861458703961,0.0,0.0,0.0,0.0312815523171586,0.03790756245111821,0.0,0.1672946177920026,0.0,0.0,0.0,0.0,0.0,0.0,0.0,0.0,0.0,0.0,0.0,0.0,0.03901490564571283,0.0,0.041317984961502026,0.0,0.0,0.040046142297366666,0.0,0.0,0.0,0.0,0.0,0.0,0.0,0.0,0.0,0.0,0.0,0.1037787250860264,0.039616428857595656,0.0,0.0,0.0,0.0,0.03424151207875957,0.0,0.0,0.0,0.0,0.0,0.0,0.0,0.0,0.0,0.0,0.032880922949634364,0.0,0.0,0.0,0.023482676405735592,0.0,0.045128620217584965,0.05341845455231398,0.0,0.0,0.04402158897017078,0.0,0.04025410992924193,0.0,0.0,0.0,0.0,0.18558134630597523
2013-01-31,0.0,0.0,0.0,0.0,0.07613860544582107,0.0,0.0,0.0,0.10342652353482476,0.046050680584706724,0.0363734080468224,0.0,0.0,0.03488125054080247,0.060846521531339404,0.0,0.0,0.0,0.09655791883197848,0.0,0.0,0.0,0.0,0.0,0.07220679502636702,0.02958427426443572,0.17966093904678898,0.10431661855482721,0.0,0.0,0.0,0.0651093838758151,0.0,0.031686115469419865,0.0,0.0,0.04399397075084695,0.0697551477447604,0.0,0.07699101814030485,0.0,0.0,0.0,0.0,0.0,0.07040664088740321,0.21340717813134996,0.0,0.03334971592251746,0.033812273297486505,0.0,0.07360284906620713,0.06257535542437064,0.0,0.0,0.0,0.04488893775155128,0.0,0.0,0.0,0.06906818230269014,0.027575076734284127,0.07834925618269223,0.0,0.0,0.0,0.0,0.03204526452399714,0.08229363231161936,0.03440997050133315,0.07591779012756207,0.0,0.0,0.0344069325890754,0.03875101233158379,0.0,0.16751071289572972,0.0,0.0,0.0,0.0,0.0,0.0,0.0,0.0,0.0,0.0,0.0,0.0,0.04498511720316249,0.0,0.0422103732104166,0.0,0.0,0.04336019635970792,0.0,0.0,0.0,0.0,0.0,0.0,0.0,0.0,0.0,0.0,0.0,0.11609446629985293,0.04251348268109731,0.10365601532201607,0.0,0.0,0.0,0.03845711956029299,0.0,0.0,0.0,0.0,0.0,0.0,0.0,0.0,0.0,0.0,0.04141096588182548,0.0,0.0,0.0,0.05463384247022129,0.0,0.057150836253439766,0.058766229804870326,0.0,0.0,0.04570576701193775,0.0,0.0427694815822259,0.10353461585763238,0.0,0.0,0.0,0.19991055686654297
2013-02-28,0.0,0.0,0.0,0.19492624455889676,0.07599841428615821,0.0,0.0,0.0,0.10538804863026274,0.0496371191252869,0.04044270529241083,0.0,0.0,0.038582118248188156,0.0587975002918951,0.0,0.0,0.0,0.10445078225397147,0.0,0.0,0.0,0.0,0.0,0.07258079112663676,0.03294449601949462,0.17978483869678888,0.10489969550951277,0.0,0.0,0.0,0.05993389659735589,0.0,0.034704676701822486,0.0,0.0,0.04774600943281797,0.07043876966140046,0.0,0.05741777395291871,0.0,0.0,0.0,0.0,0.0,0.07141891367035905,0.21474123872089657,0.0,0.037158127876282324,0.0351306630771641,0.0,0.034727160891838374,0.060375297790183705,0.0,0.0,0.0,0.0490935880446291,0.0,0.0,0.0,0.06979277586694933,0.03129329880717347,0.06645394861810308,0.0,0.0,0.0,0.0,0.03534778588448058,0.07494779891766572,0.038730133603665805,0.07752906574492624,0.0,0.0,0.03801222276631161,0.04119194558545033,0.0,0.1699580229954164,0.0,0.0,0.0,0.0,0.0,0.0,0.0,0.0,0.0,0.0,0.0,0.0,0.05194030819168011,0.0,0.04530978500107261,0.0,0.0,0.0473529011495378,0.0,0.0,0.0,0.0,0.0,0.0,0.0,0.0,0.0,0.0,0.0,0.09079489104896213,0.04652952379045426,0.102493336674683,0.0,0.0,0.0,0.04305626142110287,0.0,0.0,0.0,0.0,0.0,0.0,0.0,0.0,0.0,0.0,0.042448517249830196,0.0,0.0,0.0,0.04716701564622193,0.0,0.058887241491631506,0.0651697361152344,0.0,0.0,0.04986989749686697,0.0,0.04592880226547796,0.10544678465419546,0.0,0.0,0.0,0.22214080344528322
2013-03-31,0.0,0.0,0.0,0.33312734180949455,0.07266478353580909,0.0,0.0,0.0,0.1597078212242028,0.05261701186949734,0.042900644081150935,0.0,0.0,0.04175723021092253,0.06794824161321472,0.0,0.0,0.0,0.09619769943425349,0.0,0.0,0.0,0.10323691525633943,0.0,0.0709846509782597,0.04366942697337987,0.10009905336082237,0.10692230613098568,0.0,0.10224210363187408,0.0,0.05821800311583336,0.0,0.037904003057320994,0.0,0.0,0.0511938707131834,0.07503844566130864,0.0,0.028039594652405485,0.0,0.0,0.0,0.0,0.0,0.07413327001248936,0.21347375102287222,0.0,0.0400796000060563,0.03815877217855126,0.0,0.021816319145342763,0.0587003204389143,0.0,0.0,0.0,0.05299266029262358,0.0,0.0,0.0,0.07587186948873435,0.031592379515693846,0.061417070042481446,0.10387878488605204,0.0,0.0,0.0,0.03934147983166039,0.09707444899419522,0.04240283770090281,0.07129361446247034,0.0,0.0,0.04083375959999096,0.04369275958822445,0.0,0.1722228202994841,0.0,0.07591049811855503,0.0,0.0,0.0,0.0,0.0,0.0,0.0,0.0,0.0,0.0,0.05796225266827523,0.09587943998165413,0.04549070089320297,0.0,0.0,0.05094798723391757,0.0,0.0,0.0,0.0,0.0,0.0,0.0,0.0,0.10243367787044755,0.0,0.0,0.06646049510079714,0.04965451997903947,0.11065512056784364,0.0,0.0,0.0,0.04714630704582143,0.0,0.08159503112682517,0.0,0.0,0.0,0.0,0.0,0.0,0.0,0.0,0.044157059314205896,0.0,0.0,0.10353890353320822,0.043203500791814106,0.0,0.06644816664538337,0.07053074667755824,0.0,0.0,0.05039034445419072,0.0,0.048275511563390716,0.104015894841262,0.0,0.0,0.0,0.20693993693452678
2013-04-30,0.0,0.0,0.0,0.19959435028593456,0.0725247994235317,0.0,0.0,0.0,0.13071762685207633,0.05657956574994653,0.04654717911044441,0.0,0.0,0.045827241648181485,0.06259937319020584,0.0,0.0,0.0,0.09235671736860585,0.0,0.0,0.0,0.050054753686238566,0.0,0.07149480373975062,0.04065232814265591,0.09974363240612659,0.11008940923965323,0.0,0.05134365658868903,0.0,0.05789681003949997,0.0,0.03941567356430617,0.0,0.0,0.055708591359178196,0.07385285233849302,0.0,0.024477757740957007,0.0,0.0,0.0,0.0,0.0,0.07533841948357613,0.21235377584108983,0.0,0.04407760564153156,0.03735564134495404,0.0,0.020444511054698862,0.24051556117856351,0.0,0.0,0.0,0.05820704634204472,0.0,0.0,0.0,0.07446790497183864,0.03409955681800331,0.05910418311011384,0.045703278957943454,0.0,0.0,0.0,0.04106296079895743,0.08155931119014398,0.04728674025875808,0.04429005562956172,0.0,0.0,0.044476440637728015,0.04737209882655348,0.0,0.1765869815209583,0.0,0.04335343652036289,0.0,0.0,0.0,0.0,0.0,0.0,0.0,0.0,0.0,0.0,0.0656061422706091,0.04181377280379509,0.04759675932687988,0.0,0.0,0.0557733693535351,0.0,0.0,0.0,0.0,0.0,0.0,0.0,0.0,0.04904103777906224,0.0,0.0,0.05818717465796444,0.054279582577959895,0.08602942550597642,0.0,0.0,0.0,0.052178221569654154,0.0,0.04177793227607018,0.0,0.0,0.0,0.0,0.0,0.0,0.0,0.0,0.04743048897218416,0.0,0.0,0.04671593794477073,0.03997865793118946,0.0,0.06514820513730683,0.07765885588561,0.0,0.0,0.0532627000155764,0.0,0.051579495616223395,0.07577153831848797,0.0,0.0,0.0,0.23786521551427606
2013-05-31,0.0,0.0,0.0,0.20566104220651168,0.07391202643093334,0.0,0.0,0.0,0.11237063321124055,0.23207598197311624,0.2185179151738026,0.0,0.0,0.04919718536498401,0.19446465288275455,0.0,0.0,0.0,0.13939167650469397,0.0,0.0,0.0,0.06629509823497276,0.0,0.07316312048189309,0.21290364040933504,0.1004951194793995,0.11390525174164105,0.0,0.09802461541133844,0.0,0.11757352120533543,0.0,0.040498231720647086,0.20565936695628562,0.0,0.22038831007921011,0.07423562475936654,0.0,0.11442836011594511,0.0,0.0,0.0,0.0,0.0,0.1545853179052047,0.14155015668774668,0.0,0.0483930661777349,0.03829529006865444,0.0,0.04362571037786162,0.2171809543186978,0.0,0.0,0.0,0.12321804247272844,0.0,0.0,0.0,0.15745988049475482,0.037714035769989794,0.14147886711041954,0.05646601301370094,0.0,0.0,0.0,0.04234614516469351,0.07440890459853547,0.05170957233800253,0.03139762503583081,0.0,0.0,0.21665964355748224,0.052179090894080765,0.0,0.23718890034005677,0.0,0.023263068751216476,0.0,0.0,0.0,0.0,0.0,0.0,0.0,0.0,0.0,0.21489698118248657,0.21260729937283382,0.2081153000486427,0.11863744890859394,0.0,0.0,0.1218897418553875,0.0,0.07973996551150433,0.0,0.0,0.0,0.0,0.0,0.0,0.13711689171114494,0.0,0.0,0.06250944949225126,0.16739465382402716,0.15704780934275303,0.0,0.0,0.0,0.22189683795354195,0.0,0.02797847641184103,0.0,0.0,0.0,0.0,0.0,0.0,0.22878645112320667,0.0,0.11145052706645696,0.0,0.0,0.06143625443704446,0.05038184958596847,0.0,0.21003291664278215,0.211437788398796,0.0,0.0,0.13701877474095017,0.0,0.14407643478247065,0.05699434824531811,0.0,0.0,0.0,0.1436380277072362
2013-06-30,0.09571090318434869,0.0,0.0,0.18732081030160863,0.07658559761933423,0.0,0.20147601836707407,0.0,0.10473746662383851,0.23489418060731546,0.21004591542478512,0.0,0.0,0.05218732506968082,0.17581379186157742,0.0,0.0,0.0,0.13869008292512156,0.0,0.0,0.0,0.05660089308751434,0.0,0.07581292995420325,0.2093991394930678,0.20126331016293603,0.11775841306488809,0.0,0.06622554173213742,0.0,0.11860880354325568,0.0,0.041978899852895095,0.19886286553471402,0.0,0.23400862355244492,0.07604400199875296,0.0,0.1149730885241211,0.0,0.0,0.0,0.0,0.0,0.1456678432573535,0.18774665200101603,0.0,0.05158948926405164,0.040638193974187976,0.0,0.04362912387522692,0.1247613180542024,0.0,0.0,0.0,0.1521068288074942,0.0,0.0,0.0,0.13665731703365655,0.04212726860214449,0.14238611547257793,0.053549455239988636,0.0,0.0,0.0,0.043964590455479985,0.15253186601886978,0.05540435389260115,0.030253450217298892,0.0,0.0,0.20847969255848187,0.05733542447259534,0.0,0.23253297287209942,0.0,0.022209983348105932,0.0,0.0,0.0,0.0,0.0,0.0,0.0,0.0,0.0,0.20214344398247588,0.20214736459761776,0.20586177263118985,0.14537376362631993,0.0,0.0,0.15202588069949735,0.0,0.0512261644536,0.0,0.0,0.0,0.0,0.0,0.0,0.1377685213518141,0.0,0.0,0.06204532561230311,0.15336971744222175,0.14315555160755875,0.0,0.0,0.0,0.21117528893063053,0.0,0.0282678146910989,0.0,0.0,0.0,0.0,0.0,0.0,0.21047275504116453,0.0,0.1419387817324212,0.0,0.0,0.055040549934437834,0.05205759399526428,0.0,0.22265183610292225,0.20869897579407107,0.0,0.0,0.18252500319569537,0.0,0.14740594359838294,0.05505752461753654,0.0,0.0,0.0,0.14377990761245443
2013-07-31,0.23116095651000942,0.0,0.0,0.18281467963729317,0.2308463707952334,0.0,0.18329512034142953,0.0,0.1253660065178848,0.14240094891272295,0.20855003061033248,0.0,0.0,0.05354083184981593,0.15833028000534916,0.0,0.0,0.0,0.14198013871497583,0.0,0.0,0.0,0.056223067275152756,0.0,0.24933391460712956,0.124816960334335,0.2019203539707123,0.12193917285078128,0.0,0.05955152899079866,0.0,0.1175292260170789,0.0,0.04530590719121501,0.3114576138574635,0.0,0.14093365370424218,0.22861069285601063,0.0,0.11717061800930159,0.0,0.0,0.0,0.0,0.0,0.17104920189943115,0.185628830082806,0.0,0.18321302706268053,0.22339930635788097,0.0,0.0431315805285953,0.18538251051926136,0.0,0.0,0.0,0.18748770786965266,0.0,0.0,0.0,0.15852700458537658,0.04619516712929252,0.15741794004204113,0.10144884245929532,0.0,0.0,0.0,0.048015794526916046,0.15878927030682055,0.23583983314132095,0.03007653418456245,0.0,0.0,0.11600852991991188,0.06367721057387705,0.0,0.22206779632362228,0.0,0.022665648543345986,0.0,0.0,0.0,0.0,0.0,0.0,0.0,0.0,0.0,0.21055815263845243,0.2000765787654107,0.11354329417987197,0.13410548516106288,0.0,0.0,0.1610180695241805,0.0,0.047671362243368945,0.0,0.0,0.0,0.0,0.0,0.0,0.1615252442474892,0.0,0.0,0.066446045968433,0.1722014771404219,0.21695885016780586,0.0,0.0,0.0,0.20817010077144543,0.0,0.057340777251577636,0.0,0.0,0.0,0.0,0.10036038719858736,0.0,0.20759377245076427,0.0,0.14834262035819407,0.0,0.0,0.06178469185588326,0.05590609279530111,0.0,0.22790858598766225,0.2098383739234212,0.0,0.0,0.21684659794841535,0.0,0.16770652048972173,0.1901054757649431,0.0,0.0,0.0,0.1603849599028013
2013-08-31,0.20677670066818318,0.0,0.0,0.18392130905785165,0.21949937461882513,0.0,0.17444330960184778,0.0,0.1683373793026295,0.23211753580084146,0.20509994257522227,0.0,0.0,0.05139237098477381,0.12453756238231305,0.0,0.0,0.0,0.25705621640836424,0.0,0.0,0.0,0.05829898558014287,0.0,0.23757447659634814,0.12767066484218492,0.17995637181552668,0.12666514848182356,0.0,0.05956830420537797,0.0,0.12138070685118084,0.0,0.19843869475247977,0.20859333093856497,0.0,0.14563443518070182,0.23468548622513016,0.0,0.1160893650594555,0.0,0.0,0.0,0.0,0.0,0.18399669399695387,0.1777557761476153,0.0,0.11637096486018891,0.2301750982033893,0.0,0.0425605411919544,0.18106604583576094,0.0,0.0,0.0,0.19135549504264165,0.0,0.0,0.0,0.17292827125683194,0.05705054346022143,0.16122257666925618,0.11785291177888177,0.0,0.0,0.0,0.22519259332588526,0.17100254247856328,0.2095013283400034,0.11892251689664815,0.0,0.0,0.11798126553958324,0.1431306623019948,0.0,0.20266712729792727,0.0,0.025036226623295993,0.0,0.0,0.0,0.0,0.0,0.0,0.0,0.0,0.0,0.28066517280256503,0.1998479768137789,0.11640085829040424,0.13587673184112883,0.0,0.0,0.1817453063870465,0.0,0.04887720620090839,0.0,0.0,0.0,0.0,0.0,0.0,0.1545027159662815,0.0,0.0,0.2284502977736061,0.19691451841089996,0.23302450821630682,0.0,0.0,0.0,0.11548829785115662,0.0,0.1958821125272298,0.0,0.0,0.0,0.0,0.1510455903357768,0.0,0.2046948693405586,0.0,0.15407271635699227,0.1937670761269059,0.0,0.1340170565383668,0.06532248484688014,0.0,0.22687596300159857,0.21764852650149127,0.0,0.0,0.21841577571238519,0.0,0.1573228041261323,0.20746887772663883,0.0,0.0,0.0,0.1564663019274339
2013-09-30,0.20488919734861852,0.0,0.0,0.19239944913774754,0.280398084966199,0.0,0.18208507713583952,0.0,0.25854008829805386,0.17951925089670384,0.11567723970103055,0.0,0.0,0.05057890640698788,0.1557760488985777,0.0,0.0,0.0,0.23660536584230504,0.0,0.0,0.0,0.0639340121092601,0.0,0.2740670422450161,0.15231000470734038,0.18536233071021585,0.20550937216808804,0.0,0.06036665218090679,0.0,0.14363277887448758,0.0,0.21694913073723018,0.29968614022261586,0.0,0.15013059234401602,0.24393261155565835,0.0,0.12234903514770223,0.0,0.0,0.0,0.0,0.0,0.20783119136879716,0.18853715399520432,0.2315173518816925,0.11541256118682106,0.2455454720616008,0.0,0.09011942575595477,0.18318472925253873,0.0,0.0,0.0,0.1959137762973909,0.0,0.0,0.0,0.18444475439178928,0.06975380103810645,0.16402835117596457,0.3794456004650707,0.0,0.0,0.0,0.21831069273893694,0.22711529519317333,0.21221018621472354,0.11945319697476509,0.0,0.0,0.15421156508544626,0.15598072739475208,0.0,0.2243518014589171,0.0,0.2129046466737805,0.0,0.0,0.0,0.0,0.0,0.0,0.10383148591404115,0.0,0.0,0.22976253101161173,0.10990139115525627,0.15870054015653431,0.16848028812336713,0.0,0.0,0.21603965311570153,0.0,0.07114174274588231,0.0,0.0,0.0,0.0,0.0,0.0,0.1632951670521539,0.0,0.0,0.3095951678520535,0.21282065673003395,0.28203778651011907,0.0,0.0,0.0,0.11561628024121909,0.0,0.16920951082072788,0.046827760371124495,0.0,0.0,0.0,0.35725439055354474,0.0,0.20389083413956297,0.0,0.17098777672216633,0.24741622164322088,0.0,0.25016888848105673,0.08612157184186547,0.0,0.18230428540627192,0.21155382195393513,0.0,0.0,0.29828064005858007,0.0,0.22694775386591384,0.3903594289733911,0.0,0.0,0.0,0.20531620601395834
2013-10-31,0.12378985491610692,0.0,0.0,0.1899332132238623,0.31161014596283115,0.0,0.17888399847917502,0.0,0.29433110495008,0.18435184091676624,0.15813092616419824,0.10502415927771117,0.0,0.05330424868925779,0.25995006014369104,0.0,0.0,0.0,0.22270259966481945,0.0,0.0,0.0,0.09474976404304708,0.0,0.31289113760506765,0.15375840954769165,0.10999831574452901,0.19642803661652908,0.0,0.0627962776208358,0.0,0.19381603955580973,0.0,0.22038367354129432,0.2830334432359688,0.0,0.18796027110049504,0.22474600815294268,0.0,0.12806290571108492,0.0,0.0,0.2934184675938725,0.0,0.0,0.19470481699918732,0.2021987297863671,0.23295517561930618,0.12239506946258663,0.22903095646758456,0.0,0.11423414501923773,0.20861195620992984,0.0,0.0,0.0,0.20341282775143296,0.0,0.0,0.0,0.20830731972983887,0.16596554085184959,0.18339783602859247,0.320851025052984,0.0,0.0,0.0,0.20683258502526902,0.34391152590877483,0.22047906280837817,0.1794660367212536,0.0,0.0,0.1573437619515466,0.2020543780301197,0.0,0.19911540789711252,0.0,0.21454491558443084,0.0,0.0,0.0,0.0,0.29309193748268547,0.0,0.06994379576369034,0.0,0.10455776738871483,0.22046435360616295,0.27337708120541143,0.14600699684058852,0.25958919072533565,0.0,0.0,0.2469559668982788,0.0,0.06340280210573808,0.0,0.0,0.0,0.0,0.0,0.0,0.27072734710411506,0.0,0.0,0.37320623158583743,0.3684602339781816,0.3686450580193509,0.0,0.0,0.0,0.13571736255989722,0.0,0.16211374008186777,0.2332119465090331,0.0,0.0,0.0,0.3860761012843051,0.0,0.23469595634232207,0.0,0.1723291145984709,0.295689132059869,0.0,0.39206718476073193,0.12631333945768852,0.0,0.23617205824116275,0.23131558271700628,0.0,0.0,0.33025124679032164,0.0,0.2655070698639558,0.4089652028963319,0.0,0.0,0.0,0.1850717172317896
2013-11-30,0.16573009433209,0.08238344372341072,0.0,0.19331671344132412,0.298940448034177,0.0,0.18368700969467958,0.0,0.31383671695338133,0.19660330076880772,0.17098407841680435,0.04842356912959274,0.0,0.056066987757096065,0.30375735949976185,0.0,0.0,0.0,0.21385364826382436,0.0,0.0,0.0,0.07121089945444155,0.0,0.3015091757409034,0.20110701438735237,0.11883619292257383,0.19113396676812802,0.0,0.06561964525620856,0.0,0.17802202727273958,0.0,0.21257196823317165,0.24392787880803896,0.0,0.19388258362270966,0.243870803417833,0.0,0.13372107381409987,0.0,0.0,0.23717304871838418,0.0,0.0,0.19540044494614897,0.22243568367941868,0.29250628578941273,0.14147201290756906,0.26372759489064596,0.0,0.11138005010807196,0.20569198192657964,0.0,0.0,0.0,0.1897200096759399,0.0,0.0,0.0,0.2829639858580163,0.23978316180067796,0.184527026572545,0.2673937537943928,0.0920720021914634,0.0,0.0,0.2030017972324753,0.38516365053588253,0.2120743985720087,0.28167524075776673,0.0,0.0,0.1961818243314216,0.19798658512031583,0.0,0.23885962670284067,0.0,0.21074653500915227,0.0,0.0,0.0,0.0,0.23608917620357972,0.0,0.04905037365010954,0.0,0.10386312440247622,0.21803099147158714,0.27029939678360443,0.17357510050110325,0.24243093820229714,0.0,0.0,0.234244129343034,0.0,0.06265221820680321,0.0,0.0,0.0,0.0,0.0,0.0,0.3365786217416132,0.0,0.0,0.377842087947237,0.36500137291882323,0.39207266435623866,0.0,0.0,0.0,0.15956785742084612,0.0,0.163421993833649,0.2957864338225482,0.0,0.0,0.0,0.38765908305922964,0.0,0.19069915732548,0.0,0.17509794599507392,0.2439655075088687,0.0,0.4121180185500916,0.12034145487791113,0.0,0.2488933047695172,0.2452952613823846,0.0,0.0,0.3376924533650501,0.0,0.29988689037957883,0.4013539765603305,0.0,0.0,0.0,0.18157610112293263
2013-12-31,0.21931359569978726,0.2925729613881584,0.0,0.19753656064226321,0.3184895361305173,0.0,0.17897264467974736,0.0,0.3321061620096109,0.2493698480854408,0.1517858587062037,0.04829604560212647,0.0,0.22057479912920847,0.313528541336319,0.0,0.0,0.0,0.20755427689690414,0.0,0.0,0.0,0.20852310880284847,0.0,0.3131741068226707,0.22338098555912675,0.15351555063527955,0.2213610622420117,0.0,0.06965264436568795,0.0,0.20117108881097048,0.0,0.23227573877290691,0.20647852402751993,0.0,0.22067135739819377,0.2811239715837576,0.0,0.14175466525773756,0.0,0.0,0.23947026986034636,0.0,0.0,0.21511265884207703,0.2203869137843592,0.2885215182595321,0.19426806891834733,0.29307908911574726,0.0,0.12216782268883097,0.28048743175644103,0.0,0.0,0.0,0.1929937704954933,0.16463500835213746,0.0,0.0,0.33444501863815923,0.444893833071312,0.19858115005995328,0.2425313607814052,0.09865152079278974,0.0,0.0,0.22491284061403788,0.4001400167492423,0.2243626631552745,0.24998594367526275,0.0,0.0,0.22054261035061917,0.228161766639343,0.0,0.26539647753437784,0.0,0.21374866265440182,0.0,0.32492597752005153,0.0,0.0,0.2384860873452443,0.0,0.16708250298534671,0.0,0.07519786427209968,0.20682212659344149,0.2601963704751165,0.1569462833886869,0.346873748350198,0.0,0.0,0.2636158170439458,0.0,0.06445010283766062,0.0,0.0,0.0,0.0,0.0,0.0,0.27186115289375495,0.30005158632607737,0.0,0.3929915185103935,0.3705916647661263,0.4078296569366309,0.0,0.0,0.0,0.16718938776609088,0.0,0.2162260384558517,0.4045818537142163,0.0,0.0,0.0,0.39913115519089704,0.0,0.14889690926200558,0.0,0.1870598726081711,0.24337102357585694,0.0,0.44903747524878057,0.14307502593049304,0.0,0.28564707633980513,0.2665401997830688,0.0,0.0,0.35613169739270367,0.4542917782304505,0.3454479176640942,0.3330542207618783,0.0,0.0,0.0,0.1881597918553114
2014-01-31,0.14794830956699473,0.13793723245491585,0.0,0.1947308600883754,0.3127905990665656,0.0,0.17604584820979924,0.0,0.3189290910870431,0.245879718732238,0.15415988249541462,0.050971740282050024,0.0,0.22065143889673697,0.3026807498992132,0.0,0.0,0.0,0.20315322521973872,0.0,0.0,0.0,0.16225434126313504,0.0,0.3091626574638221,0.22127269888396078,0.14548954463195152,0.22423217400766485,0.0,0.07496599018701558,0.0,0.19083859769129513,0.0,0.22719471239400027,0.18883436464014214,0.0,0.2193706628930901,0.2753993480202869,0.0,0.1398622314505633,0.0,0.0,0.19968270566916685,0.0,0.0,0.21254862206869002,0.21946346535615213,0.22002494580635495,0.19160238263108398,0.28446184065189883,0.0,0.12178416399869695,0.2719966518127386,0.0,0.0,0.0,0.19812844476665295,0.16530945481101156,0.0,0.0,0.3280773641984627,0.44537498558579147,0.20078747191881574,0.23830564004667393,0.10101685596061041,0.0,0.0,0.2233885299088725,0.4009567355570878,0.221480397163236,0.23655116405460588,0.0,0.0,0.21531345111219508,0.2257878954129907,0.0,0.26426376896669224,0.0,0.21611525559790598,0.0,0.2053448195620562,0.0,0.0,0.15724851097935433,0.0,0.16709945167416143,0.0,0.06185410338677504,0.2030270694201299,0.23395393242661472,0.15716872206430396,0.3440055205383406,0.0,0.0,0.26095291945017973,0.0,0.06776551481743821,0.0,0.0,0.0,0.0,0.0,0.0,0.24811891814520803,0.19233020718173827,0.0,0.3916978543656204,0.3700880553344068,0.40120523699549526,0.0,0.0,0.0,0.17035201001303624,0.0,0.1922595216585166,0.3960447962150462,0.0,0.0,0.0,0.3952318135129933,0.0,0.13821515322285857,0.0,0.19084975817543195,0.18592876345805892,0.0,0.44916829547270026,0.14109587915793892,0.0,0.28314477740857596,0.2647051657273217,0.0,0.0,0.3529470667988846,0.435253638088433,0.3413041857157482,0.31955076137943356,0.0,0.0,0.0,0.18821565036210544
2014-02-28,0.26020518791413844,0.31737219648491394,0.0,0.21626740226889735,0.3345643035104544,0.0,0.18933913761907128,0.0,0.2680839255854197,0.2503523666382505,0.1554507484770664,0.13885065621398085,0.0,0.2567436210607564,0.29105372617375463,0.0,0.0,0.0,0.1838791637611421,0.0,0.0,0.0,0.25184837095999013,0.0,0.32456227886030653,0.2680747345903846,0.17213094050057903,0.19575705369234447,0.0,0.08660685853917618,0.0,0.24749840503657372,0.0,0.30517587463008916,0.18269949243425068,0.0,0.2077278314043702,0.34502519697425155,0.0,0.2786058289383294,0.0,0.0,0.24024202036709663,0.0,0.0,0.22904167151241692,0.17613872917242118,0.22696669521481405,0.2238407526090148,0.20329141871947617,0.0,0.14530712258983938,0.2973113658155713,0.0,0.19423473463874008,0.2915582362665219,0.22364792978876577,0.1648168344173906,0.0,0.0,0.338929010363882,0.4344429571488091,0.25143570862290726,0.23875369168497151,0.21276086958577461,0.0,0.0,0.26487223119004155,0.3530235413098294,0.2095418064023155,0.16545215493157972,0.0,0.0,0.23629632661273542,0.2148654118362831,0.0,0.2624424309549514,0.0,0.23504228483382336,0.0,0.32617442657566975,0.0,0.0,0.24972445127365617,0.0,0.40508415908205053,0.0,0.2086319253507702,0.21496959275684402,0.2064851427419179,0.21580594108932794,0.26464368071578337,0.0,0.0,0.28199557749192755,0.0,0.07356635508235254,0.0,0.0,0.0,0.0,0.0,0.0,0.3961320976753948,0.11832317776994909,0.0,0.38842051266212907,0.2821283636570231,0.4256648971891845,0.0,0.0,0.0,0.19824877813974529,0.0,0.22372760620485285,0.3665872607087011,0.0,0.0,0.0,0.3216625924557581,0.0,0.17654812055976218,0.0,0.2206345275364189,0.3964154349607403,0.0,0.39742714268847157,0.14178106822664022,0.0,0.2778750842772416,0.32538604358722395,0.0,0.0,0.35125664754086083,0.4245384644924444,0.34023604307604743,0.30002838447723834,0.0,0.0,0.0,0.21246506963603237
2014-03-31,0.27734389347159694,0.40605162481941903,0.0,0.24731485865157013,0.32660604036198965,0.0,0.23859925386760591,0.0,0.2814731018735171,0.2263678664007076,0.1652101221850095,0.07613434077588054,0.0,0.26001353010626355,0.3050487211368484,0.0,0.0,0.0,0.20840256526717704,0.0,0.0,0.0,0.24773644292576552,0.0,0.31768674588508244,0.27932012096229736,0.1914640896442111,0.17223771645252908,0.0,0.08924207550365881,0.0,0.232602970242898,0.0,0.3135234682007613,0.18128334427874906,0.0,0.21141531209848552,0.362678171508416,0.0,0.30917772527434806,0.0,0.0,0.47101804784987095,0.0,0.0,0.27159461245728844,0.2109643357896767,0.16134731390055687,0.2124171753391058,0.2641949060177431,0.0,0.14349753493294157,0.3050993491672099,0.0,0.3167355518174387,0.2936374466640986,0.22736832742532384,0.13924517014316062,0.0,0.0,0.3431856982370788,0.43090560824700463,0.24510468805837737,0.23921858131577245,0.22239433128967462,0.0,0.0,0.28933321923898425,0.35644681269057643,0.21648179355961694,0.1859586681722207,0.0,0.0,0.2650223225235707,0.22372515962441064,0.0,0.26060028900578786,0.0,0.25077061866956385,0.0,0.2363027579393403,0.07058367131305993,0.0,0.2571586854781381,0.0,0.4398389320777686,0.0,0.4764219704574651,0.2083536781887325,0.1875807198647621,0.27503884744128243,0.26125694384182896,0.0,0.0,0.27570338429000646,0.0,0.10283331762919186,0.0,0.0,0.0,0.0,0.0,0.0,0.41072413399866586,0.13848197774826324,0.0,0.39264130457374785,0.2779249347277885,0.41808629227007865,0.0,0.0,0.0,0.2027195568363453,0.0,0.369695865838017,0.294997523133955,0.0,0.0,0.0,0.37632558632749596,0.0,0.16331507000396114,0.0,0.2159956094414456,0.4749162365432403,0.0,0.36907482781023093,0.28896311051768464,0.0,0.3067982611699979,0.34992728174329535,0.0,0.0,0.34392605710830004,0.3043225425240353,0.34180830035571924,0.2781626349402534,0.0,0.0,0.0,0.253111925071097
2014-04-30,0.24441849904199905,0.3661831306993296,0.0,0.24607247105867333,0.3224070795471421,0.0,0.23619784067360938,0.0,0.2687955263291179,0.2249402731098578,0.1623383610807321,0.06539022598818651,0.0,0.25294207702251037,0.2956318381852259,0.0,0.0,0.0,0.20631825076054638,0.0,0.0,0.0,0.24408017312238459,0.0,0.35099838313095927,0.2740975456811772,0.18150204659297556,0.1120571450894132,0.0,0.08405516232253463,0.0,0.280261720780508,0.0,0.30162866665956567,0.18300674346056364,0.0,0.20986617463289509,0.37146575921667185,0.0,0.2897764772377749,0.0,0.0,0.4290286704056735,0.0,0.0,0.2701267571236106,0.21549627432396495,0.15696561396146133,0.20755108099488626,0.25322467214324396,0.0,0.16848749033185753,0.3002436043733814,0.0,0.24403022995875273,0.2952683295750559,0.21764491755060794,0.1367823481128401,0.0,0.0,0.3396837447779689,0.4262758407630592,0.24398974948444602,0.2425039017787466,0.22251528084943623,0.0,0.0,0.2818069775141925,0.3506572771447407,0.21451886252355687,0.18188257686767234,0.0,0.0,0.25434453218447944,0.22084320310067834,0.0,0.2601489373742676,0.0,0.2478472926143353,0.0,0.1661810990213572,0.04447977173603017,0.0,0.2179022568541658,0.0,0.439922087233958,0.0,0.47460038677370503,0.2050478807641335,0.18387680119040797,0.23904190773695166,0.2519112976112876,0.0,0.0,0.2727638205309449,0.0,0.08766331719022204,0.0,0.0,0.0,0.0,0.0,0.0,0.41038188711908874,0.13704929965664073,0.0,0.38829698684438196,0.2734220279733006,0.4092898719188154,0.0,0.0,0.0,0.2042711829132142,0.0,0.3414353557080831,0.25113377711577217,0.0,0.0,0.0,0.36615270456724336,0.0,0.16499645118711503,0.0,0.21565831836468288,0.4480609937203941,0.0,0.3612200803365606,0.2978120073544938,0.0,0.3038461018290248,0.3494118626750492,0.0,0.0,0.3403659315136476,0.22747850371228026,0.3392673911149915,0.2583528469988352,0.0,0.0,0.0,0.25433469704791617
2014-05-31,0.2513563210685218,0.34758149296269625,0.0,0.25050283719676525,0.34746783611026955,0.0,0.23037972556160907,0.0,0.2600973388005873,0.25266514740174645,0.1511278664153556,0.06314428030268596,0.0,0.26332943890787347,0.33258049925969135,0.0,0.0,0.0,0.20474333963254265,0.0,0.0,0.0,0.23526938375241363,0.0,0.2643654733393378,0.3069320456921927,0.20347484816682734,0.2295965133408258,0.0,0.26117051445737477,0.0,0.22896426465097183,0.0,0.31375591127333335,0.19381845040669451,0.0,0.23988135607392447,0.3627061525908248,0.0,0.30442688329145456,0.0,0.19617499523740084,0.3864588688902772,0.0,0.0,0.2294029549073924,0.22800447465024992,0.21813976598273024,0.2035766322997016,0.2358977533117962,0.0,0.12055974618860996,0.33734157146166854,0.0,0.242185975559265,0.29643097101299193,0.2149784280825059,0.135400452274105,0.0,0.0,0.3695329200473982,0.3750248211056764,0.24356049124554657,0.18438765014344205,0.23221310782067925,0.0,0.0,0.30072942015368487,0.3562989392859696,0.19641314955310837,0.16930707183762647,0.0,0.0,0.2529407552606679,0.23991353821898387,0.0,0.2589826176973269,0.0,0.24195402177432418,0.0,0.18450956605844737,0.04859286626978715,0.0,0.28241963024671324,0.0,0.42785501624144906,0.0,0.45192788878550655,0.20837028759556975,0.2330838209433801,0.24907244382378527,0.24325492614472305,0.0,0.0,0.30068855110527254,0.0,0.07960779511276221,0.0,0.0,0.0,0.0,0.0,0.0,0.3983068685105587,0.1394096901425741,0.0,0.4022343704098966,0.3117010808116815,0.4294757695125836,0.0,0.0,0.0,0.21967004902459622,0.0,0.292632356518906,0.2506827708682736,0.0,0.0,0.0,0.34715878536997336,0.0,0.16800439127582953,0.32438561346053796,0.2247736824751081,0.45101084367768524,0.0,0.32385743088619473,0.31237729632285516,0.0,0.3316787171402602,0.34730119266061465,0.0,0.0,0.3613958600280424,0.21136150081156457,0.3498951425537884,0.24552499944705308,0.0,0.0,0.0,0.23374187845661065
2014-06-30,0.4153872316122552,0.42330667538165856,0.0,0.2816716603562791,0.3532986973681049,0.0,0.14051571456682452,0.0,0.3565217307911484,0.2767278082278591,0.1899881528462442,0.08646774149797581,0.0,0.29546677826020057,0.36408871831750006,0.0,0.0,0.0,0.17712203775709773,0.0,0.0,0.0,0.23566175512554402,0.0,0.28459493217993576,0.3698147699701816,0.28087810385223183,0.20125123992402114,0.0,0.251785692654685,0.0,0.32402775576687365,0.0,0.3213886045681641,0.2676098526519563,0.0,0.2924608937893131,0.41247730821428896,0.0,0.3781647085193892,0.0,0.1352051543681988,0.44129227328442433,0.0,0.0,0.27166810933402985,0.2707594893926962,0.21437015406877308,0.2291474255489052,0.3065065826963172,0.0,0.1353459606501678,0.37918420957283705,0.0,0.2948300482752167,0.41609921282496537,0.2578666444201646,0.15049637959135032,0.0,0.0,0.371594486777797,0.4412322131473877,0.3279578266879194,0.18018518599926414,0.24468559967624934,0.0,0.0,0.30402238945993904,0.3473698762308369,0.22065816310926892,0.25769914422966184,0.0,0.0,0.32573465669252594,0.2514004266883586,0.0,0.3274487710477765,0.0,0.279952666739005,0.0,0.20196611616853488,0.20017482326620656,0.0,0.3580113873061855,0.0,0.3447147972466077,0.0,0.3603352926453904,0.2053925576521361,0.20334088939918415,0.400422883752444,0.2350952913916274,0.0,0.0,0.3079028970833627,0.0,0.1555439414310794,0.0,0.0,0.0,0.0,0.0,0.0,0.4347289983582645,0.3150787584542697,0.0,0.42516942071093144,0.3127968749609501,0.501872589877474,0.0,0.0,0.0,0.23523419840309318,0.0,0.4008949429557825,0.2527948727499663,0.0,0.0,0.0,0.2593528629257023,0.0,0.3215460332359242,0.31711482274674585,0.22665248456739198,0.44971325117040156,0.0,0.3787490310483926,0.447874464042863,0.0,0.3258025893674279,0.34004697297948483,0.0,0.0,0.4242428021633273,0.367219101473528,0.35742072518148865,0.2988033918527499,0.0,0.0,0.0,0.23660863778919483
2014-07-31,0.43241894970604555,0.4508109638477938,0.10283727180042146,0.32465955379155026,0.3629816675825666,0.0,0.1573218584856556,0.0,0.38101674990486695,0.3289978561834244,0.2025661365232187,0.2546164711207245,0.0,0.2927972955593948,0.3857194469054538,0.0,0.0,0.0,0.1719813758852419,0.0,0.0,0.0,0.2531206031043947,0.0,0.33091306689162087,0.4029815915067659,0.3484886807199676,0.20793882583615736,0.02326846401778725,0.29724424722900594,0.0,0.3526585662272175,0.0,0.3464422394248051,0.3817891833236662,0.0,0.3067050561446912,0.42820923402435357,0.0,0.4162370333766938,0.0,0.3138979052147033,0.44183706899817404,0.0,0.0,0.2855850982344693,0.2794421652500864,0.2998611348992175,0.3029884505842601,0.3092711543480631,0.0,0.15739264660486765,0.3615617496729212,0.0,0.28207214454868507,0.4093788033985434,0.30364094931226343,0.2711182355809489,0.2955613600377543,0.0,0.37828524703794586,0.43955598334992396,0.37938921450815316,0.23672715789838314,0.3046138726220664,0.0,0.0,0.3385062245162039,0.36088313289466295,0.26534136361843075,0.32633807253948305,0.0,0.0,0.3468168573576742,0.2810786600744379,0.0,0.3322191601890238,0.0,0.2936413619450435,0.0,0.14650531824202015,0.20070375572418125,0.0,0.3229897190111061,0.0,0.39500747087617794,0.0,0.39490137257792685,0.16405958272894755,0.2600826503608515,0.4676643206400614,0.26760240769141863,0.0,0.0,0.3285610396665213,0.0,0.3274700913468368,0.0,0.0,0.0,0.0,0.0,0.0,0.460411357479173,0.3472505267386191,0.0,0.4321466451492137,0.35901164503906224,0.4968446813451548,0.0,0.0,0.0,0.2850069571774516,0.0,0.43143038204539064,0.26061705631082505,0.0,0.0,0.0,0.2775420301243139,0.0,0.322696408368459,0.31057361497532127,0.2689779838925626,0.4150018483386886,0.0,0.4199249151878513,0.44487236379786554,0.0,0.34087254037158754,0.3761812481469725,0.0,0.0,0.4415428825477872,0.4080307405238433,0.4012264522215882,0.37596663268530317,0.0,0.0,0.0,0.2725186317099155
2014-08-31,0.426219937805326,0.4417635150980828,0.44510278918804014,0.3653491904864996,0.41885114462830875,0.0,0.1513156504639158,0.0,0.43308292483472294,0.3284839316242768,0.23028853850143888,0.2654872787768831,0.0,0.31332215782218154,0.3852026783667261,0.0,0.0,0.0,0.16874420353765485,0.0,0.0,0.0,0.22454352593800259,0.0,0.35070000850036476,0.41544717638893724,0.4035061766920115,0.23388048139563533,0.01783998257589887,0.293805359434804,0.0,0.3895782610447527,0.0,0.32954722764069144,0.3787698263612285,0.0,0.2983506944977804,0.4287398494624458,0.0,0.40501275816809834,0.0,0.37018247462180887,0.4461568101377711,0.0,0.0,0.26968294576335955,0.28201713171236936,0.30447634701344517,0.3331610288010463,0.3507409639732,0.0,0.21260307751222,0.37681034219081927,0.0,0.3198323249572916,0.40156153152208673,0.28260748393835566,0.34734893790558485,0.27059593651154157,0.0,0.38508254892439797,0.4181350050985382,0.39946856329008296,0.2256874699086426,0.24477906454734422,0.0,0.0,0.3259644155303063,0.37109455938720093,0.2696204736331975,0.33309615154213645,0.0,0.0,0.3631026470734882,0.27723818899106256,0.0,0.3285859050900798,0.0,0.2908123053354126,0.0,0.22322961297040686,0.2287784044520339,0.0,0.34191852538460465,0.0,0.38177956740799057,0.0,0.38778902301124685,0.2221280441700105,0.30931529978727434,0.45266867003560507,0.248628176006739,0.0,0.0,0.33199828937934184,0.0,0.3221527698528898,0.0,0.0,0.0,0.0,0.0,0.0,0.45708585965215454,0.3418143541853268,0.0,0.43249445049786367,0.3409092027080189,0.5009674653591027,0.0,0.0,0.0,0.30094878079508075,0.0,0.4398442346196787,0.25878641807793773,0.0,0.0,0.0,0.3270390944274948,0.0,0.3123562895696133,0.27075848669755437,0.2851550978650854,0.45315266759504896,0.0,0.43292811832419315,0.4355441988705757,0.0,0.3418437893911276,0.37537028579357223,0.0,0.0,0.4277023672279879,0.3877057561206991,0.39551604147388963,0.39244554989202546,0.0,0.1025030362593532,0.0,0.2592193456484392
2014-09-30,0.4517164733934119,0.4772094038356298,0.4433040948924472,0.3962460377996728,0.4084651869059096,0.0,0.16817579314466422,0.0,0.4374614363345046,0.33401719850893796,0.32336143357463587,0.3018413199562059,0.0,0.32832341918870356,0.4699305407255337,0.0,0.0,0.0,0.16645337409918237,0.0,0.0,0.0,0.4285887797560498,0.0,0.35772210337502985,0.4991404377714394,0.4015737214516208,0.22814835751245954,0.01782029586562847,0.3008852595834854,0.0,0.34843638491050083,0.0,0.35228245671327757,0.40693764910586966,0.0,0.3042997044941229,0.4340191994448366,0.0,0.43338525824583135,0.0,0.3627698871454438,0.47053681014642523,0.0,0.0,0.3060916964730701,0.29762006762297644,0.2912756162293068,0.3393098540171317,0.3713842731095138,0.0,0.21758512493097923,0.45138714836549343,0.0,0.3207084497048567,0.3677943175522447,0.33484928550612525,0.3762380227147576,0.2855039568849828,0.0,0.39787581671550115,0.46728274323635255,0.34607591682487243,0.28249597645780483,0.2816628766471075,0.0,0.0,0.353261152304036,0.42714796147761813,0.27630628283293784,0.2711909861466258,0.0,0.0,0.43189147876111084,0.27537700395217757,0.0,0.32854150426615253,0.0,0.27553298402623544,0.0,0.24147812891644632,0.24349158466603452,0.0,0.34327610497384914,0.0,0.3886617084493724,0.0,0.39509437946802817,0.3290955664358556,0.3546149965977375,0.45710339824834556,0.24447292736122148,0.0,0.0,0.34380540252924247,0.0,0.3299192437431394,0.0,0.0,0.0,0.0,0.0,0.0,0.44469530078176417,0.35091671680127234,0.0,0.42367111876065305,0.338674130051819,0.4977827730265728,0.0,0.0,0.0,0.37049515879614,0.0,0.44530540019398923,0.2547583446217085,0.0,0.0,0.0,0.3478479181465025,0.0,0.30534040348628516,0.21493763255786266,0.26699366828343496,0.4894357445860296,0.0,0.4316758322048577,0.4298768469562312,0.0,0.34427318814021357,0.4019430637164516,0.0,0.0,0.42605516802686916,0.376819125448591,0.390232582457117,0.40707309556528537,0.0,0.07854119662038331,0.0,0.2926688134852187
2014-10-31,0.4467916465889527,0.47542006542360415,0.44699029572173316,0.40090376637267644,0.4111235400823982,0.0,0.167086653160348,0.0,0.4384241099469048,0.3463045375139051,0.3198502705066305,0.27324637823542247,0.0,0.31866708319542886,0.4605188127262847,0.0,0.0,0.0,0.1714019090838495,0.0,0.0,0.0,0.395495482061824,0.0,0.35944979728643317,0.48083398463588484,0.4049389326995833,0.24298325672457216,0.01961913606592558,0.3000217638364528,0.0,0.3467077682138515,0.0,0.3448999429117951,0.4046179253542027,0.0,0.3159689683429133,0.4359405049102418,0.0,0.43101448092721645,0.0,0.35464165927003766,0.449308801286373,0.0,0.0,0.30717121424599636,0.30676443726409264,0.29761798909578113,0.33794794555937496,0.37369448588799936,0.0,0.23954325177171312,0.45075554024072734,0.0,0.31620155848490905,0.36905980310278563,0.3333311906865236,0.3663940148147182,0.2904858667579065,0.0,0.41514420724358725,0.4734954945730698,0.34054853393247747,0.26922099783218867,0.2825799011782515,0.0,0.0,0.34915345546080623,0.43027765999271417,0.26999075699105346,0.25977232988729365,0.0,0.0,0.4325156717047572,0.2682762490750238,0.0,0.3517589091648697,0.0,0.23551782578378513,0.0,0.2083952502344034,0.24300523547970365,0.0,0.3557172931156857,0.0,0.36676952000922924,0.0,0.3902570242283251,0.3265189308453089,0.3834734927599864,0.46117117561705895,0.24688630776642628,0.0,0.0,0.3560140758562666,0.0,0.32927948276594177,0.08534307783988619,0.0,0.0,0.0,0.0,0.0,0.44568244548415703,0.3417265264314213,0.0,0.41597436265033105,0.3439214031870885,0.49918927961399046,0.0,0.0,0.0,0.38580161871461616,0.0,0.44870258499708554,0.2533151810974701,0.0,0.0,0.0,0.3429914046399025,0.0,0.30995294829873404,0.194457138697651,0.2758293230887951,0.48115116214021425,0.0,0.4303047007234975,0.433407226220354,0.0,0.34757486660893394,0.40526893816534226,0.10073204968330582,0.0,0.42930952272241674,0.35832236242135346,0.4005849030309276,0.4081944430489567,0.0,0.09061131726443916,0.0,0.2685666198304159
2014-11-30,0.44806010066004054,0.4940052609477197,0.44563320647916277,0.40907195598365154,0.4084722935849734,0.0,0.1989228897012644,0.0,0.5102596114447067,0.4011087531550077,0.3406428584769966,0.2514365128530891,0.0,0.332939637253755,0.4507453802378234,0.0,0.0,0.0,0.31540908399868045,0.0,0.0,0.0,0.4397518985932717,0.0,0.356471208282169,0.4962120120107383,0.4686534189827975,0.2780070774024625,0.020270347264642708,0.3106842582372338,0.0,0.3696899565687148,0.0,0.37977082475837703,0.4253231800819854,0.0,0.346781014905708,0.4490862899066029,0.0,0.4650558875812323,0.0,0.35615912196711697,0.4486446936474774,0.2570753681002727,0.0,0.34703408542022807,0.31801809600520586,0.3699962117823025,0.3267360085380685,0.41500454721731006,0.0,0.2495226421593192,0.5036545811353665,0.25227430123447936,0.35410361271834767,0.3863270977023743,0.3698452706082821,0.40264579210415635,0.2665372474138852,0.0,0.4345937834141945,0.4941648139283145,0.3306748501993594,0.3502627082238896,0.36987870192788425,0.0,0.0,0.35821257553014624,0.424768362636457,0.3345381812448982,0.27394674063697555,0.0,0.0,0.5003295084509024,0.24858574038893608,0.0,0.3510036517744837,0.0,0.2521909195859963,0.0,0.3912609302946497,0.38079111455699877,0.0,0.4379813346237003,0.0,0.3782591360780813,0.0,0.4095695828018752,0.36679217964535166,0.37434040968583726,0.475779835728495,0.27645565434882263,0.0,0.0,0.3670908183563066,0.0,0.3442758662809207,0.21919769518757795,0.0,0.0,0.0,0.0,0.0,0.5095188876663244,0.3768248892816271,0.0,0.40181138779225223,0.3852737947194766,0.5000263768113331,0.0,0.0,0.0,0.4418977098621706,0.0,0.4482488621804637,0.24125826048921192,0.0,0.0,0.0,0.3370936744458214,0.0,0.4023872468206839,0.18513904931983483,0.2789308263425104,0.4640443846441128,0.0,0.44962630619719873,0.44120208132996463,0.0,0.37758734702682406,0.43759936958558343,0.35757029420823594,0.0,0.40874111672503566,0.39025627283610226,0.41661377018479095,0.4019822531551895,0.0,0.23275804644739126,0.0,0.3152641844229103
2014-12-31,0.4571227273332618,0.4679793210233129,0.4094202094465522,0.4149761800970084,0.4207649233097792,0.0,0.23757376553103202,0.0,0.5150793467249455,0.4034380100462477,0.3428771488178836,0.27275976454824674,0.0,0.35383857449974854,0.4869578246523502,0.0,0.0,0.0,0.3227473685045963,0.0,0.0,0.0,0.4617291665774407,0.0,0.38037983438881884,0.4736202094208374,0.47410262831507277,0.2787457377572826,0.024532028294466865,0.3247645855438513,0.0,0.3782304760477156,0.0,0.3908708388210647,0.4700232675304386,0.0,0.38170013753569665,0.48595556672738294,0.0,0.46399464549993313,0.0,0.3052645800637545,0.45994469766373536,0.2143679601053705,0.0,0.3448272263086038,0.3627813312487733,0.3480570070723177,0.3653448610809489,0.44759972269047543,0.0,0.27404813089340124,0.508852063510402,0.1398841822089687,0.3813109337843867,0.3969334533179169,0.3563746903696937,0.4071663843673368,0.23017809026654518,0.0,0.44521280640890964,0.5041774639695457,0.3152622112756391,0.3627191962977799,0.3769609478033449,0.0,0.0,0.3930485552236025,0.4329746801018046,0.3313317464623603,0.27753852612456786,0.0,0.0,0.4919246981896529,0.2701621232869061,0.0,0.3787729069877873,0.0,0.2227012116095817,0.0,0.37833836301522084,0.38203344114210885,0.0,0.4363625328917553,0.0,0.353485098729781,0.0,0.4227996094674618,0.36783869397295105,0.36627315190369253,0.5068096521186226,0.2874531081261348,0.0,0.0,0.39600248073308386,0.0,0.29547832642039945,0.3355529248771074,0.0,0.0,0.0,0.0,0.0,0.5119687551778762,0.36025420106804656,0.0,0.3902352470610565,0.39498959968315395,0.5334745137792289,0.0,0.0,0.0,0.48002322975403755,0.0,0.45298810904815473,0.24018421742029258,0.0,0.0,0.0,0.3370068753179905,0.0,0.3847862582827698,0.18466284109411482,0.29749451637730645,0.46088254002576023,0.0,0.45010293391905254,0.4461758755294191,0.0,0.31508564343637296,0.42935852349447273,0.2565416223415049,0.0,0.4463360522145708,0.4170773305390484,0.45363744195727274,0.4097094882182896,0.0,0.23851770734665786,0.0,0.318529525079322
2015-01-31,0.4521619274950342,0.4788473811169789,0.3900948120410916,0.42409659316079673,0.4321999392840493,0.0,0.19139654194662614,0.0,0.5212495135074053,0.40907375302955107,0.34680311771797084,0.25908167199657967,0.0,0.3505669620863903,0.49519960764867454,0.0,0.0,0.0,0.33210929464500455,0.0,0.0,0.0,0.44654934183618017,0.0,0.3915117665040545,0.48099793852206657,0.48266896873165327,0.28193911051731846,0.029400903792129264,0.3228203592597977,0.0,0.38360205696059635,0.0,0.3939814572498674,0.4732236051591738,0.0,0.3862978068004761,0.49461168874971106,0.0,0.4672871724486967,0.0,0.29031195728573933,0.4522239663158595,0.2134722333786597,0.0,0.34714388298219123,0.37797848664608646,0.35320690036350644,0.37336386709859437,0.45677599139940794,0.0,0.2761290307243622,0.5141877674418971,0.0663610132442556,0.3923603094206502,0.40163555413118446,0.3598059886579929,0.4214642848923116,0.24049548009420021,0.0,0.45646024347213005,0.5205916987739928,0.3178461051243144,0.35184224087458893,0.3844480465936478,0.0,0.0,0.39640792820683707,0.44053148231292094,0.33257085267780284,0.28108402527622417,0.0,0.0,0.49604282750923784,0.275102972298161,0.0,0.39136670198177015,0.0,0.23718636366305273,0.0,0.37826857169294115,0.3849248355837978,0.0,0.4374469508832342,0.0,0.33473130273503127,0.0,0.4356606837466154,0.36514015706369896,0.3571420877099481,0.5015564136188696,0.30228857044748103,0.0,0.0,0.40239823303912314,0.0,0.2965858135147384,0.3436877847062647,0.0,0.0,0.0,0.0,0.0,0.5136040348521691,0.34002069624190767,0.0,0.35850058265988594,0.4068246422271211,0.5379210371986913,0.0,0.0,0.0,0.47750058062517364,0.0,0.45480736830701485,0.24018465965727284,0.0,0.0,0.0,0.33124899851034,0.0,0.3806371452160121,0.18615425666722313,0.30026522740997275,0.45513587695440394,0.0,0.44882752229411393,0.4529430584717762,0.19252011975355715,0.321694718514719,0.4404609053140044,0.1967567997915427,0.0,0.46145535820442246,0.4158655880584366,0.4622340084221546,0.41531296735424345,0.0,0.25666406459227087,0.0,0.32480643666976905
2015-02-28,0.5067032377609684,0.4843008169086326,0.45117751628513203,0.47087056035039043,0.453773568321849,0.0,0.18750505536787535,0.0,0.523423580232009,0.43017082042248656,0.3401821226692023,0.2395414486821234,0.0,0.3628153828167027,0.48353782875243045,0.0,0.0,0.0,0.3736240739890268,0.0,0.0,0.0,0.40959527547685154,0.0,0.390674789767146,0.5035130730386557,0.4869302929080791,0.2810353383677787,0.032730618454824015,0.3201511183987126,0.0,0.4011581464036388,0.0,0.43265381637718464,0.5117246963436767,0.0,0.40714737443794946,0.5058580091421245,0.0,0.462772956036834,0.0,0.2625398399859466,0.49222673446858645,0.21168320576389815,0.0,0.36505372037612,0.38535484041416923,0.383078229987411,0.37407498125907235,0.4617178212701222,0.0,0.30391275068528567,0.5014027018494902,0.047273573710516804,0.3945719315781288,0.39138050449098916,0.39948103127924595,0.44225551848383626,0.20236967162780944,0.0,0.46997315199470074,0.5239732227517776,0.34720527064149415,0.37273989283989933,0.3906541886209039,0.0,0.0,0.4116084504641047,0.440972357495248,0.3793359920187521,0.2723947670170467,0.0,0.0,0.49206081540269103,0.27719218816825214,0.0,0.3956837074953216,0.0,0.2303209260496447,0.1928266603793317,0.3452811874539559,0.36689778839499404,0.0,0.4305634420329148,0.0,0.28963579122067695,0.0,0.46674018117635696,0.44165506391329956,0.4407985836057987,0.5015468073053481,0.2967900057499816,0.0,0.0,0.3985372196722447,0.0,0.29018163483253095,0.3674541467892124,0.0,0.0,0.0,0.0,0.0,0.5115852336253358,0.37912974834513924,0.0,0.3486351349629371,0.40489039029060564,0.5286502735328651,0.0,0.0,0.0,0.5051915244272069,0.0,0.4649891486891443,0.22836272554560824,0.0,0.0,0.0,0.3202979046858017,0.0,0.3750302606359904,0.18343814228573965,0.30780957144945104,0.4266648962687643,0.0,0.44605661115493866,0.45645118297734155,0.19166787330527724,0.3151439725458722,0.4772443680790627,0.21315610040271785,0.0,0.4687245224329817,0.4016339551124507,0.44871487491599893,0.4128910081373783,0.0,0.44778972447623777,0.0,0.33846419149843243
2015-03-31,0.5098816891286009,0.5065360569174214,0.44999546743285196,0.4792818408990764,0.39975011550770007,0.0,0.18565601596268608,0.0,0.5084479877069654,0.4230662614367935,0.3407625367857144,0.20246052074199788,0.0,0.37071372134368064,0.4900542790009536,0.0,0.0,0.0,0.3747415093990922,0.0,0.0,0.0,0.3745507383741188,0.0,0.39383153807635063,0.48868719162987473,0.5109969740327676,0.27686542076379805,0.03862851361189895,0.30286547890183413,0.0,0.43045222184047444,0.0,0.43291656337531814,0.5147354160999029,0.0,0.41470591905449933,0.49291440363053673,0.0,0.47168423889555305,0.0,0.18322482894829414,0.4807862933960902,0.22928745967190095,0.0,0.3622685900672533,0.4069078896403035,0.35863951630586705,0.36347024498244446,0.44389417520062957,0.0,0.2937232068909402,0.5349352045483714,0.21438707404225632,0.3740816450519171,0.39567452937249176,0.40029326686382166,0.4522782610607791,0.1874241375745108,0.0,0.4519853748419167,0.5215313729312093,0.3609661895756094,0.3564233058146646,0.40871869190303195,0.0,0.0,0.42246522787870605,0.44651232180666106,0.36368119291494705,0.2896451053240372,0.0,0.0,0.46522734287673595,0.3010905213984626,0.0,0.4014435444763583,0.0,0.22403840211053774,0.19097308536282553,0.3196997667529001,0.39506805496607117,0.0,0.4352543666987577,0.0,0.27719469419019865,0.0,0.45127028690046983,0.44217894636898625,0.40691302028425946,0.4992086338459172,0.3190873777142051,0.0,0.0,0.4025814855568778,0.0,0.28973955908947124,0.38111426515357155,0.0,0.0,0.0,0.0,0.0,0.4876025362222215,0.36978677844096214,0.0,0.3440583434480304,0.41345633932604836,0.5324137959739819,0.0,0.0,0.0,0.5140616932193367,0.0,0.4938532974529809,0.222039796364395,0.0,0.0,0.0,0.3120535952689085,0.0,0.3980264755064039,0.1830374517402086,0.3271746855398732,0.46117774794868377,0.0,0.4273220205450822,0.4903568364760611,0.21428586269630873,0.3066043960204829,0.4887246872386332,0.2113657239367409,0.0,0.46012834673834524,0.4130886205931801,0.48472412195185827,0.4168893222433544,0.0,0.44627739022345647,0.0,0.34121453328112195
2015-04-30,0.49751919372081915,0.5029455006893054,0.44173106880955415,0.49408364684077133,0.4365037701469789,0.0,0.22965575214809256,0.0,0.5134813368414785,0.42491830331259267,0.3562663807272428,0.270157943571918,0.0,0.3767303167052685,0.4899509225929559,0.1246595399853695,0.0,0.0,0.38063649578454367,0.0,0.0,0.0,0.4338644227367573,0.0,0.39184629955690714,0.49100347128176486,0.5170714921105076,0.27913263772357666,0.04544571516599176,0.30660027043199406,0.0,0.43961169807521594,0.0,0.40450417183332676,0.5049134824045305,0.0,0.39834407110186254,0.4995910776148708,0.0,0.45350795230661933,0.0,0.20306581558368694,0.4837668835014589,0.2123562322735744,0.0,0.3461242806999836,0.4388426226583302,0.342767997624021,0.3897755279094711,0.447547724715441,0.0,0.3040012687067389,0.5390114266104895,0.20302798536171304,0.3663259475912825,0.39167112620673467,0.40339302061275506,0.4558998741876794,0.21246927121528825,0.0,0.45576436978578605,0.5222089440920211,0.36063078669894183,0.36434769408896067,0.41282671566452467,0.0,0.0,0.4385968944670684,0.44866810744011326,0.3737571006556376,0.281691375740251,0.0,0.0,0.4644844467873979,0.2942651731379455,0.0,0.4088088409033198,0.0,0.25445600933026286,0.17739843016139123,0.29782100378069193,0.391664955857647,0.0,0.41263496353731893,0.0,0.30284544128537483,0.0,0.48583923206004753,0.4833492482749756,0.3829885045292283,0.4959659634486384,0.3179963510340163,0.0,0.0,0.44351315679972747,0.0,0.3156286567089753,0.3832055383388517,0.0,0.0,0.0,0.0,0.0,0.498415623673633,0.35424965356886207,0.0,0.355483952699657,0.4182170004883133,0.5352731807251329,0.0,0.0,0.0,0.5255552114957892,0.0,0.5063820361158581,0.21489322785813392,0.0,0.0,0.0,0.3034877974208196,0.0,0.43005604643105705,0.15203678082216923,0.3517016981734352,0.44248430610017947,0.0,0.41630325646429606,0.5053804541672526,0.16591401624944674,0.30845522899484723,0.49497628013144174,0.2877026268472145,0.0,0.4568905150680626,0.43146183443310193,0.4888635927456307,0.4197057339894534,0.0,0.4504888981401102,0.0,0.3282717671217162
2015-05-31,0.5037005774489602,0.5067722873482278,0.4245028783583684,0.5072373436279216,0.4240806852232777,0.0,0.23103684857859585,0.0,0.5161645315718763,0.44368754681154005,0.39137143127230417,0.30036902591979736,0.0,0.3714816619827413,0.5035434061162081,0.23983013524608784,0.0,0.0,0.38760432006411866,0.0,0.0,0.0,0.4266397652190801,0.0,0.3896551936336848,0.5063294493408965,0.5373511902574315,0.28083810436242607,0.05355226766404404,0.3010688345629605,0.0,0.4486361834784773,0.0,0.4173083952683008,0.5166419445957119,0.0,0.4005618529285844,0.5010653857077934,0.0,0.4544570934686948,0.0,0.17592791469877186,0.47089939221837535,0.2155058819138297,0.0,0.3826731506776613,0.47356934132770445,0.3239553304854314,0.3757944163396467,0.4500690105877417,0.0,0.3288285187040669,0.5319533847061417,0.2583434863860813,0.3730392509932941,0.3700196192526976,0.40609465780439846,0.45350453648962785,0.2010237744518553,0.0,0.48558969704446026,0.5234806039825646,0.38025148180312496,0.41883939010647636,0.4137536167627648,0.0,0.0,0.44324208340746857,0.47838261922470443,0.41131035211729344,0.28309872817388937,0.07606858632531253,0.0,0.4945912187415131,0.29876975173020437,0.0,0.41622533545033397,0.0,0.2246572363142252,0.1710107100419745,0.2861140548718867,0.38252775044224135,0.0,0.42218344222017057,0.0,0.28709296585663285,0.0,0.4649397772856756,0.5229772725639653,0.3736533630142846,0.5176265971071291,0.3384520564912483,0.0,0.0,0.44617334088742566,0.0,0.3202637181936621,0.39751400088754635,0.0,0.0,0.0,0.0,0.0,0.4850171299155358,0.33759391395989297,0.0,0.3730628797920211,0.42260062013040756,0.557692732998706,0.0,0.0,0.0,0.5243750175599559,0.0,0.49482658880660546,0.28154540666797967,0.0,0.0,0.0,0.2980958690146143,0.0,0.4257433344304327,0.1696984543160577,0.3612522888131117,0.4181074182308507,0.0,0.4888396369610537,0.503389339555291,0.253248637705244,0.3166013001063893,0.5004442906766844,0.334432407062457,0.0,0.4754900162829561,0.4273643256740782,0.46439095544944653,0.42196752282129707,0.0,0.44839728025101466,0.0,0.36739324233502874
2015-06-30,0.4997280468088522,0.4979379629948844,0.4032984676935473,0.5145974824134043,0.4311688951433246,0.0,0.30476890105217236,0.0,0.5235141701087332,0.4492978364086939,0.3978114202710922,0.31932827557927285,0.0,0.3668661623769132,0.5135416489656917,0.23484474313626252,0.0,0.0,0.3948256829036322,0.0,0.0,0.0,0.40663625898015454,0.0,0.3940655012692103,0.5160287809640243,0.5405318986269619,0.32122348746650164,0.0649030302420885,0.2982467305428354,0.0,0.45643046914023705,0.0,0.42243277267692,0.5264550661202128,0.0,0.4051756043420308,0.5000478538548703,0.0,0.4569468545701677,0.0,0.1639541488068835,0.46105197557170663,0.21437935128364524,0.0,0.377479608960959,0.4653830908006421,0.31514713987746623,0.3842852479908966,0.45680920392624436,0.0,0.33025404809389886,0.552368107321861,0.23921591519606156,0.3696349617207605,0.35085868231767686,0.41184423476845533,0.44546555113468056,0.18300706234617375,0.0,0.49401916710263233,0.532669237781474,0.38470352230809846,0.4166272719742347,0.41775375310572244,0.0,0.0,0.446268497745219,0.4874807071536586,0.4116519166872422,0.2832052343822924,0.06429888903532972,0.0,0.4933931289695657,0.3058565513206498,0.0,0.42866537882810474,0.0,0.2297990924948603,0.1670789201444774,0.28287494564030574,0.3478024145775843,0.0,0.4046001230799985,0.0,0.28315309179332593,0.0,0.4036409944637688,0.5307001445887087,0.3721978195546941,0.5077042220781071,0.35213280948821113,0.0,0.0,0.45241970395214437,0.0,0.32880357143874006,0.39173539286622283,0.0,0.0,0.0,0.0,0.0,0.47219054458449344,0.32483115026459625,0.0,0.37307878044369747,0.4309345920577039,0.5667836273900749,0.0,0.0,0.0,0.5243518875667013,0.0,0.46765949511075067,0.285026706437309,0.0,0.0,0.0,0.29900891735120405,0.0,0.4273998460818859,0.17103262726676038,0.36505041068122646,0.43214293466991627,0.0,0.4915631011428223,0.5143446065801787,0.22964662094273453,0.31674786353681383,0.5089336450319607,0.3428210198362399,0.0,0.48383920991846446,0.4221667227973608,0.46951157981334685,0.4310032273969005,0.0,0.4430078264171203,0.0,0.37616588562596676
2015-07-31,0.48397451482943865,0.48578293984049664,0.37651546067525754,0.5209797826437883,0.42608400607939767,0.0,0.29992564654223086,0.0,0.5314286014086237,0.42837939694587707,0.43645667818076767,0.3183536505339751,0.0,0.3574403050374808,0.5198077341763252,0.1745035437939648,0.0,0.0,0.4294177375396604,0.0,0.0,0.0,0.42428890797077334,0.0,0.3937678599836728,0.5480807382393484,0.548746750361156,0.3226747843706478,0.07674972279775934,0.30539657539410536,0.0,0.45609392936046944,0.0,0.43441200669395497,0.5678101166034678,0.0,0.41185183677043097,0.5042708631002418,0.0,0.47920518445777716,0.0,0.19165503780272133,0.44843900320352803,0.08463635095143222,0.0,0.40048258616612253,0.4816596082728611,0.3429211693663193,0.38387353344302944,0.4557113362306964,0.0,0.3327497843846679,0.5517453858787434,0.33729041940492077,0.3600743947698434,0.33685895969124446,0.4121045148746587,0.42390962710235625,0.17446399488623202,0.0,0.47813700957640154,0.529963921807544,0.3883823464903248,0.4492429564882332,0.4288766779193878,0.0,0.0,0.43251752040586944,0.49751941271394606,0.4060660545242499,0.27384434047874096,0.035607113270312185,0.10735768442665722,0.4988274686732363,0.30970389253041847,0.0,0.4340725212723128,0.0,0.25418985477564043,0.19516817207738693,0.30652177905868616,0.3240694553379086,0.0,0.3862099741044492,0.0,0.34507314254081756,0.0,0.4458651952240277,0.5313786756936948,0.4863643000780874,0.5290865508757197,0.3486987294660421,0.0,0.0,0.4303889617550782,0.0,0.3633772809404525,0.4232028279152249,0.0,0.0,0.0,0.0,0.0,0.502239171168548,0.32867927624181226,0.0,0.3904356580595223,0.4309456939762366,0.565493333998851,0.0,0.0,0.0,0.5001858674947056,0.0,0.4481457637810157,0.3081217323692623,0.29304535815484084,0.0,0.0,0.3236854910562629,0.0,0.4238922280593644,0.2534151806451817,0.3288658246449794,0.43039051564920794,0.0,0.4937293875827597,0.5273258099137837,0.2823571607667102,0.3246053964308107,0.5123991313952958,0.38117961647367254,0.0,0.4856696118076023,0.42174911463099407,0.47950916311654834,0.44353335118440046,0.0,0.4411313881411574,0.0,0.3653807375747567
2015-08-31,0.46666887941605467,0.4755540097398301,0.36081755058872544,0.5413410718946656,0.424567707757258,0.0,0.2973789107953369,0.0,0.5334195967789598,0.430480729749222,0.43612918430794256,0.30713120519943954,0.0,0.35325334473790004,0.5237650978378722,0.28531062114235506,0.0,0.0,0.43597005756667495,0.0,0.0,0.0,0.4037488432158107,0.0,0.3958070092999948,0.5534897769279549,0.5515398377454608,0.32308182265848,0.08963058704059329,0.3111296682827018,0.0,0.4579148776947962,0.0,0.4366577432339115,0.5746899804615345,0.0,0.4135881393086996,0.5063342424138347,0.0,0.479227492144647,0.0,0.18320129669379095,0.44158945702170027,0.08377442950124948,0.0,0.39727397639794576,0.4860445162819895,0.33408544099682524,0.3862360545208048,0.4574429102590699,0.0,0.3195883973040341,0.5543377471087118,0.31656326264433543,0.3545951777478785,0.3258121937066919,0.41394612054861235,0.40613464547551237,0.1688548113051163,0.0,0.4814738645994801,0.5319315777334673,0.3901785706930108,0.44489830890487436,0.4283850403442181,0.0,0.0,0.4331069445693957,0.5003570209854785,0.40372436828996267,0.2701664035405932,0.03040356550582272,0.08477294604018322,0.5000429541846071,0.31485928097429333,0.0,0.44156174871270054,0.0,0.25674865008190384,0.16607554559039672,0.3033068508013018,0.3085000838156805,0.0,0.3708916887526009,0.0,0.3328563693045609,0.0,0.444096040548297,0.5430305527885222,0.47987853464261504,0.5259853992536278,0.3523168295423472,0.0,0.0,0.43317126184331695,0.0,0.3620369387868947,0.42366947485373674,0.0,0.0,0.0,0.0,0.0,0.5002265532543221,0.321267511377071,0.0,0.4045915852807526,0.43367674304529563,0.5660055090808752,0.0,0.0,0.0,0.49760295047054104,0.0,0.4348395657528007,0.30552353767328977,0.3166106654746908,0.0,0.0,0.3222091928911607,0.0,0.42341201482914503,0.25499548884888834,0.3308336045948835,0.4219661331996176,0.0,0.49303090005662714,0.531761771354446,0.2923486139539705,0.3248023553044735,0.5143398710557923,0.39033094853813505,0.0,0.49031498534710816,0.41005806025929853,0.4824300717990631,0.4447168301550851,0.0,0.4295167320459824,0.0,0.40133811492978144
2015-09-30,0.4456241333524454,0.4630696281041706,0.3452479786153539,0.5434688983182242,0.4113815775656221,0.0,0.23765740196524796,0.0,0.526764967298841,0.42837397795859933,0.4271221230318435,0.29239441138352174,0.0,0.34551408760674435,0.5190001299572338,0.2561101855372801,0.0,0.0,0.4385248867308902,0.0,0.0,0.0,0.35984266965786527,0.0,0.3890904294887627,0.5516556338194604,0.5484457737185098,0.32155585111587115,0.10267581304250424,0.2876493711397183,0.0,0.452987718510342,0.0,0.43451778881286535,0.5749561271866062,0.0,0.4118049644844935,0.5020779074391267,0.0,0.47375495423942143,0.0,0.1789283206985311,0.43266567503941805,0.08234717017124221,0.0,0.3994750169354959,0.4840159242020653,0.32308340749034375,0.3812459695526279,0.4519874935777835,0.0,0.3219307002106851,0.5494572594847023,0.2930498190444027,0.34268521117966316,0.31399999938803,0.4107878973257236,0.3885674967996027,0.1631139079093227,0.0,0.478026897045024,0.5226222230151565,0.3858576545175625,0.4254516231146076,0.41921457787549415,0.0,0.0,0.4295465125091982,0.49498226856831046,0.3952000743250581,0.26067576620692123,0.02734093174606265,0.08962540618336769,0.4964800498430935,0.3181291281752316,0.0,0.4433500984314285,0.0,0.25290090479924193,0.15909586113948052,0.3018856182923742,0.2909817102451167,0.0,0.3550549722061249,0.0,0.31631949353078725,0.0,0.43039654130166516,0.5439054447825934,0.46405414888523977,0.5148001367322073,0.3413095037067578,0.0,0.0,0.42953995324003846,0.0,0.3601960503372317,0.413430221184704,0.0,0.0,0.0,0.0,0.0,0.48807301283329796,0.31161138963983126,0.0,0.3942501217722151,0.4300894047553886,0.5578785274263153,0.0,0.0,0.0,0.4916034925734035,0.0,0.4188003765001592,0.2912342146078247,0.3190027390185636,0.0,0.0,0.31746057361303326,0.0,0.4188545745268936,0.2476310078477254,0.3307745053448633,0.40394857708888815,0.0,0.47185951246469054,0.49779499745575967,0.28439446103066274,0.3213265377375419,0.5159034567947096,0.37823447466066984,0.0,0.4880929188075205,0.3928509880849258,0.48235470893552573,0.4343604701731382,0.0,0.4109766844095291,0.0,0.39856195861020327
2015-10-31,0.4539678181713283,0.4524007401540355,0.3128045907197123,0.5395224082905337,0.3973640033360664,0.0,0.22624332342233175,0.0,0.5197230220085344,0.42714457596478234,0.41933619346793793,0.2824525274481783,0.0,0.32254408650002686,0.5130958431620647,0.2461023793282286,0.0,0.0,0.45481958656988114,0.0,0.0,0.0,0.3134877108830381,0.0,0.3829357826723875,0.5489952540960159,0.5450748006229875,0.3494705344436454,0.11670011464880135,0.25019773680297874,0.0,0.4391833440601202,0.0,0.4520585950768573,0.5768170718848177,0.0,0.4030820372194122,0.4919812079314168,0.0,0.48867594782131196,0.0,0.17880954569906884,0.42641757486670223,0.21426006316980295,0.0,0.34004327703760806,0.44875006381906096,0.2733640873791889,0.37695590537496465,0.44644940725084187,0.0,0.34443967732526665,0.4764519240097531,0.29284186406951673,0.3265944963604228,0.3055609803148724,0.3405084084650531,0.37771504699455744,0.15885573638351438,0.0,0.48136772310342696,0.513187025575727,0.3935450650971068,0.38695407223923695,0.4088509698529114,0.0,0.0,0.38672111300218104,0.4893432952339033,0.30672890845923445,0.2553886991532546,0.027323334413556697,0.22467625315990128,0.49261057149078724,0.32284108738410494,0.0,0.4462775067168993,0.0,0.25116795842709316,0.12866512203032557,0.3243247495988835,0.281780441308534,0.0,0.3238693053875067,0.0,0.34159242115541794,0.0,0.4157020984399484,0.562505328088793,0.44967369100372767,0.5258612090489097,0.3331336103667564,0.07487400011665359,0.0,0.38366169950349877,0.0,0.3494762257489848,0.3826625226769298,0.0,0.0,0.0,0.0,0.0,0.47291958834520575,0.3053268949591505,0.0,0.40296626022175913,0.4192598143733285,0.5493957415967771,0.0,0.0,0.0,0.5091016413674323,0.0,0.356921199257527,0.27945649194233285,0.2776498662146565,0.0,0.0,0.31554644316274805,0.0,0.403393256162888,0.2647202477148851,0.33653188733042694,0.4185839400119386,0.0,0.46152937522257675,0.47652652840172083,0.1735591714259203,0.30960970517433467,0.5182341014420753,0.34942904344324915,0.0,0.4857634477898178,0.4013519133983281,0.5050256073319761,0.4230307888766664,0.0,0.3910621621110867,0.0,0.35199373329686173
2015-11-30,0.47088445829736997,0.44571238018516346,0.32994519042880577,0.540952722292985,0.392117700256783,0.0,0.21554182619442816,0.0,0.5184344385491332,0.43707648034565005,0.41873513601118606,0.27960361780769655,0.0,0.341485255013653,0.5496562852612137,0.21746497687353022,0.0,0.0,0.47311178440138796,0.0,0.19055814774655935,0.0,0.3413668488076316,0.0,0.383667292648897,0.5774217760750519,0.5439127823011596,0.33115656171598906,0.13144096023376223,0.28383558114472984,0.0,0.4370899826916649,0.0,0.4564447164593574,0.581034135055081,0.0,0.41328970888811567,0.502907885490186,0.0,0.49834808538817443,0.0,0.1818993480853818,0.4172838544299331,0.13162402303914064,0.0,0.3587952177089609,0.45047010550136685,0.30644497162322565,0.37711165421521664,0.47087241319795736,0.0,0.3515460901811125,0.4767688118576614,0.2759305661381388,0.3416529976657205,0.28605325863633974,0.36062129749718835,0.39739969494780714,0.15678593206199257,0.0,0.44430615703263376,0.5351694225058847,0.3958605007679936,0.4258324358268327,0.4008033383579023,0.0,0.0,0.3928818432042869,0.48957514530914414,0.3030978999642927,0.31345449557805244,0.05145386344982607,0.21515489945883862,0.4909058137634389,0.32926410455158617,0.0,0.4347797994797887,0.0,0.29578252599079297,0.16481871122332217,0.3321197535237257,0.27081979818854274,0.0,0.34207413162476014,0.0,0.33970073684792423,0.0,0.40780836670284576,0.5626905167271703,0.4419374208611472,0.5586504814179798,0.3345431563535765,0.07654605137873591,0.0,0.38284122817368477,0.0,0.3880809488713825,0.39340436460284867,0.0,0.0,0.0,0.0,0.0,0.4584044211570162,0.31949162229991845,0.0,0.39469618970347564,0.3931542367200131,0.5491012258552519,0.0,0.0,0.0,0.5192541524816527,0.0,0.37107509084293117,0.26488616743217824,0.23454029777100396,0.0,0.0,0.3285569485772214,0.0,0.4263114886749,0.2737189575063899,0.34126557876883135,0.41170474029379034,0.30359332976293135,0.49069993082228813,0.4756763725533408,0.19283368496896872,0.3137190072490562,0.5265938267645366,0.325255929879049,0.0,0.5055719355230087,0.3932502098051562,0.4525762645650385,0.4204381632446987,0.0,0.37428422791925064,0.0,0.36598070557397844
2015-12-31,0.4507983586531024,0.43927630066353124,0.32854856539602817,0.5324871942668408,0.383993725022038,0.0,0.22209493098605415,0.0,0.5143273004461417,0.4383954670908252,0.4166412049262207,0.2795086040157952,0.0,0.3401283241615989,0.5479570184902304,0.2069090628336556,0.0,0.0,0.47725118663851285,0.0,0.1936809508132596,0.0,0.3198320517541858,0.0,0.38225111322606575,0.5785056006251603,0.5404642401359396,0.3553600356251238,0.1472758475422389,0.27601621712258184,0.0,0.4330425847050931,0.0,0.4450386600748392,0.5833094136810623,0.0,0.41585601844664416,0.5023926302524532,0.0,0.494653917205974,0.18312578444087896,0.18673325551077544,0.3897791159409294,0.13279180175699046,0.0,0.3312582202992427,0.447022202493147,0.30103961377034655,0.37363819302531054,0.46835481696823594,0.0,0.35956325919891674,0.40286655918414743,0.2657388818080104,0.33604587250691187,0.2836981402421019,0.3638130440895766,0.38879102896283685,0.16251266356297325,0.0,0.44554627482987236,0.531951492292378,0.39791053986953,0.4080896677999295,0.39408230823948603,0.0,0.0,0.38999794288078615,0.4871729034164781,0.29746141637038276,0.3071569303510096,0.05552436840184917,0.20387978297713313,0.48734621785925447,0.3360451753869882,0.0,0.43956700587371855,0.0,0.2934397451066931,0.14841649744526605,0.33213945776961934,0.4174132922365787,0.0,0.33429696558241156,0.0,0.3391854540535547,0.0,0.3781938027622198,0.5599157445702583,0.4311820765732911,0.5374150779358351,0.33371468132285614,0.07823625334391356,0.0,0.3803173982142334,0.0,0.38286413997808005,0.37752376269634724,0.0,0.0,0.0,0.0,0.0,0.4678840432820342,0.2910350079876485,0.0,0.38969699664285545,0.3943945878836417,0.5412852153130742,0.0,0.0,0.0,0.5148736594801877,0.0,0.3659114103049168,0.26056075081332425,0.13465093348351015,0.0,0.0,0.32957922544227825,0.0,0.4237990154514983,0.25829140054913513,0.3463768709748196,0.4235496110974756,0.32298162170696004,0.48446469663340586,0.4668892101071436,0.2532991725795935,0.30016975916085975,0.531165683331255,0.3090306605677379,0.0,0.5075420067777651,0.38224501108916364,0.454632101002698,0.4144898251726141,0.0,0.35679179258384947,0.0,0.36832653155170764
2016-01-31,0.4471753620987811,0.4360843055395291,0.32767581800945916,0.5324306024809666,0.3851547121747013,0.0,0.22382947260709188,0.0,0.5166246612766758,0.4423033839942786,0.42076444393732276,0.2827348492250941,0.0,0.3424455755175342,0.5524737380433056,0.19775347853484668,0.0,0.0,0.4830214403971986,0.0,0.19523290795652887,0.0,0.32267958393179413,0.0,0.38711135352041376,0.5828858840590435,0.5399971195847157,0.3659868098331295,0.16217583397710802,0.2840979252694685,0.0,0.43091558584709416,0.0,0.44506872399827363,0.5886806490898668,0.0,0.4203461295965409,0.506012629030985,0.0,0.49258894379703044,0.1815225809334178,0.19278970119172745,0.3902413776342309,0.1355662323479346,0.0,0.33239430089061045,0.4507084228557068,0.3001759481449078,0.37560585544087766,0.47199841020516997,0.0,0.31830739047896633,0.3983194376497589,0.262662283187063,0.3374271805899414,0.2847394245871714,0.3692050715975328,0.38992169935504845,0.13095528049811828,0.0,0.4498722785513576,0.5359627401389229,0.4019507667659481,0.4043198302749447,0.39372921433565355,0.0,0.0,0.3897086365972244,0.4910854433666457,0.2952390642131962,0.3069930178478137,0.05855930663782531,0.19854363756074223,0.48614503615609034,0.34345567815898914,0.0,0.44529836255158106,0.0,0.2956328580112532,0.12831576344820217,0.3355082445799387,0.4069333717517974,0.0,0.33213088842074256,0.0,0.343329350505034,0.0,0.374913122358026,0.5584257947874968,0.4314413125767613,0.5246105196987799,0.3400114488642532,0.07933265382447194,0.0,0.37960383664306124,0.0,0.3896687008769596,0.36832755920498184,0.0,0.0,0.0,0.0,0.0,0.45939900014008,0.295365568647069,0.0,0.3894046588748867,0.3978113776588032,0.5423101136472886,0.0,0.0,0.0,0.5153680799485332,0.0,0.3667089216235807,0.2623919983504022,0.11810264743737404,0.0,0.0,0.3339082208863576,0.0,0.42439006981415445,0.24910332841673524,0.35233490132160916,0.4232896340743675,0.32995672753789906,0.48376149960287884,0.4251522820815731,0.24523368228816797,0.3021930067327302,0.5379070453650183,0.30823991826478986,0.0,0.5139573911184742,0.37786161584956224,0.45724356682157147,0.41719110201736526,0.0,0.3445875974588787,0.0,0.37802104111675966
2016-02-29,0.4409698752510689,0.4319354218498384,0.32368343819390594,0.5296644725603011,0.37715325859800536,0.0,0.21764429735984928,0.0,0.5111551939045612,0.443004139169226,0.41855224451737266,0.2856975748118245,0.0,0.3424563943637966,0.5485845433242377,0.19150126751591673,0.0,0.0,0.4857708989427811,0.0,0.1945987012953732,0.0,0.3264194895269016,0.0,0.3843250605298323,0.5821377481060919,0.535040761454556,0.3352055767968402,0.17546918206640505,0.29131426151650935,0.0,0.42575453726171575,0.0,0.44038369737053745,0.588069649874488,0.0,0.42251976183791884,0.5041147106746504,0.0,0.4889245854333132,0.18020071321283646,0.19873391751619668,0.3898774174066527,0.1378535625744098,0.0,0.3337006283537252,0.44987837933322106,0.29910667101911714,0.3727650951014852,0.4670181420959209,0.0,0.32036463301636986,0.3917010455914913,0.26212027303622926,0.3329988354494151,0.2849024346609982,0.3720430633897415,0.3880985269365174,0.1674413655595158,0.0,0.44461711226970685,0.5308137115277628,0.39846268747310165,0.3981413137598894,0.38669819235527153,0.0,0.0,0.383295756109357,0.4868236781351986,0.2898679897981253,0.3034761407547936,0.06134797483385339,0.19412718065547593,0.4818933306579373,0.34938950522621315,0.0,0.44759768637568914,0.0,0.2953899684213676,0.12049681465992923,0.3382968477880488,0.39902655579280816,0.0,0.3267283836130386,0.0,0.3451166176569037,0.0,0.36652253351314823,0.5523892741908423,0.4302548194123542,0.5078326629527545,0.3376013357432836,0.07364112295570237,0.0,0.3762737036420551,0.0,0.3956354212918519,0.3606253823265575,0.0,0.0,0.0,0.0,0.0,0.4518886730991796,0.29980721498466983,0.0,0.3882119964386798,0.3981941556244255,0.5367236331135983,0.0,0.0,0.0,0.5133271559201118,0.0,0.3649584646411334,0.25940610741986847,0.11027953630178373,0.0,0.0,0.33629438032439013,0.0,0.4236879774820792,0.240624139290891,0.35516464852473606,0.4214498557721288,0.33245134014030125,0.4770597813732704,0.41936762127999827,0.23769604580663775,0.3023917589993046,0.5411555479868188,0.30791368223377,0.0,0.5144361589871235,0.37331478719432765,0.45552158064830806,0.4100389249845073,0.0,0.3322566198457898,0.0,0.38118119800901445
2016-03-31,0.3884699781041365,0.42876429625640494,0.3588151870892819,0.5347330631657605,0.3718639072199136,0.0,0.22316518742037686,0.0,0.5070597839825335,0.44483639629544136,0.4524517946239484,0.29038678646082683,0.0,0.3527478700261321,0.5637334652672255,0.1995534574143849,0.0,0.0,0.4891486171076977,0.0,0.2183006934517898,0.0,0.37256747849840904,0.0,0.39150413115117955,0.553761691430067,0.5304569818573042,0.3639247481810969,0.18923840403518488,0.3160825278185817,0.0,0.44270901693966525,0.0,0.3894464565270166,0.6032095394724314,0.0,0.39561789661282565,0.4931329176791802,0.4623776259971764,0.47563920293840334,0.1790225354965634,0.2371089095194916,0.38771574623792,0.17891870367733304,0.0,0.35002249930594836,0.46069269397578905,0.31513848231926944,0.3696337039219964,0.46254905739755714,0.0,0.34072066299262344,0.38663937465339326,0.26522910786577236,0.3302863703474252,0.28663445244404706,0.3803120893524615,0.4062979849374415,0.20086242430038698,0.0,0.47673725847931825,0.5273951119655779,0.3202665276684227,0.4152913391968968,0.41353498985932946,0.0,0.0,0.39909548622594526,0.48414539534699713,0.2565907226756738,0.3139857310792823,0.19689420363947363,0.12704550105636747,0.45053651857676996,0.39061336051658113,0.0,0.4505263659594013,0.0,0.28800932021362385,0.11484908631883002,0.36634565642747846,0.4257620029956573,0.0,0.3395382393310142,0.0,0.3285524986853826,0.0,0.36054310595913136,0.5625902317875483,0.42678795793346924,0.49185841550747766,0.33779166393493154,0.16170258942149557,0.0,0.3592112691091932,0.0,0.41712917986096365,0.35253210726873285,0.0,0.0,0.0,0.0,0.0,0.44296235192596495,0.27566538658630135,0.0,0.39639087531038836,0.3491430157942484,0.5310092538020903,0.0,0.0,0.0,0.5119676613776845,0.0,0.37703971577299766,0.2910147596829901,0.2387020892796454,0.0,0.0,0.3577682670335925,0.0,0.4240938465244536,0.31041204676310585,0.35363145143028407,0.43424014437984665,0.33696266387334606,0.48802890916505703,0.4045778092654413,0.2368353223587854,0.30799325212396805,0.5454928617455774,0.31152272062335373,0.3367604007142693,0.5162629341635842,0.37130933405604344,0.41726556009118965,0.40541188492693264,0.0,0.3215487988101481,0.16820453301492286,0.39337730828635425
2016-04-30,0.3254063897627558,0.42539465293426815,0.3546219156541289,0.5302493802080346,0.36002173868335463,0.0,0.21154545776890427,0.0,0.4960666175366971,0.44388888674198745,0.4268525860603431,0.32338097066297766,0.0,0.35120795884592726,0.5507476251233385,0.1889598948015117,0.0,0.0,0.49954448479745295,0.0,0.23522231171637858,0.0,0.41559426592963916,0.0,0.38533039328034374,0.5500844191104974,0.5225365685186631,0.35641311411883814,0.20001047117177098,0.3390977227714882,0.0,0.43652594226975877,0.0,0.37593058010534075,0.5913649979434383,0.0,0.37943393096669986,0.49351404380142805,0.3062393412817326,0.4844025662681175,0.23329118466404158,0.2721214615401783,0.3884765036102404,0.1484990891160611,0.0,0.3654952838520592,0.487697917620277,0.305333513029175,0.3255007099671577,0.43311066451578123,0.0,0.3361574800470534,0.38122632911031934,0.26947446902559374,0.3023250308773573,0.2978238740689033,0.38559195601332724,0.38034763111622516,0.21201883296709761,0.0,0.3949978139676539,0.4549188870465008,0.3180300133846248,0.45975087814373117,0.40313895070094596,0.0,0.0,0.3837058642174625,0.47393286305591037,0.2648112869426446,0.2816645939718771,0.22249202564715553,0.13358300531406522,0.44444694065988855,0.3944734369078128,0.0,0.43078483087650726,0.0,0.3126068335247168,0.1168946359355398,0.3685400596860495,0.41576475223862475,0.0,0.3406628506096464,0.0,0.31184644752770224,0.0,0.3051417770602922,0.5696130444624316,0.42741715686322723,0.47646598154769704,0.33267088686706314,0.2335153533461173,0.0,0.3682315942864618,0.0,0.4134068591629768,0.329840747522765,0.0,0.0,0.0,0.0,0.0,0.4407687083030511,0.2712033856552163,0.0,0.4031141627558525,0.3371755596489564,0.5217798045442028,0.0,0.0,0.0,0.45232715620673186,0.0,0.3579572084227447,0.28331207389462365,0.2605175641640217,0.0,0.0,0.38148121656842215,0.0,0.43076855443118234,0.29730527628284625,0.3626184126367845,0.4294401636122185,0.41039451739522576,0.4970999728928564,0.3810709235021049,0.1892454602504324,0.3080448036384036,0.5462222191618747,0.31125590108120654,0.3579961303773169,0.5091113234818443,0.36897923838400204,0.3767216853044864,0.3946621734444497,0.0,0.3121825196849772,0.38873714213733124,0.40171507158855574
2016-05-31,0.3473273428664774,0.4243365004326233,0.355343412140129,0.5412116228723229,0.36586274712401806,0.0,0.21506599364657514,0.0,0.49353312902930624,0.4465331299216527,0.4284469968648236,0.32088646905561713,0.0,0.3673665426673924,0.5484079063073658,0.1525047663156485,0.0,0.0,0.5031295342368993,0.0,0.22811599954545314,0.0,0.3991057540215897,0.0,0.41204565672215876,0.5409284072466729,0.5405314419651356,0.35528712016540176,0.21107825019523252,0.3420661817321613,0.0,0.42543008350573913,0.0,0.40267478796287043,0.5930535465746002,0.0,0.3799653146834969,0.5056274537422374,0.28904928490756776,0.48138698416501324,0.23257057775789172,0.2696406556403314,0.3915161447100627,0.15072491760727336,0.0,0.39555407221997746,0.5007663712521726,0.2533483889797841,0.3249749557093412,0.4376647179316446,0.0,0.3461822272446301,0.39780524882402857,0.27688269395310666,0.3023079656038359,0.3064009484108933,0.39086518950145527,0.38229536440651696,0.21510880930903944,0.0,0.43039231564322605,0.45288859450765473,0.3751212570644215,0.4554074699284675,0.3999429285350109,0.0,0.0,0.40444748327926433,0.47267631587467246,0.29244185261972866,0.2849650654562916,0.13497888146470008,0.1422032698591769,0.44219500729098443,0.38183700831370415,0.0,0.4331162711798683,0.0,0.3787568064800085,0.06677135848252258,0.3756097839791114,0.4094341505634584,0.0,0.34186271426270254,0.0,0.33199514669547037,0.0,0.30208442734566787,0.5889848283760156,0.4314929133276086,0.48025555398440206,0.3347797421611633,0.2224831634024979,0.0,0.3522793197937494,0.0,0.4161073437588818,0.30418423553772567,0.0,0.0,0.0,0.0,0.0,0.4639063292872034,0.27691402243456925,0.0,0.4131970382018031,0.33997469689678345,0.5193382880573261,0.0,0.0,0.0,0.4493356932778231,0.0,0.3342523666377208,0.2824959664980612,0.26032473735207096,0.0,0.0,0.3852536077818136,0.0,0.4324272147306297,0.28564243786337357,0.34882003541463935,0.427784966476389,0.3969498567652255,0.49378370035557034,0.37492190564490563,0.18446747890992,0.32946040455413234,0.5505963210670932,0.31766253652827253,0.3389957483773324,0.511498354669355,0.37068877312447335,0.3717046020590737,0.3931509348362483,0.0,0.30602150028090375,0.38295041295043286,0.3873238854442535
2016-06-30,0.35843477338904045,0.4241945073832725,0.35454271205470606,0.5321833536753395,0.40517226849288024,0.0,0.2088406629354249,0.0,0.4833984226386981,0.4496549937189729,0.4336504114953078,0.3220920237648225,0.0,0.36104082077801286,0.5442421419722215,0.21473516752752111,0.0,0.0,0.49390120986914654,0.0,0.22635834101148714,0.0,0.38757990399958636,0.0,0.44830813221652943,0.5611353735658999,0.538327775720126,0.37412308345115747,0.34303954314912827,0.3454720538709174,0.0,0.4569543809925431,0.0,0.38660717297354047,0.6103254543970105,0.0,0.34645696997607667,0.529965905277065,0.29501284755109286,0.4241198675393856,0.23218069590553161,0.2678382189064559,0.40202312382453753,0.2378042647367193,0.0,0.3792903204604935,0.4990264328603437,0.24512890533601686,0.34939498303648314,0.4211218313121703,0.0,0.36037885944914005,0.3838093466436864,0.2857689923448652,0.3030938567119193,0.30233321355154125,0.36502935683526044,0.3860180579635664,0.21981722925165456,0.0,0.4003563521430638,0.45191526630504963,0.3631061435253771,0.4504558618943445,0.4163024014186185,0.0,0.0,0.39045721307104814,0.4726957784098761,0.28664988277610565,0.28152757171798504,0.1331342002999326,0.21226367891835127,0.4408759163696399,0.4143244414016502,0.0,0.4351564363608459,0.0,0.3880953183103286,0.09974979687443816,0.34925823907718395,0.37444191534089716,0.0,0.3447302073745203,0.0,0.3526451673451853,0.0,0.27229622195253234,0.5784035331409098,0.3788670303408287,0.42569879045274184,0.36008289161039236,0.22072841851009184,0.0,0.3765302142529131,0.0,0.41983099746334107,0.299723932629313,0.0,0.0,0.0,0.0,0.0,0.47777250371314334,0.28315316399554946,0.0,0.4075468269242831,0.342827716008097,0.5049132097582594,0.0,0.0,0.0,0.4088049260189625,0.0,0.33427638530755327,0.29608632921201267,0.23549735960442483,0.0,0.0,0.37706081556476234,0.0,0.4349106641044204,0.2718421110350974,0.3789831485979371,0.4513614728378321,0.391470629438299,0.3895655506152998,0.3744300193295392,0.18243980835721996,0.3311933469610959,0.555192926652641,0.3255905149814791,0.2615676311974664,0.4976266288701864,0.3735842150277628,0.3304184199481469,0.4337862075979056,0.0,0.3017662247846266,0.35503528349932356,0.41212633305360014
2016-07-31,0.3785267598646485,0.42414650645941354,0.38547956590283305,0.5640753849800213,0.38651971147032566,0.0,0.20999563348332612,0.0,0.5150925416548165,0.4713215876496382,0.45461228916176327,0.31958175962874874,0.0,0.38399661547906955,0.5446289538541917,0.1375834961556773,0.0,0.0,0.5105754717892579,0.0,0.22482293834408307,0.0,0.3811035159346199,0.0,0.426920675681017,0.5611794902815416,0.5493743032980304,0.39417311892680623,0.3717802521457263,0.3484604429913706,0.0,0.47245133718590937,0.0,0.42483461640104636,0.6216333159077289,0.0,0.3811403991855839,0.5359735146677939,0.3303844942936078,0.4649983146790003,0.24120825946357027,0.26892408465723083,0.4143090364432271,0.1518616781229939,0.0,0.403588752287039,0.5172509012921425,0.2450693914339938,0.3448207285109248,0.4303495106818077,0.0,0.3578898618760604,0.4151140001716633,0.2945536116226135,0.31847271200592375,0.3126403759424948,0.3788716527882351,0.4050497925546515,0.22327195965552782,0.0,0.45119347291083556,0.4228354313240906,0.4004140798090566,0.45351268835519315,0.46597520611762777,0.0,0.0,0.41251087009362536,0.5162110689360915,0.3086934758153523,0.32410158804830846,0.21496861071690757,0.14757874492713888,0.43840905585921314,0.4198566209137986,0.0,0.463889589638992,0.0,0.3815849184629385,0.10722435569185575,0.395972435085871,0.4039422695825322,0.0,0.3565341513270459,0.0,0.3518215063888188,0.0,0.34070180447074416,0.5933900565801542,0.36911800876919426,0.42620907319767226,0.4252120842111246,0.21496065332263503,0.0,0.38227360721784676,0.0,0.42329032521605714,0.38724056314851324,0.0,0.0,0.0,0.0,0.0,0.49062061668120643,0.31675165251760623,0.0,0.41079587220082164,0.36723671105210237,0.4801453387145716,0.0,0.0,0.0,0.4523860383928428,0.0,0.33470676474906214,0.2970572652709419,0.3493189636803885,0.0,0.0,0.3564415209644159,0.0,0.44148262788144155,0.26132954330255764,0.3891112059120848,0.46338817205395805,0.3871462033419542,0.4493846629705645,0.4349901709339801,0.18049438482763985,0.3763538126170447,0.5585414418298439,0.3625501100306679,0.2154910472449863,0.49084356097218645,0.3575349745755384,0.3513292125768755,0.42325265490215286,0.0,0.29855993447461715,0.2366737423348672,0.4058985022307763
2016-08-31,0.3970153917877658,0.42474892014337956,0.3896756797710518,0.5709261884749749,0.38293227624588927,0.0,0.2195499330615093,0.0,0.5155379523296706,0.5146724889777559,0.5252019830021802,0.33373589667703346,0.0,0.39414938936799326,0.5773175119130187,0.1266786397212961,0.0,0.0,0.5127079421505226,0.0,0.26839291021943185,0.0,0.43650438840098926,0.0,0.4396199622979197,0.5451765010812115,0.5452742848213776,0.42131784301138914,0.3693236149325411,0.37753078016038877,0.0,0.46229969249289604,0.0,0.4217392582671209,0.6329218278478365,0.0,0.40619818899797305,0.5416405343459816,0.44728992970194803,0.482857102007707,0.15851878798357122,0.27821498621005547,0.42209622810250697,0.20396722878468793,0.0,0.43400340659260034,0.5325362855790997,0.29000538544195636,0.3357555367875944,0.39761391151539066,0.0,0.339871008507005,0.44261857625201295,0.3046274029287972,0.38476744523518563,0.3216191745621659,0.3975002951130412,0.48620809051651,0.2209360613053151,0.0,0.47894842148132005,0.42246115923418537,0.38668028473192606,0.4618496012629955,0.4889584600263053,0.28246447790651386,0.0,0.41879045871460496,0.48504191969045396,0.31864608836511804,0.3355949963392072,0.23188594125942089,0.21351534587665608,0.46553402965636775,0.40862759582952557,0.0,0.47971513776488967,0.0,0.3929911255945551,0.06695841938035293,0.38757910290603653,0.43762048325581715,0.0,0.33572162374695086,0.0,0.35220664976201427,0.0,0.36607382469753424,0.5971679044438086,0.40971528808529634,0.43800418355003184,0.4203521311262748,0.20673737785422783,0.0,0.40313739860134573,0.0,0.4522908735756727,0.38254437848124884,0.0,0.0,0.0,0.0,0.0,0.554676861822923,0.35785937438164933,0.0,0.41553292689558646,0.38005941389700154,0.4762191951343139,0.0,0.0,0.0,0.4635723400834214,0.0,0.3560123071474568,0.3213239652630073,0.31083731000872417,0.0,0.0,0.35793590012866333,0.0,0.48511726931933574,0.25114663862009273,0.38103773979775407,0.47156200574668433,0.38401413827959086,0.45717868119918914,0.4324943597419807,0.20922176369246895,0.39547135742040296,0.6041123276181734,0.3794671964986479,0.1811482439995299,0.4946352218429342,0.37562361603822797,0.3787208628326476,0.4203046219510977,0.0,0.29652057257284914,0.3701904499551345,0.45045446514907417
2016-09-30,0.3942255121343323,0.4267337269864609,0.3954905382993116,0.5617394669930991,0.38570456825096155,0.0,0.2144405546177007,0.0,0.4878494809735383,0.514568415335177,0.5382066882855295,0.33754747113815503,0.0,0.3946842713575309,0.5792129688990831,0.21692953561333198,0.0,0.0,0.516359791767125,0.0,0.2803705559680495,0.0,0.44299326670128686,0.0,0.4571441489623796,0.5579853088748749,0.5565014406539196,0.4240051588483658,0.37042832874153436,0.37868733228445195,0.0,0.4634338024348197,0.12983265990886647,0.4068199783107554,0.6369244803829298,0.0,0.39880163154082365,0.5446932699104636,0.4380343711144325,0.479234211763818,0.15771094595284477,0.28778684558463646,0.4005496268964529,0.2070872444179842,0.0,0.433084867221512,0.52663951281985,0.2911880052579231,0.33662647783697064,0.3999372254462003,0.0,0.34221193327524596,0.42438964950898944,0.331544458600381,0.39401371063542934,0.32474201694340366,0.39833245666419104,0.4756343944478811,0.22626684636630223,0.0,0.4830749981070611,0.4369942786142605,0.3887881889220087,0.4804118234973203,0.4807741041598726,0.1584197584825782,0.0,0.40720440290424537,0.508554113217146,0.3190136396511902,0.3366993332784177,0.25799127865144383,0.208691422718886,0.4658925737499247,0.41424709914914604,0.0,0.48127446278275304,0.0,0.3885683571240605,0.22004853443831227,0.3789510829793249,0.43156685324700367,0.0,0.3611380070322891,0.0,0.3554517366375935,0.0,0.3615970786241204,0.5951162562293795,0.40708140316828206,0.410355212125704,0.422434854013246,0.19999441391028586,0.0,0.4080429463267166,0.0,0.45364878646805057,0.3791424684432744,0.0,0.0,0.0,0.0,0.0,0.5440607725302797,0.3353267269549447,0.0,0.4108436278522816,0.385178108931919,0.4763838863816506,0.0,0.0,0.0,0.45899795145257066,0.0,0.36603187218067135,0.3378908560591643,0.2828211541807384,0.0,0.0,0.36216172011994496,0.0,0.4821048372890955,0.24408722747184441,0.3851796154968573,0.4716173788479733,0.4407142493539949,0.4555143374827908,0.37831601862505154,0.24889874732984693,0.3894145505015276,0.6068293775294804,0.37862186661532216,0.1825150364104669,0.500467236700684,0.3771775224285117,0.37830522045670256,0.411920780712654,0.0,0.2967564340306387,0.3847931518668065,0.4544446641898359
2016-10-31,0.394588908139927,0.42899507547864524,0.4014879991677813,0.5655746335542403,0.3998470435259566,0.0,0.21804574121587855,0.0,0.4877228086321016,0.5081976641536392,0.5188929874325137,0.3173547583507041,0.0,0.395619637839756,0.6029156143220947,0.2067871911253099,0.0,0.0,0.5256267252718423,0.0,0.2664255217349462,0.0,0.4676633328056419,0.0,0.43931246567871274,0.5610054185866027,0.5499908539688835,0.4316334670270249,0.374032851100866,0.39241281449348775,0.0,0.4642349282877911,0.13143484070545455,0.40860602931235807,0.6399023431167862,0.0,0.40023763675878143,0.5457184924249678,0.4387984008250297,0.4752787819901552,0.17234693469021872,0.2903222646726261,0.40846497820137984,0.21089878623115443,0.0,0.4205609540674391,0.5347993564358953,0.2764358273702489,0.33256077723459293,0.37923539563213177,0.0,0.35246256521457014,0.4093858259761084,0.34123404417939257,0.3935371223353735,0.32619014708028227,0.39913501090078146,0.46532627717470243,0.2317338159215645,0.0,0.4787524077854796,0.4359316139500779,0.3908186365003372,0.4856913790008778,0.4793046325619383,0.26676117803861676,0.0,0.4087202950206476,0.5196853665290333,0.31970308935573266,0.3383275796258358,0.24838422381720932,0.20517082053486507,0.46631827697178024,0.4462838755557136,0.0,0.4823818472164609,0.0,0.4102256645628877,0.2475092914293331,0.3776059513265735,0.42684390033959774,0.0,0.3652577408408099,0.0,0.3589190088072751,0.0,0.38460381946419053,0.6055728773907967,0.4069424090818745,0.40553678793280995,0.4370560567827326,0.1915664445106276,0.0,0.4124568248169766,0.0,0.4557712715656477,0.37611057108764395,0.0,0.0,0.0,0.0,0.0,0.5468449999938136,0.3352639703745218,0.0,0.410290663687284,0.3895626614885309,0.4684780901997329,0.0,0.0,0.0,0.4549978767860371,0.0,0.3763750810408963,0.35388646016976366,0.3084863954827133,0.0,0.0,0.36623898592205234,0.0,0.48051241129933275,0.23841325868488797,0.3958390463854981,0.4723334933092923,0.44097788463047555,0.4393334649848765,0.3755672726918116,0.24932464752453312,0.39116873983061,0.6047955799064556,0.379993087113642,0.2036835315226715,0.49534822710665394,0.38215320089166177,0.3786285187413392,0.4288790483139323,0.0,0.29801366269574114,0.37893806912680694,0.46103388054332944
2016-11-30,0.39726919948104206,0.43215367447160213,0.4086559628868494,0.5773071126216924,0.40527275522988554,0.0,0.2137248764572776,0.0,0.5380272266370235,0.5129110820811847,0.5210841992787686,0.3224460003680237,0.0,0.39830614695669764,0.6073451053081262,0.20302677668223315,0.0,0.0,0.5202114775396434,0.0,0.2498407748750811,0.0,0.4679661611996293,0.0,0.44435014015536617,0.5670260398891235,0.5685431619581797,0.42586081572849155,0.3787705665991984,0.41175292639227085,0.0,0.46226442023481495,0.15157506368102433,0.41177473875251347,0.6415635927941667,0.0,0.4028692736487359,0.559444048998856,0.4543713587850705,0.4713293702571066,0.21661275270217248,0.303986206065994,0.41358658202287396,0.21619440955318334,0.0,0.43378922850430884,0.537298560078644,0.2798654608640231,0.3345599349988337,0.4149795536421157,0.0,0.36786033550886826,0.42220865688334885,0.3452473949259506,0.3964655982234521,0.3252991145375913,0.4015097123871046,0.4589489085432169,0.23954257051586078,0.0,0.4848707129194521,0.4373779688403819,0.3940606699175758,0.5005497860623445,0.4807199475579315,0.19855596042090665,0.0,0.41231466849782367,0.5240767256139275,0.3402249434573876,0.3121559196306512,0.28545514511384057,0.20260158042165488,0.4687384069168842,0.45197007408095924,0.0,0.48456172680421566,0.0,0.4043651397307536,0.2901273801149916,0.4083343683727523,0.4253849129237538,0.0,0.3789428698974564,0.0,0.3636660879872076,0.0,0.42377545426901153,0.6044957707053814,0.40919772816696764,0.41105832013484306,0.44243600813008843,0.1840463317431874,0.0,0.4178948244815383,0.0,0.45931752605942405,0.37281972401152547,0.0,0.0,0.0,0.0,0.0,0.5377912997539755,0.3369803735953489,0.0,0.4126876186249957,0.39461737721431456,0.4703040023243601,0.0,0.0,0.0,0.4527094043521963,0.0,0.39200584047404785,0.354532270739194,0.281185075487887,0.0,0.0,0.3710222428501669,0.0,0.4813230744551186,0.2762631384591082,0.40032560624195995,0.45540856701957644,0.4431253124193586,0.4402407450068708,0.4611408274363738,0.24452420437141423,0.39414282177864773,0.6097658845637048,0.38790024445050325,0.19148261284236434,0.5034239916010863,0.3856830756975264,0.381552087051516,0.43182052813892297,0.0,0.300703609498636,0.3360378615742436,0.47374505873426154
2016-12-31,0.40217876900235505,0.434474436673378,0.41457387236584287,0.579018960150371,0.40130184063679947,0.0,0.22441280252456383,0.0,0.5663114046180782,0.5001961997425713,0.5677840486662122,0.33624521513157307,0.0,0.4021935305547806,0.6017474230742765,0.15794513242283448,0.0,0.0,0.5580004711359916,0.0,0.23389426026100024,0.0,0.514732881568494,0.0,0.45735092131576044,0.5648604611653972,0.5986209816702245,0.4256518890739245,0.3823042621216498,0.433236086490062,0.0,0.4620310546214228,0.07594465616850826,0.43277350016180816,0.6652811548854619,0.0,0.4032208830082133,0.5708259713179187,0.45894160012432794,0.48319157349634156,0.2948203927620801,0.32819430951855666,0.4453568325042121,0.2532587041822353,0.0,0.44942423779002233,0.5538402144309086,0.270306125301951,0.3837315780514438,0.42411870715397015,0.0,0.3701224591618055,0.44383632884985985,0.3395291878203253,0.38301341245643955,0.32374349316358986,0.4027134553197934,0.4478874249098597,0.2565565356902848,0.0,0.47201333415524177,0.4329942545732524,0.39488596137227516,0.5209139139597221,0.4746390171792194,0.2582696045394644,0.0,0.44028897223647956,0.5399382943390575,0.3514709698415483,0.34499857455230465,0.3089197070987888,0.19940867220007397,0.4675169792211317,0.4522793543193138,0.0,0.483636147770287,0.0,0.4210758478791663,0.3098351801623353,0.41639190994530056,0.43634126384824407,0.0,0.3602051575818876,0.0,0.36101856102615626,0.0,0.4972262627744908,0.5985330078154909,0.42005372240965977,0.43590050508263767,0.46230988773000464,0.1703806315894184,0.0,0.42070569538283487,0.0,0.49665484425807527,0.33876311709058843,0.0,0.0,0.0,0.0,0.0,0.527289714910033,0.3387433304413682,0.0,0.44847361257603996,0.3969933644223736,0.4735530516487794,0.0,0.0,0.0808283656978624,0.448393344438258,0.0,0.44046849474698874,0.34856867143275166,0.26622341922350135,0.0,0.0,0.3796540760391278,0.0,0.48009629514545316,0.21491414217785246,0.4032731313056434,0.4878253430212415,0.4415116996085235,0.46857268589832946,0.45517137108769457,0.2765589168805686,0.38993252012644697,0.6105774364085222,0.40267029821173295,0.18432209258968207,0.5162192874722978,0.4135938895809529,0.37608014890048225,0.42826461212295525,0.0,0.3029056977527628,0.2728246794658231,0.48565606039441933
2017-01-31,0.3983131962950414,0.4083356594040595,0.4098426856708302,0.5725707881940749,0.40605565067523297,0.0,0.23983789205523887,0.0,0.5215476411034685,0.5094245275732697,0.5477004300565276,0.35555379294428313,0.0,0.4111234765834272,0.5930343350011156,0.15402443008988695,0.0,0.0,0.5584686438798152,0.0,0.28510824207657554,0.0,0.5087421160296148,0.0,0.45927128929998123,0.5723716316350038,0.6295826275320929,0.45297225690691484,0.3849138358157415,0.4257191488537476,0.0,0.4756532347314646,0.3767237596055484,0.43683484293807945,0.6806334719721576,0.0,0.4027991279654592,0.5567273290060956,0.5203928976424402,0.4808015049834091,0.37765307827424155,0.33222094120127243,0.43505807755958076,0.30604127661204933,0.0,0.4465455774895796,0.5572073874976831,0.2853509619961833,0.40423447048779654,0.44663455231296184,0.0,0.37452766629699547,0.45045861541565435,0.34345030399151477,0.3996773172125103,0.3121134928708962,0.3942250968437626,0.4681857132407365,0.25832978764910547,0.0,0.50832703588403,0.4706977117069573,0.40601829781487364,0.5133836873976273,0.46189736639087536,0.22724907887362764,0.0,0.46277910505601655,0.6027095046658089,0.36020059534567744,0.361522911252638,0.3290771839686087,0.17069194762864176,0.48359926325113345,0.4349038098312492,0.0,0.4815339463563776,0.0,0.42498506986415924,0.3267822072794291,0.409618350418152,0.452685479771683,0.0,0.3766175671434221,0.0,0.36785412262698086,0.0,0.5371008659690766,0.5899300490363638,0.41494896927688407,0.46038846945212664,0.44890212895935555,0.15546105991436998,0.0,0.4224808474822566,0.0,0.4871784533527497,0.30517517082575446,0.0,0.0,0.0,0.0,0.0,0.5113022404691846,0.35875544691882416,0.0,0.46554149756205454,0.3951508017405143,0.4817814887094195,0.0,0.19310620406626688,0.03930465274242936,0.46263233504929996,0.0,0.42687359530706515,0.37377648135551933,0.39018273061448394,0.0,0.0,0.38198887275010646,0.0,0.4891238957909083,0.2035059499177832,0.4232984942791002,0.4775578705430116,0.4393164201648755,0.5295999127175204,0.45229964281536633,0.2796280914144894,0.4131803637996733,0.6083537411583332,0.3954969208962992,0.18138484785085549,0.5266568869805863,0.4040481179877235,0.386709237941626,0.45238084824382674,0.0,0.3182092303071111,0.25654217305394544,0.47404419131596015
2017-02-28,0.40931029385314305,0.42154569758727517,0.4371938835577874,0.5694385685237292,0.44030206251187526,0.0,0.23981066011634267,0.0,0.5177986248846718,0.5220510833942366,0.5780338884636962,0.39599469359527134,0.0,0.40481087996245124,0.5901829641035119,0.16225435374379596,0.0,0.0,0.558799251099926,0.0,0.39103980653610704,0.0,0.5224864623474372,0.0,0.47542361919099885,0.5709095247560876,0.6326318827445645,0.4634276313514768,0.3659387462155016,0.42407528342259354,0.0,0.48436087924401117,0.38133858750513394,0.45000784204859023,0.6854555963786549,0.0,0.40602369685986195,0.5685220563173491,0.5171264444231272,0.49990751146342843,0.44621012136814414,0.36407193852757236,0.4537783511527859,0.31382503643534965,0.0,0.4653092127782616,0.5672058489095542,0.3110467590032885,0.42077406043817056,0.4776404921907004,0.0,0.3822024758025943,0.48334991381584597,0.340241106857649,0.4478342424307985,0.31409596132332207,0.4163768160312834,0.4917713521745766,0.2682376755666624,0.0,0.48826824877986486,0.49658828635359886,0.4400410282249686,0.5221846478402459,0.5339990803959729,0.25549880895843174,0.0,0.4504427517221608,0.5982083625160535,0.3672393232894224,0.39363771218568555,0.3293922516498484,0.17816924333636253,0.5318930850091728,0.4467973163002507,0.0,0.48105125818186767,0.0,0.4525222011846567,0.3429969348188086,0.44157495885375764,0.4662112095125232,0.08465071880621612,0.38228855107823556,0.0,0.3543098248836037,0.0,0.5294331747175098,0.5840423347804699,0.46612031636678364,0.49429755766404354,0.48951298617491773,0.15022177772895035,0.0,0.4370298549108586,0.0,0.4868314349540315,0.30612693820792786,0.0,0.0,0.0,0.0,0.0,0.5027135310174032,0.4055911617027644,0.0,0.4589673523999026,0.4167557533035127,0.4791168982499584,0.0,0.2556878783240248,0.06869718896744903,0.4640982786374441,0.0,0.4538505144232844,0.39070039932744566,0.39729997352966423,0.0,0.0,0.3889657648362697,0.0,0.5055076852829313,0.19470302166940623,0.4390893079919345,0.4816547540098707,0.4399643557239214,0.5538219513250855,0.44753675475222504,0.28689749878546666,0.4232932319176553,0.623432400459251,0.4069413346261844,0.18235414766948815,0.5320199235022072,0.40988791546270104,0.39239828890930206,0.4498021891476338,0.0,0.35064814448214643,0.2620014056968788,0.4854395622216687
2017-03-31,0.4450860691960157,0.455746797106378,0.4391880164413337,0.5771430945767823,0.45829490059861516,0.0,0.22565342541026115,0.0,0.5173049938228629,0.5555699975050802,0.6101537708991657,0.41856289888055553,0.0,0.4348293664603651,0.5920543857937247,0.15837618281284205,0.0,0.0,0.5628541909938055,0.0,0.39906911613966217,0.0,0.5427769991419807,0.0,0.5168427145062312,0.5838195446514749,0.6314577821507366,0.4690739972878628,0.36974427224920275,0.4241514081883221,0.0,0.5236468703365471,0.3883644269062174,0.4825126562822252,0.7149381690500582,0.0,0.44007470146207023,0.5959739395045474,0.5650330840883652,0.5078679712351656,0.4411200974802943,0.36598956904484603,0.45929707308652934,0.33313745951357454,0.0,0.4938210393011133,0.5905932427119858,0.31267726531786216,0.4535825752213089,0.49231625985969374,0.0,0.3973485893407554,0.4912089621338389,0.3546302034942805,0.4840789222951772,0.31870328370429024,0.4520467113135068,0.4780564023224929,0.2844092243115896,0.31686307010785925,0.5239312498879942,0.4890646881262336,0.4764115374717231,0.5233173241822211,0.5370336682248463,0.2240470411669862,0.0,0.48782715444681307,0.6051147301150671,0.4023052818234585,0.43466059553910813,0.3419562912315988,0.09000799806166664,0.5706895824847734,0.48262308794029707,0.0,0.4802824757558505,0.0,0.4760504644557256,0.3203355804813179,0.4621400733448066,0.4861894210262993,0.0523353093401179,0.3849179263620026,0.0,0.3853128929231435,0.06395174094498242,0.555749174595409,0.6059177003908552,0.45905660420084327,0.520074773836958,0.5021154466659892,0.1445851858838959,0.0,0.4692946766205374,0.0,0.48889181377815644,0.3121265551113322,0.0,0.0,0.0,0.0,0.0,0.49869864647915013,0.433177529890131,0.0,0.4811574213888794,0.42157183717826924,0.4720291045841767,0.0,0.42873494187997235,0.26274791696345023,0.4603069467766518,0.0,0.4698802969025348,0.3922140208190079,0.3701251249220683,0.0,0.0,0.3926092089332737,0.0,0.5045887388742344,0.18795803746816225,0.4799986260445387,0.4883358598697722,0.4427088285155091,0.5869685705924197,0.44518848018162527,0.2884069562641488,0.43286722676543576,0.6277708372476076,0.4320831691483693,0.1938373557653408,0.545744492993927,0.4406236295998399,0.3991227039429161,0.49437273889987354,0.0,0.3501459627167354,0.33601582828107823,0.5209978729525798
2017-04-30,0.44151408360112543,0.4398549052114191,0.45252624712024947,0.5806038891886911,0.4577857594757694,0.0,0.24851307767768804,0.0,0.5246758044789951,0.5477716292373956,0.6170945622815716,0.40365314820684395,0.0,0.4362720553812629,0.6046856230213201,0.17140865126649002,0.0,0.0,0.5655409771380043,0.0,0.4031094310952129,0.0,0.5333269806331796,0.0,0.5148755596829243,0.5691368811946219,0.6301691725865793,0.4762663549837872,0.41672534799333466,0.42453120193707977,0.0,0.5248465977810649,0.38734608301349127,0.4917853977094608,0.6997334879182009,0.0,0.4188237557016697,0.5997931149571063,0.5287421086829979,0.5165850782664989,0.44299659078026393,0.3820907285456967,0.4718443133832956,0.3215873936812835,0.0,0.49355044271663145,0.592454863299419,0.3513374077231588,0.42242482146225646,0.49616866398548065,0.0,0.40618563389574514,0.5017429380928329,0.32615927180694027,0.4703689104974308,0.3225611594527743,0.4569110651562484,0.4739615957371287,0.28856988421822305,0.235497302551161,0.5283146705510108,0.49148203180581307,0.4771115386856628,0.54428484814736,0.5529128587686022,0.2927764567096251,0.0,0.4940143583628152,0.6030429507458286,0.40371947473902153,0.42937855005017245,0.3404705614476855,0.08900579847423838,0.553745437497757,0.4909128274213868,0.0,0.49213571168937287,0.0,0.450434674292974,0.2714779345298278,0.45440886871992436,0.4777435455001172,0.07071933572906819,0.3873308591322106,0.0,0.3880593718829469,0.24382877095596933,0.5563351118667772,0.6087863325922385,0.44578472241917844,0.5136250088304736,0.5163871197817476,0.14027711352712469,0.0,0.4694477463738078,0.0,0.49119826612756357,0.2946654240843371,0.0,0.0,0.0,0.0,0.0,0.49617958569633613,0.4298699167899524,0.0,0.4745020660204325,0.42493176172120345,0.46851356685136586,0.0,0.40588376215573674,0.24913493073550563,0.46794489139279616,0.0,0.4734784079670658,0.39554889697071605,0.3526282929446696,0.0,0.0,0.3376329695996935,0.0,0.5043865593571121,0.1818188787979679,0.45923508752600745,0.49514167096891504,0.44380590849939366,0.5692071488501373,0.45614657511532636,0.31547467771082754,0.4398258976861805,0.6222385140572603,0.46747019442971716,0.18713110660173726,0.48433316405770865,0.41082156327373637,0.4289134150513507,0.5053482032984362,0.0,0.3511526704685347,0.32905852897539195,0.5224715089502638
2017-05-31,0.4340901083776506,0.4654271997991039,0.4162465134200223,0.5908905421179874,0.5009443483994847,0.0,0.23489511467284144,0.0,0.5360937216903386,0.5567633390141435,0.6947618818488352,0.43560382684621674,0.0,0.4659281743292459,0.6197241079419087,0.19804113137588308,0.0,0.0,0.5654256351320354,0.0,0.4344612586236404,0.0,0.5183418668826038,0.0,0.4785873728453356,0.5961496735911539,0.657699861760073,0.47395872572523196,0.42034193378342993,0.4240163521830274,0.0,0.5012365129360175,0.37295383779192637,0.49081823215083475,0.6989684433025026,0.0,0.4621279957036263,0.5821971936042575,0.5797561240483454,0.5241284662428584,0.47051662415812334,0.3476322681260043,0.5080650275097575,0.3624039335060855,0.0,0.5146797213238098,0.592840844704545,0.4032444823952305,0.43777465318741293,0.5309584087197218,0.0,0.44392392354152604,0.5307231735191121,0.32687651335230494,0.5196940035502484,0.32552983964518317,0.4772130057180436,0.5210804662368265,0.29048305664225754,0.3429157472727953,0.5226468338823493,0.523612302742891,0.4990426854893598,0.5405051933045921,0.6264473734198404,0.2927620061803427,0.0,0.47338218617816624,0.6234751175434263,0.4374401453062643,0.4758853868326872,0.3357980595119636,0.24405734556817008,0.6252531199258675,0.48801425478243826,0.0,0.50346911939748,0.0,0.4455075474309051,0.3544403353433741,0.4926045530088745,0.46826394582601355,0.23912961996144283,0.395591588491851,0.0,0.41314443959257763,0.3982456607115012,0.5485327801473087,0.6094821622905319,0.5346562218830582,0.538101736626551,0.5741841070836512,0.1347517183935357,0.0,0.4811733509799775,0.0,0.4926303869990546,0.29223350579143564,0.0,0.0,0.0,0.0,0.0,0.49200193215155336,0.488798434177087,0.0,0.48223651479595014,0.4500734911494144,0.48240391868220756,0.0,0.4301290418618086,0.36318367652581385,0.5348809456969129,0.0,0.5086961351360345,0.4864314978206096,0.3394988249435149,0.0,0.0,0.4094159765185513,0.0,0.5020386480801924,0.1724263390927251,0.4748229703518827,0.5008826049006418,0.4133923392318832,0.6081583439189047,0.4494030499055032,0.3069693352423489,0.44938523939700836,0.6242271628766769,0.5300486423692751,0.23023922730854923,0.5093518119361784,0.42645706140991696,0.42902126183515366,0.586038126018567,0.0,0.3508066800487461,0.35894252815530775,0.5153647233740839
2017-06-30,0.4519012232081804,0.44835665526134605,0.4328581504008043,0.5905697471958427,0.45456263281627984,0.0,0.23117422474728735,0.0,0.5347324211889138,0.5649231291443003,0.6744205725978407,0.4282296017115912,0.0,0.4926145395093126,0.6456310232560154,0.2750552738388428,0.0,0.0,0.5665882207984998,0.0,0.4390993177828275,0.0,0.5055867759360415,0.0,0.5012251582180114,0.5940610472842944,0.6670246998827563,0.5033061701856051,0.2856328185665007,0.42410441524855935,0.0,0.5147778635223335,0.3486914533092246,0.4854830671818063,0.7003483938094021,0.0,0.4718950783629095,0.6135105833726068,0.5885284088749035,0.5334993799373062,0.4646180385545801,0.3682663952255532,0.514298137111978,0.3745819446305099,0.0,0.5252899551609798,0.5920450911254683,0.38901320630626013,0.46049898242374926,0.5522635107091061,0.0,0.4363903616352458,0.540119691737304,0.3285422370982178,0.5372570620240572,0.32921456023066165,0.4805173859402948,0.510007822278946,0.2914558156895743,0.4081683005323514,0.535471114279484,0.5365878009925428,0.49153880089382607,0.5379452741872055,0.6220799248212981,0.2874369513582584,0.0,0.4975939056458407,0.6214581202354627,0.45945378163105677,0.4854823324576369,0.3666021485079495,0.24226140630073806,0.6418862277343935,0.5024167144114359,0.0,0.5174226888752571,0.0,0.43913949959585424,0.30268886643076504,0.5128360758608586,0.46213346262830707,0.2910996795433216,0.39704346771678045,0.0,0.4076476976054863,0.41792967573958106,0.5053455779640506,0.6231385854389492,0.5574910423609117,0.5304594384498069,0.5777698343540009,0.1323534386571923,0.0,0.5136248498021838,0.0,0.4945427888501314,0.372916615122813,0.0,0.0,0.20279063573656983,0.0,0.0,0.49085466799566413,0.5015363658196857,0.0,0.5053606522279601,0.4676985299682078,0.5031922712656147,0.0,0.4796938615940978,0.39154188092870523,0.5558004853604671,0.0,0.4940096889683096,0.5049846368688051,0.33600490108247094,0.0,0.0,0.4009816802234251,0.0,0.5009666732389458,0.16558045194811968,0.5082961662208839,0.4987843136591308,0.40046168031675994,0.6197714271809016,0.4402470047632388,0.3616912177675365,0.4739736078296308,0.6512699562336914,0.5206314706625951,0.23875407601973542,0.5041750397985401,0.430754154186315,0.4402704189315261,0.5815221208247789,0.0,0.35069918280929774,0.34608961754474415,0.5522495510085339
2017-07-31,0.4643517132246279,0.4849956859186172,0.49529568003539903,0.6290419418513487,0.49634071848623507,0.0,0.2383967373783046,0.0,0.559793962170334,0.5723726122148766,0.7082369397979177,0.4221377299236023,0.0,0.5246207701203226,0.6432108273523244,0.2906005632495152,0.0,0.0,0.5856331310400946,0.0,0.43511252890965696,0.0,0.49613104080778436,0.0,0.5387831472436829,0.6115564276775912,0.6727723223018013,0.4881035356355384,0.26175877189994695,0.4486944227941895,0.0,0.5330376196558194,0.32970354297511273,0.495535273009822,0.7067439865014529,0.0,0.508586244393986,0.592928275266326,0.5944416832886148,0.5917275549472424,0.45032880924028146,0.40910394113450843,0.5197753351581427,0.3951345669793177,0.0,0.5298033871307368,0.5825146951699689,0.4182688802046722,0.46136097558996025,0.5619188090566917,0.0,0.4351185329505014,0.5687174328098182,0.33043562202401777,0.5406592694888228,0.34232358944048935,0.5012981611052149,0.4929154614688283,0.30288346045945524,0.42540431732879286,0.5405131397778663,0.5413586804615115,0.4865736425026853,0.5303138703197984,0.6237539771736754,0.2539127824166192,0.0,0.4975609381578754,0.6065251530902612,0.49460603929262326,0.49526302308569975,0.3888804533236544,0.17255083136667018,0.6756971551277109,0.5061676528078403,0.0,0.5186941952986227,0.0,0.48746043096708247,0.3201403125126585,0.5651927499375768,0.5004808919901188,0.29990894521294226,0.4245998528649101,0.0,0.4164520173272652,0.4237809039593658,0.5280781786297529,0.613418331279691,0.5551205535866901,0.5859061616721686,0.5725575634326135,0.13228592133560801,0.0,0.49555283345037354,0.0,0.5394306807994107,0.3694823541081935,0.0,0.0,0.20180802539809092,0.0,0.0,0.5537730224077517,0.4927170697357378,0.0,0.4833688654267216,0.4577657250959267,0.5126603859951451,0.0,0.478795160918536,0.39408420029654934,0.5860396935733994,0.0,0.5038060560844425,0.4974248602708525,0.405655230948747,0.0,0.0,0.402497665779649,0.0,0.500833293622566,0.24988999083513558,0.4866049681798023,0.5235731638910663,0.3648089398631055,0.6317378418731211,0.37395687062293587,0.36102967003422465,0.4745275250113747,0.6534393375786189,0.52152425087873,0.23233509125079618,0.5194076604217777,0.45361132044909186,0.44958768204810806,0.5757903477933185,0.0,0.3391586810845257,0.2597606391706144,0.5600518637351851
2017-08-31,0.4573904999768529,0.4866026670114152,0.462517952402471,0.6409266823194749,0.4579905328692429,0.0,0.23625001006909907,0.0,0.5671471733083002,0.6035965656955639,0.7056380045575803,0.4388652082763713,0.0,0.5228597073129605,0.6511128292963946,0.29799183928877443,0.0,0.0,0.5893478062988358,0.0,0.4568380462015468,0.0,0.4912251219140178,0.0,0.5477138446052792,0.5977821201323068,0.6695665616523869,0.519293113467372,0.2575385488376714,0.47833775344143376,0.0,0.5123198878131725,0.2691607462370226,0.4845281936049846,0.7135219128467472,0.0,0.5126218041333132,0.6325633724139192,0.5751885155131999,0.5864218302744413,0.4084114838399423,0.407521431439438,0.5046816236966171,0.39947277081652827,0.0,0.5202121966656188,0.5867244573949347,0.40482376561225636,0.4523669579339311,0.5840830215229517,0.0,0.40002021287415873,0.5612838285697638,0.33324365561501024,0.5412985455499195,0.37684152919874225,0.5049101893440565,0.53229110072915,0.3082972776780964,0.43775309161252535,0.5563503887866849,0.5491381563228783,0.4902373376021237,0.5127060470222365,0.6281118765101283,0.24237056680808042,0.0,0.49851639302695394,0.6263289120383043,0.4961520533274404,0.5066155194021665,0.38958549297154565,0.1708737044255201,0.6726295558951566,0.5195622145522678,0.0,0.5225580417177793,0.0,0.5011296907791737,0.3084869448762856,0.5617876434138435,0.4562535695681191,0.307588550459708,0.4296115485498776,0.0,0.41789649094622844,0.42440461970907983,0.5163267342143865,0.6249827590311948,0.5580220561927118,0.5735387020338736,0.5814787475389538,0.1359486922746704,0.0,0.49947451292370565,0.0,0.5419805537412384,0.3254054537609398,0.0,0.0,0.20003213933149971,0.0,0.0,0.5609244058526025,0.48670423358267423,0.0,0.5016363165990073,0.462407520182037,0.5181261006874528,0.0,0.47008115282918905,0.4239885871501726,0.5872502982330355,0.0,0.5259492403230678,0.5016259343584291,0.4528314310593578,0.0,0.0,0.4008471596289056,0.0,0.5036414946212754,0.24661283991563893,0.48993142745920243,0.4954655555954546,0.38076356876480444,0.6492673800477847,0.37275597175295966,0.3564458679067671,0.46578016769644076,0.6770882580144801,0.5058941508113676,0.25618734613062827,0.5328506905749317,0.48681429184233915,0.45550085024124765,0.5820303730174406,0.0,0.34266583517883337,0.22644374986207252,0.5613924059486189
2017-09-30,0.4736724027391527,0.49570355598661314,0.456735995663135,0.6636095490534086,0.45904286767512964,0.0,0.15179576363704012,0.0,0.5647994502342061,0.6088770813886801,0.6839764047441993,0.5122531582573766,0.1943265700249511,0.5179313874934225,0.6366204365111207,0.34674916822271784,0.08134680946436029,0.0,0.6010787387649851,0.0,0.4584037718325336,0.0,0.5279238648693669,0.0,0.5219415530545726,0.6069556608335269,0.6806636940853397,0.5308689436813463,0.25783601311182897,0.45860473405718977,0.0,0.5131383341996923,0.3611599438368832,0.49299316067877863,0.734934437731218,0.0,0.5138924425190384,0.6299668649307251,0.5608929210680633,0.5695252137242841,0.4056504287385154,0.4066283715588557,0.5264100538778146,0.4017784790935586,0.0,0.5319220330242054,0.5978030802729463,0.4111212954141841,0.45315821619779106,0.5650899435622091,0.0,0.39906094691025523,0.5679859932736939,0.3369249210620279,0.5586664731411833,0.3770147381994991,0.5034590053545108,0.5228153894890163,0.3147373988462923,0.44711790837190746,0.564743304056128,0.5467176033662458,0.5117579237633015,0.5510619802745972,0.627284897789555,0.3071724052272431,0.0,0.5176774581406961,0.6239198515897582,0.4935448157465555,0.5132994108588491,0.3873427514415435,0.16922722629187217,0.6812598261382188,0.5248793730186946,0.0,0.523541220621935,0.0,0.5217806613420228,0.32930070340105444,0.540297090560978,0.41712778406715073,0.319843280730407,0.43262023614564316,0.0,0.400666761089506,0.4165191816259929,0.5394169665949449,0.6243778152777709,0.5580359073394119,0.6070259303978476,0.5796824814042973,0.13883382098453667,0.10338593893548881,0.5243001263435627,0.0,0.5509958679125293,0.32206669667841786,0.0,0.0,0.12960228537405508,0.0,0.0,0.5699715341718689,0.4803392474536283,0.0,0.5084966805358503,0.4638588759813648,0.5176059985650721,0.0,0.4661426148879048,0.42934494417881547,0.5850736351757333,0.0,0.5303163587474664,0.4908774197540191,0.45022437051920955,0.0,0.0,0.39820822869812555,0.0,0.5046439729368569,0.18954686690261657,0.4916388703653494,0.5174227791810113,0.3579635627938625,0.6461261413690641,0.3705986197388196,0.38016165837817995,0.48065892836276003,0.6774979509962804,0.5347321160273935,0.2557678538261928,0.5353261788082784,0.48748167210000115,0.45736549377799535,0.5776297867042774,0.0,0.33890076191630486,0.3704648339559007,0.5886928486431927
2017-10-31,0.4648253736534961,0.48789249331346785,0.5085704917358552,0.6608298689724992,0.5124656493538906,0.0,0.16769676323540342,0.0,0.5716341876028046,0.6157760869265793,0.7227149392181623,0.5183583425618363,0.29106787917193516,0.537084738832944,0.6819624636618984,0.37187392157203353,0.27540068360861636,0.0,0.6243371998417299,0.3656508221023682,0.47139653474238724,0.0,0.514096618148848,0.0,0.5575645926318218,0.6232813038907093,0.6990379712611525,0.5378077402226972,0.2754048050233119,0.4842501943013837,0.0,0.5377169705394025,0.43752242978462474,0.4939717431992492,0.7367626397580977,0.10567138440301979,0.4918480182085096,0.6369163823539651,0.5669308626651811,0.592387616893946,0.38379112567054474,0.4707339336774691,0.548700092459917,0.4112377860516608,0.0,0.5192316892952463,0.6147901618302147,0.4481170047817459,0.4713049216392795,0.5587659730308192,0.0,0.42710910320952017,0.5772597614068933,0.36196360754197576,0.5572622338884591,0.36886231689742727,0.5110806035260854,0.5683317121807748,0.3460468557425066,0.46834422934954234,0.5749477659542896,0.5440850374212597,0.5100580134725816,0.5569016308695021,0.6356101645954029,0.30138132285137803,0.0,0.5003801750194126,0.6212343277676893,0.4908577437596182,0.534222044972378,0.4109450019000298,0.2679530321035498,0.6921399473794964,0.5302574656384444,0.0,0.5244456817814402,0.0,0.5277458588127113,0.36976147775871293,0.5457681042907361,0.4095946816772695,0.3119085972734728,0.4360086372596214,0.0,0.39921724924992597,0.4136016748156506,0.5574419731122054,0.628272419909096,0.5649117532657959,0.6279601213397248,0.6016807569457614,0.14246639627038624,0.32677315087678954,0.5083819182092192,0.0,0.5495250971038516,0.3222617084619809,0.0,0.0,0.299529600156312,0.0,0.0,0.6210798986352342,0.4738068174002328,0.0,0.512668355229658,0.46532511483708805,0.5333991307419074,0.0,0.4539793513463224,0.4277931586156163,0.5576408065719157,0.0,0.5378698539047547,0.5289827177250565,0.4801108695614674,0.0,0.24874448730035792,0.38446653931071695,0.0,0.5148704544825854,0.25926694099606157,0.5114263195177349,0.5142426652532444,0.3381983901487139,0.6597064757146778,0.3708777171893243,0.41339018576216957,0.46476415430248486,0.6618696721978173,0.5478628977597354,0.2523643673106673,0.5668775921980402,0.5202524748923256,0.49346895137459784,0.6312696512650227,0.0,0.3929494239412232,0.37108002214846286,0.5674104722527651
2017-11-30,0.5066597922511831,0.5359994137279961,0.5168601010265379,0.6640371825227204,0.5080529449069081,0.0,0.1569163179664254,0.0,0.5691786520814861,0.6218767755289624,0.7187274070304739,0.52451507613011,0.23594535946712972,0.5645018168986092,0.7022694355912259,0.3731238239993801,0.39613904271264766,0.0,0.624425648656693,0.2647414347522418,0.4987619527976186,0.0,0.5369143467094051,0.0,0.5704376308697704,0.6376267344902671,0.7104202219103353,0.5495155684515017,0.27793033411229384,0.46965528866595235,0.0,0.5489438960280274,0.457070638989949,0.5067380258270423,0.743530488616847,0.3002782937950894,0.5359991713424321,0.6383691683255379,0.6476525576458984,0.5876451692682316,0.39952880577818733,0.4701048246323076,0.5768758812971845,0.4320637500750977,0.0,0.5524701706397007,0.6260495290235376,0.41900648061092677,0.4703496580342838,0.5417164160903882,0.0,0.48852035877193034,0.5837426309695085,0.3619181480567908,0.5504928305372571,0.37317014982873187,0.5256601564319539,0.6196933576994708,0.3434964300335281,0.4827955886677969,0.6118996328253977,0.5603659368230967,0.524547993725791,0.5538443299493587,0.6397740981876168,0.29678578491135765,0.0,0.548869615662595,0.6360839404434288,0.5082719381878881,0.5299329789007425,0.42232868395688344,0.3042273870821145,0.7058978893419223,0.5421207038263786,0.0,0.5242800077192714,0.0,0.5306096654084418,0.36786612529158813,0.5651594152972252,0.40629721472468455,0.3287646279005422,0.4192366038635502,0.0,0.40889090205178164,0.35487040841987477,0.5646512544692865,0.6329235253941757,0.5635074420496188,0.6252975698786699,0.595117934694581,0.14627943446753652,0.44719493407626665,0.5199510849482748,0.0,0.5503707294781778,0.3161419570797179,0.0,0.0,0.3485313769734042,0.0,0.0,0.6216306249993856,0.5404991809346607,0.4222099317625265,0.5065310767489298,0.46558746720979216,0.5306395386583256,0.0,0.45402453379916113,0.41545554906260773,0.586063660615331,0.0,0.5658213332552379,0.5125889131678905,0.48014863741054037,0.0,0.2960999611161156,0.3898147958923075,0.0,0.5196338498057232,0.2528954414372069,0.5139037420861768,0.5201187047649793,0.32165256661703046,0.6782290609133317,0.425210390600853,0.39903827758423105,0.5099280108574888,0.6863905137837185,0.542832527484809,0.29345491488496106,0.5660577645489452,0.5372605582360489,0.4946694969358921,0.6273365625036068,0.0,0.39084046493027885,0.3895126541289604,0.6032257351451995
2017-12-31,0.5011347123122855,0.5410029320008898,0.5139389715542543,0.6653253335851048,0.516630837538591,0.0,0.1562344379841157,0.0,0.6037344149299675,0.6263441489692787,0.7228508732537796,0.5393265902884573,0.23707215461024664,0.5756365816451429,0.7079590178141129,0.3761744350352041,0.355256961523066,0.0,0.628342526109619,0.1806945628396719,0.5034258019953592,0.0,0.5271539468810584,0.0,0.6050220086689417,0.6492305169675539,0.7143500365395731,0.5545839545590574,0.28317431204480226,0.4780973827676919,0.0,0.5547781554227262,0.4647343831778117,0.5136866735912214,0.7494268578882332,0.30030152558935425,0.5392821492037896,0.6451068221799585,0.6407362986224915,0.5921456946137725,0.4281970049094358,0.4952761865106023,0.5735732295693479,0.4358784521688349,0.0,0.5546104833467266,0.6431054913261424,0.44418177606897696,0.4822704685720879,0.5489427598947703,0.0,0.49311629828378806,0.588081747646268,0.3635128620554007,0.586363107494486,0.37664774090173775,0.5301926589817734,0.6217186716382261,0.3392411461748746,0.45649931540530614,0.6167564120269434,0.5666020268334825,0.5274595750647554,0.5535472041042009,0.6445488724263887,0.3288757861031962,0.0,0.5550540754705706,0.6707037012972262,0.5167780115097524,0.5334709035491624,0.42772836807337283,0.3350285033843862,0.7092691771016087,0.534590545065664,0.0,0.5268958964481426,0.0,0.5353177504551742,0.3675474407168131,0.5680542548376719,0.40656613687142923,0.2988501153507852,0.42800739166943014,0.0,0.41772661639162817,0.3203518888147059,0.5708117433157218,0.6399142231221586,0.5650534362777401,0.628656913613012,0.6017739866080721,0.15236959763206112,0.4437131552865694,0.5249099808063997,0.0,0.5533222223900314,0.3090036967810512,0.0,0.0,0.34983098013796,0.054010480859662965,0.0,0.6162457972491964,0.5168366674894286,0.39976447528201914,0.5219134452487055,0.46949742209188444,0.5356052427852334,0.0,0.4800380874780766,0.3945388170377055,0.5875555082463985,0.0,0.5657980731349374,0.5171721652288954,0.4816516720406246,0.0,0.2886070263323351,0.39094324196703645,0.0,0.5263125723546211,0.2505214030668299,0.5479679493540769,0.5256753937725744,0.27280760183030783,0.6796351282165249,0.420279592401366,0.4175185762252683,0.5114338956764795,0.6919346140871808,0.5433641731297059,0.29668648791850427,0.5740654801261096,0.5398671957696781,0.5002074428716883,0.632806556286538,0.0,0.39252728824068706,0.3774168329408456,0.6077862274828331
2018-01-31,0.4940650209132389,0.5361729561234985,0.5084101225775244,0.6626586917513151,0.5558016744567075,0.0,0.18963809236849732,0.0,0.594613501117566,0.6041363333253732,0.719781107144634,0.5391449603481026,0.24155573541760858,0.5611723054046065,0.6766112145802762,0.37671307320075487,0.331141200514408,0.0,0.6274293841398524,0.17041889287122836,0.49234081213722886,0.0,0.5242791200038514,0.0,0.5923037800093455,0.6218435046086518,0.7112905981195244,0.5583681252256548,0.28868071575040394,0.5022540901228963,0.0,0.5737471335986869,0.4677480966893079,0.5159761899177033,0.744883903892424,0.2500151014167119,0.5405354330710573,0.6239228495946371,0.6450554297423836,0.6150302061958441,0.4554063854548442,0.4891875294220647,0.5745762356395002,0.4423581379240627,0.0,0.5346071184849742,0.6335354733210117,0.4167633726054541,0.4888512806179542,0.5422440601428019,0.0,0.510543594586893,0.5831732391905801,0.3641443856771635,0.5783320944607997,0.37773597336340614,0.5340416756577949,0.5897523949649759,0.3589653985819051,0.40766014557231284,0.6068992766005245,0.5676553614781973,0.5498783826640548,0.5481274796565597,0.6392793934212848,0.44259729952385957,0.0,0.553047989653696,0.6604910526409387,0.5079599300395699,0.5284174769556433,0.4519564932413074,0.3365977175141822,0.7129293398306166,0.5123539053043786,0.0,0.5215894450498889,0.0,0.5171659585364355,0.3641711412449109,0.5915350198912273,0.403519244595222,0.4487593253171938,0.4445962690157347,0.0,0.4671126740345022,0.34671077645454157,0.5777275302004891,0.6352779712621269,0.5886020122996567,0.6302031523495343,0.5924568753013707,0.15701730993834367,0.4197995248975266,0.5502815035089806,0.0,0.517885613242937,0.24160696449555094,0.0,0.0,0.2577520271998799,0.17524667449005155,0.0,0.605196975647491,0.5239897660386877,0.35767098269198616,0.5156327040024853,0.5139853699751011,0.5354103455710479,0.0,0.46032814032320063,0.34566614541818363,0.5995196657541363,0.0,0.5446651869981306,0.5065384268862826,0.47649720594308087,0.0,0.2774391568754982,0.3897351666064071,0.0,0.5487270075169763,0.24320265706374103,0.5502845607095709,0.5182432487697856,0.25814022538197906,0.6535474029532694,0.4358733733778924,0.39872234583631455,0.5046339938668953,0.7078635236793027,0.5165648433948488,0.32618452400973275,0.5821325951623443,0.5289707117740411,0.48006135350914003,0.6207200464399388,0.0,0.39154575814058945,0.3615036610641544,0.5795179167613747
2018-02-28,0.477653774138625,0.45163535503949537,0.5260896837551179,0.6786981045890259,0.6113756110999264,0.0,0.2145185760097867,0.0,0.6571647680501828,0.5894076611568433,0.7470026938763087,0.5710676316748613,0.24542758819925814,0.5619626979137213,0.7169502355376526,0.3967738206104829,0.31324904416223576,0.0,0.6482562505494811,0.18037079084241778,0.5327433260631339,0.0,0.46172467088015723,0.0,0.6272809168711123,0.5742041265290883,0.7376431134854862,0.5772744241068888,0.3040832000077553,0.4393540870790539,0.0,0.5972911241220514,0.5147500259784151,0.4643442811326968,0.7725597535086727,0.2375539688153561,0.5609786145120474,0.6512718318910055,0.6225169078408086,0.6213371806466335,0.4378366115112335,0.49584550916164544,0.49200825827513395,0.46742782861124316,0.0,0.5641343307512852,0.6286096760783255,0.4469312741785554,0.5231461255111777,0.5836821498555111,0.0,0.5120936482433566,0.5891665211565045,0.4256166136152644,0.6124027155600731,0.3789993890605474,0.5491138388243741,0.6315808751439878,0.3836675474769294,0.4030808980781783,0.5627764609591215,0.4745340435114249,0.5746178787385703,0.5619689244930456,0.6730055013758628,0.48485840938466407,0.0,0.5867062511638045,0.7079992147049935,0.49483871768652843,0.5736009736477562,0.4922165672935522,0.35339747248238756,0.7305551914918884,0.5458825422137459,0.0,0.477638082395121,0.0,0.577177723353245,0.31992260324736443,0.6104799455011531,0.42294355631025415,0.3812552264988457,0.4211720917300348,0.0,0.4977301407417461,0.3683930304569077,0.633576495938059,0.6630330679078583,0.6097803897498502,0.5974627573800663,0.644960173681726,0.1947687186959935,0.410557838372777,0.5720017165151466,0.0,0.46119792626847644,0.2636033835346045,0.0,0.0,0.2615927956037535,0.16206118846429404,0.0,0.5228654895955978,0.5448044383689984,0.3214207247614256,0.5236077321673563,0.5458733486287646,0.5794993649040657,0.0,0.46589800861226355,0.32753331542619146,0.6418564570892175,0.0,0.47450672392870463,0.5561789186151884,0.5010180897491596,0.0,0.25468754503358837,0.36896003472889977,0.0,0.47900847004445685,0.2675824662947905,0.5652448694008891,0.5277338592283642,0.23542114630268726,0.6864406006997008,0.38452796145774903,0.35909919729966605,0.5456180947703251,0.579114811156753,0.5742839860670705,0.3627371440432034,0.545892226630033,0.5006189169540738,0.4790131947000106,0.6728433887990369,0.0,0.4086149669378675,0.38460705411792534,0.5509251006391417
2018-03-31,0.4725977808635396,0.464583090215841,0.5264645914666367,0.670118366438663,0.6159632066950484,0.0,0.24090243648930337,0.0,0.6257014025379495,0.5746976146879669,0.7507948763058129,0.5740243943377211,0.2782034039489409,0.5793440966456331,0.7494987835293345,0.43189562485919186,0.28371271589508623,0.0,0.6496360879305286,0.1808253143369727,0.5526523425230986,0.0,0.4497968812961067,0.0,0.6508259587213272,0.5787518206423033,0.736031932069532,0.5809688966319851,0.3488025279539041,0.47335483859188315,0.0,0.6210026267391847,0.5215142730293374,0.46664641071277535,0.7725512843815548,0.42690898286601164,0.5627124204739707,0.6547813190669237,0.654685808442882,0.6271508794512121,0.44898819593761413,0.4962391648777428,0.5035801175017336,0.4918793894860836,0.0,0.5677465728702114,0.652453426642737,0.44981115690184514,0.5276778601026202,0.548082613330662,0.0,0.5009407866895366,0.5967504634192804,0.3542373131005227,0.6143442706367627,0.40428222802260705,0.5599388940083959,0.6556842404716957,0.42836580338916397,0.3894078528489065,0.5678888787375659,0.46834811275402627,0.5951215955448642,0.557080851476283,0.6709730803738544,0.4514938618553805,0.0,0.5812312543036687,0.7099375009968903,0.4840435822599008,0.6062532369908384,0.5061378254103437,0.37045904062921625,0.724490447218524,0.5550947814308663,0.0,0.4750515298247519,0.0,0.5723377058191063,0.33019752640283895,0.6170791047995435,0.4138578694444683,0.45811569931584606,0.43193012080614135,0.0,0.5419751344141843,0.4386724459607455,0.6402393821328309,0.6554914604807115,0.6023094387016344,0.565221684253976,0.6502023808124385,0.20874350696281851,0.3740963883772846,0.5776001316463266,0.0,0.43101732352809535,0.21709416405447862,0.0,0.0,0.2731710769688658,0.16289322323237174,0.0,0.5418107167144401,0.5612919158327397,0.30973869379272967,0.5551057561700357,0.5858130216995335,0.6289561176463475,0.0,0.5269504258347883,0.2793001424568126,0.6332593609230714,0.0,0.4535848016599929,0.5600629269301792,0.5252522874421366,0.0,0.2396927822027339,0.37482944450483435,0.0,0.49061601033634555,0.26903076005091353,0.5661299608082835,0.53474851592927,0.2261082250454161,0.6883233996623978,0.38348524558405606,0.34780018782101535,0.5266147996057292,0.5752591595851015,0.596874968866085,0.3920974397373385,0.5597944110543677,0.5045899377452744,0.49002329762148145,0.6758648048299802,0.0,0.4107729391912008,0.4084989848695099,0.5596725268626888
2018-04-30,0.4678232338958945,0.4645081650935972,0.5245107321652371,0.6691267226900065,0.6169936855986438,0.0,0.25399431531832817,0.0,0.6248784865351382,0.5770287499173297,0.7532774462217718,0.5943886823937438,0.2710983274348299,0.5774339984266796,0.7503022834686067,0.4288548578768133,0.1788054880477473,0.0,0.6659278547242341,0.18197531638200382,0.555444140373664,0.0,0.44141893176318175,0.0,0.6522258953772297,0.5764660114945411,0.7367276209802458,0.5827389856229382,0.35918701592517155,0.4726453120596469,0.0,0.6206154060516749,0.5238263199680381,0.46319232861404636,0.7701512223285815,0.40239137949849174,0.5642064119324647,0.6555178352954856,0.6492085239892982,0.6229450529363489,0.44429688580820875,0.49280494580975487,0.5019089161712366,0.49817779114177263,0.0,0.5625432035744895,0.6591734561630631,0.4488629374650081,0.5286974012425792,0.5466992154240948,0.0,0.4985079492105326,0.599366277764891,0.36796241335027124,0.6152481224491252,0.4072279101894809,0.5599056335543499,0.6559878559542305,0.42968389761916287,0.3809582168378286,0.5696007947529462,0.4633659092838023,0.5886344543832767,0.5492233425111359,0.6724302403746055,0.42885085304173054,0.0,0.5816501245333014,0.7087797122037702,0.48358181660776617,0.6065001296333908,0.501527044173915,0.38902471960246565,0.7254931324565558,0.5530070134760217,0.0,0.47015480527476144,0.0,0.5634142274669361,0.3279375128834421,0.6165901134433673,0.39787015426286093,0.42212868017842803,0.4333676997744603,0.0,0.5383690641848617,0.43063777506674916,0.6430034338419205,0.6747262804665727,0.5998983606875197,0.5617323968546508,0.6532380216310208,0.21714126431659395,0.3350478328932419,0.5786870844169393,0.0,0.49012166314359523,0.19322212271270187,0.0,0.0,0.27330278314669054,0.1411162579906282,0.0,0.5305669378666481,0.5576923219567668,0.28184834164811257,0.5442712871570972,0.5852447440297384,0.6279616075598289,0.0,0.5182534640024367,0.25783078684066896,0.6317232218207202,0.0,0.48393215372967385,0.5615485752111321,0.5201993269972813,0.0,0.18457387992619856,0.3730301058240408,0.0,0.48619862733980707,0.2680671747825572,0.5655797853302444,0.5350343555293621,0.23737979420583402,0.6882831500750146,0.459837379689422,0.4110949031981502,0.5301625387877079,0.568461232026287,0.5977056668310078,0.3972449985926924,0.5569228889628617,0.49883115025655805,0.49122556546448565,0.6764037049114194,0.0,0.410426369957823,0.4010305770676531,0.564988885368867
2018-05-31,0.4284390438513209,0.4624132875014802,0.5165326108834122,0.6844652105620825,0.6108486816966261,0.0,0.2956357702138609,0.0,0.6128276631612933,0.5643477844960573,0.7527489011162611,0.5931865351067822,0.23520398939387216,0.596231677684412,0.7595959257063211,0.4714157476754376,0.17575472711078058,0.0,0.6555286349251607,0.28987925436852857,0.5431446005286452,0.0,0.4718116189879825,0.0,0.6325151878689527,0.600585846200228,0.733424784196509,0.5970288212802328,0.31145334945601605,0.5112724797911357,0.0,0.6386412479539813,0.5192454070236362,0.47309764854072694,0.7654070465088465,0.3825783522025793,0.5721551776047601,0.6531026951576792,0.621823840964701,0.6419469037448432,0.4690865538534328,0.5380355115026064,0.4629783371551663,0.5176355436862484,0.0,0.569882487595055,0.6773479328597212,0.48414441134191427,0.5534941529899847,0.5390230749549606,0.0,0.5122259553122682,0.5735954180470164,0.4646915475431955,0.6116529895725024,0.4075443969996765,0.5518378578617475,0.6461736095715089,0.4409802019158,0.36786550378891103,0.5852710905211131,0.4468175179197015,0.6259661765487143,0.5813187971608232,0.6685585716066417,0.4128576217652638,0.0,0.6111780426928018,0.7022799136482797,0.4762374035045498,0.5767099993038186,0.4876561601764683,0.40779655951950694,0.7222599340146478,0.5551707302431567,0.0,0.46366102456318753,0.0,0.6076539581900245,0.3131005372092784,0.6185337919119771,0.41250114230531715,0.3410511220810399,0.45319968126206367,0.0,0.5749207534867776,0.4274749156821782,0.6192777890799933,0.7189088219334866,0.5878541680941757,0.5906362508510081,0.6505765501301211,0.21792623073650635,0.30320582139761687,0.5988452984817578,0.0,0.49947455417274594,0.20837032164414634,0.0,0.16971507250519952,0.36843493636432645,0.13673595257998075,0.0,0.5161836842056522,0.5499092646831075,0.22623952962762447,0.5332013230559406,0.5842896573034535,0.6231479397135764,0.0,0.5276856721424098,0.22206051017467615,0.6521245650028483,0.0,0.5484558540346556,0.5563742072225001,0.5051013660160022,0.0,0.28186925076585256,0.3804804731517371,0.0,0.4786172712888513,0.40391057842987593,0.5604059653168887,0.5449016925062067,0.299942321424048,0.7060086640941994,0.4543256358670418,0.45319247113041033,0.5355050538445679,0.5591309998543104,0.6244615641973259,0.43760040764446045,0.553050119331072,0.5016849368052523,0.5083530943433382,0.6700153868638523,0.0,0.3775494595709326,0.47870851905403106,0.593304765592097
2018-06-30,0.43717546833909765,0.4561344694440738,0.5170890210773076,0.6170662664216171,0.6086307636792547,0.0,0.304307319564132,0.0,0.6183865051317988,0.5843943469562316,0.7445812632726195,0.606673173811793,0.20308720337460978,0.6091143632061248,0.7614569540212491,0.48445366765469833,0.17608450137859086,0.0,0.6587140474004682,0.2560636746321753,0.5592429203865039,0.0,0.4603915138665763,0.0,0.6730758215757457,0.6047189877249671,0.7437733515813536,0.5989015881296448,0.3204494979316017,0.531430577453925,0.0,0.6406117270079033,0.5528772517263554,0.4688545785000477,0.7382474073216578,0.36259066411567364,0.5535988287981013,0.653248371389742,0.6098017254214201,0.6302189086084257,0.46705395841418135,0.5144209385745749,0.45658220005307887,0.4974683187674998,0.0,0.5697865793775955,0.6761678877366467,0.46668215438528415,0.5741373391474651,0.5402594760517476,0.0,0.5467620280351535,0.5892439817129114,0.38942608002840684,0.6107926994811707,0.39599603927957805,0.568932844350941,0.637623507862125,0.44456993533614425,0.3602085253409702,0.590887420950096,0.4515713151038757,0.6225515836878768,0.5796798493886556,0.6685734756306858,0.4213202050953874,0.0,0.6151312352480297,0.7048295130350155,0.4640180380421658,0.5018647208926225,0.5345003743335667,0.4317508931337405,0.7457511370915422,0.5633653181612186,0.0,0.5479107970849101,0.0,0.6495275871410556,0.2813266811234202,0.610347682335804,0.37204910462944407,0.39558909517042445,0.3725809135319032,0.0,0.5674119218719234,0.3367869529975799,0.6145082954364732,0.7428878935362576,0.6385472219556552,0.5952546940125336,0.6561972489969347,0.2273595380381654,0.38737030764144914,0.6089822747296965,0.0,0.5187063473124109,0.18374684991609794,0.0,0.2350379448020116,0.36810145295790014,0.13999940421675544,0.0,0.4757387007055749,0.564135304078148,0.20232436325240644,0.5472977763711846,0.5807881979710278,0.6264567227800483,0.0,0.4791498975455444,0.31647422022504906,0.6383446888157606,0.0,0.5427099955846083,0.5603737895296905,0.49550894259702216,0.0,0.24734412889241233,0.382244449347503,0.19551549500953933,0.47385369234894054,0.42719118355183794,0.566590964234023,0.5195741907541641,0.2751030807994471,0.684397721912174,0.45027167139008656,0.47136452048733585,0.5369585700661831,0.5452407905961856,0.5993235297249163,0.4587768783111878,0.5319614749768887,0.4874416648161941,0.5130712111837498,0.6736010608348046,0.0,0.3719633122491269,0.4650242851115537,0.5907335424239442
2018-07-31,0.4694252043105684,0.4641504870949856,0.5091003571159322,0.6359550155067455,0.6310806281796296,0.0,0.32410652216801,0.0,0.6183269356711774,0.6002783741062823,0.7292210895989378,0.5976209647101719,0.1860475340647049,0.6132692674841782,0.7566818530922175,0.48789126028264473,0.17417490636449987,0.0,0.672582064207298,0.31664245109253025,0.5515538282688855,0.0,0.4981123235088789,0.0,0.6707628713195487,0.6121723465494388,0.7424083498558502,0.5998538628004958,0.3262708195018792,0.5255183853193234,0.0,0.6319327909193,0.5470965275327284,0.4659024470336582,0.7269050363331777,0.3438622657307692,0.5780641393713197,0.6486647461565885,0.6240664243914338,0.64958605929024,0.5275588444370062,0.5405535529914487,0.4644405468687261,0.5081653173764548,0.0,0.5737801932090929,0.6893674603444833,0.4465884592456783,0.5664746425582065,0.5191720144402464,0.0,0.5459538298274613,0.5979217460582932,0.42737599545072325,0.6037518961723249,0.36994872186975253,0.5640938462726983,0.6216127363747739,0.4549849106965601,0.3482266081532551,0.5858846781727458,0.43473599868339696,0.6388760296025463,0.609213043970926,0.6616556276939248,0.3799597182537316,0.0,0.5966674228084166,0.6961542461246988,0.46019895371381436,0.4894698025515749,0.526232142570132,0.43435129887729884,0.7410219230089923,0.565093415628732,0.0,0.5378773177761419,0.0,0.6458339541281667,0.28448941970399655,0.6119247689095498,0.3588301394424014,0.3518871813384501,0.3788150324230251,0.0,0.6104810461044514,0.3061368353771369,0.5859695308088444,0.7329197933116803,0.6246038532940947,0.6044201855010635,0.647469563617857,0.22667669395476978,0.43945320338089056,0.6053878706074753,0.0,0.5296961033981092,0.16625721191904053,0.0,0.2279940552853136,0.35438460884194267,0.1430535763638422,0.0,0.48934457553930943,0.586798063292407,0.2231451881948936,0.5759650250274172,0.5933647160264801,0.6328329537306839,0.0,0.4798457180029724,0.28895112513183197,0.6283378089294327,0.0,0.5377211846973654,0.5517505126290072,0.503101136059167,0.0,0.22154525795290578,0.3790302374907447,0.23520937698800834,0.48569442556746034,0.4316767757435018,0.5616780928393474,0.5394169257838608,0.26458820605410577,0.6703334645061352,0.4364749548965904,0.5011320732871908,0.5248447060241751,0.554769623449335,0.6106353120197272,0.48472064159638284,0.5164695115843376,0.49441147991078127,0.5006175812547253,0.6924437422989626,0.0,0.37501275003864404,0.4829309642861453,0.5941647945341645
2018-08-31,0.4797562692418503,0.4815525530568326,0.5345219520327231,0.6432728395501526,0.6403553719372065,0.0,0.323433549711317,0.0,0.6220469397233745,0.6267573124594255,0.7329841859675261,0.6185517111560034,0.2590048835997492,0.5976487168576375,0.7594273341176201,0.5035845245338799,0.25068673590620094,0.0,0.6736082631300451,0.29525814621669455,0.5503254872334613,0.407446276298183,0.484277597667432,0.0,0.6722089910612038,0.6077417499239125,0.7446294298500045,0.586493916534143,0.2966922352457988,0.5251419814433138,0.0,0.6330847810337557,0.558205544015599,0.46668019285975576,0.7272803928232218,0.31127084317686965,0.5662077125585339,0.6523269234541651,0.5781012397604872,0.6488692116505581,0.5456355446325629,0.5360558783232278,0.497087030442258,0.533582081185276,0.0,0.5581927508830475,0.691007801195044,0.4882966761022552,0.5679371553942753,0.5186309066710235,0.0,0.54228545271174,0.5997863233693813,0.46431758578670196,0.6066297769577143,0.38972758912707745,0.5700789770405312,0.6172833894068126,0.4708226181485937,0.341068031671036,0.6025649520500475,0.43655752510775153,0.6120331053960593,0.6074052522277403,0.6639719327227993,0.3755821065351052,0.0,0.6129311498641237,0.6980665202826952,0.4936716021293259,0.4927380896822535,0.5306501161750999,0.4480287774298726,0.7425399575510384,0.5554216474649392,0.0,0.4553968625764073,0.1007692273693955,0.6495291622724897,0.29411539626273014,0.6127715316427564,0.3561800680415574,0.367155212513297,0.3840614922782825,0.0,0.6160185439459481,0.31741637495122926,0.5897042111920959,0.7166356976196007,0.6228536261559158,0.630682458800206,0.6225594230328227,0.23468129002730886,0.4302756684921915,0.595547210698438,0.0,0.5300044617006822,0.17654292783370187,0.0,0.23492946915430477,0.3425356723859183,0.14924229006682552,0.0,0.5260652026162598,0.5768150954178228,0.20478148019218342,0.5595332396260903,0.5951244497313761,0.6408169157057225,0.0,0.4905395667784532,0.3342274017839894,0.661422615687198,0.0,0.580574200139383,0.5546255856040635,0.49046264723529487,0.0,0.29712797416104586,0.3803991715747424,0.17664047428905574,0.5135409382124169,0.44578887802020617,0.5574568267316236,0.5494771932222968,0.302502273743828,0.6717761529451732,0.47756174355790065,0.5130282658584764,0.5305062954982067,0.5724587543588493,0.6301952240731269,0.5002504406413737,0.5128654072611916,0.5113044845092604,0.5358099381930215,0.6949182088280904,0.0,0.3779758182822974,0.47158234939849575,0.5812352929708009
2018-09-30,0.4789643675921185,0.4906710774632693,0.536087545196635,0.6462196464376748,0.647264147007038,0.0,0.34290104598625204,0.0,0.6334314506863997,0.6353519534343899,0.7386898938097741,0.6219168366045011,0.24020449314892903,0.6043221179602687,0.7688107932135575,0.5098365906888508,0.22903965122015746,0.0,0.6714802873038341,0.3664759508424822,0.5521043730652855,0.41982059040248665,0.49719297459214745,0.0,0.6778175582155201,0.5359742656045381,0.7513311448873008,0.5918224075323562,0.30507449573593237,0.5310881277792233,0.0,0.6387584663849157,0.5597897182515378,0.479528036936156,0.729204755688046,0.298520625428338,0.5712356450929856,0.6246481116089126,0.5853464424153562,0.6506805748025075,0.548710736238243,0.5207474591553588,0.47993803668659474,0.5458356860901505,0.0,0.5862068066698496,0.6857974821801798,0.5070883595533288,0.5761444713411823,0.5223761372554242,0.0,0.5481970602092135,0.6083655875719839,0.47579522301256294,0.6129999430511024,0.3965761941291709,0.5756235379354675,0.5982412307656524,0.47414863778903427,0.3521761356869733,0.6116342362241987,0.44765511854951956,0.6188688921216903,0.619484243323222,0.6699697634371353,0.3586894936893582,0.0,0.6200975107047048,0.7040229375767385,0.5033754196821507,0.5174972043204846,0.5432404101529558,0.4570962785311145,0.7505459829405303,0.5624482826164794,0.0,0.4586358493169567,0.24173297242831168,0.648166742847457,0.2942281839473011,0.6188355840019857,0.3725206677851171,0.3472843216114005,0.3809161822019569,0.0,0.61727931331573,0.32356918480089436,0.6011616851165057,0.7213564121569752,0.626823085083705,0.6401718638184352,0.6280077926883235,0.24590772342002726,0.4079889799784697,0.6008566296365503,0.0,0.5414352652274763,0.19181180016650848,0.0,0.22882934910098482,0.3366151281138163,0.16242789346634076,0.0,0.5247709145242193,0.5779503187872611,0.21590081547702977,0.5990649666641535,0.6007887030922421,0.6468022289115238,0.0,0.4998760669385283,0.32568514465136617,0.6652891535278983,0.0,0.5919062386941427,0.562198006620554,0.5285059951665767,0.0,0.271893849896991,0.39459865438879765,0.2142105703662314,0.5143669711659733,0.4620394468550853,0.558449838000756,0.5567960360854376,0.33088956464989133,0.6784733984353611,0.4966120636470485,0.5086687270305286,0.5450392541919923,0.5742758880333964,0.6574404977049515,0.5100377319141544,0.5193498230026805,0.5189033128625573,0.5463621411407553,0.7025744022148395,0.0,0.389419523737586,0.4782584358398155,0.6197806929238718
2018-10-31,0.5220264239335549,0.5070276465669326,0.5492378833904391,0.6660602726696805,0.6328355038819771,0.0,0.39284981254138956,0.0,0.6541196921259846,0.6242026964311228,0.7469077262270336,0.6382911854717259,0.2649491504561896,0.6142868260803261,0.7757792766529982,0.5176382373871389,0.2073446363799365,0.0,0.6894897224767721,0.43610334275887086,0.5643836373014405,0.4243637999201681,0.5303460038259797,0.0,0.6865802900775632,0.5700869747934112,0.7579247061106741,0.6338257969839206,0.32079761250326044,0.5584944237409755,0.0,0.6658109028164444,0.5688943756463278,0.5116350090670245,0.7402294552389851,0.29138451609437693,0.5831054178261399,0.6377035557113243,0.5973818706342305,0.65972624673385,0.5799896146409999,0.5113261732374638,0.5089884725940235,0.5634040376532314,0.0,0.5969128530954911,0.7016892392598449,0.5275422219301296,0.5953978391055152,0.5293238529864438,0.0,0.5341954016569149,0.6331359626385574,0.5130947712363066,0.6244840193162792,0.4118958072965719,0.5895032200842268,0.6027645184680751,0.48712366457712253,0.35506094387679243,0.6380642652314957,0.488050601927006,0.6299823600848599,0.6304983469306522,0.679889290417359,0.3806893072055144,0.0,0.6315170468095974,0.7124255560687294,0.5522083184257791,0.5461481323284262,0.5671132511319725,0.46092621586010407,0.7572713546142497,0.5711891698844632,0.0,0.5527199672001646,0.25159979930984344,0.6614458360299125,0.3181796852356125,0.6282766108779685,0.3916052982468736,0.32501605436045283,0.4087255829789084,0.0,0.6283742387923791,0.34157598013369295,0.6294031757459311,0.7352722100570767,0.6469640508380364,0.6649225807479483,0.6366948371800912,0.2750488619881844,0.44197401234340844,0.6140668076058627,0.0,0.5525489759746123,0.22394947751279565,0.0,0.2279715534961828,0.38718815216771946,0.23827866257283697,0.0,0.5627116845995652,0.5771495064369512,0.20845058875082187,0.6021069041837899,0.6168256449705701,0.6660275369183866,0.0,0.5068558049082659,0.33024500591246264,0.6760983237093234,0.33094616779579694,0.6240400660526396,0.5746152943542001,0.5590804318514504,0.0,0.3930655570968382,0.4245409178784728,0.18997519911311753,0.5278199508479525,0.4898907504881883,0.5488104567601356,0.5713390995177958,0.3488450212023603,0.6938716463185742,0.5388418274962624,0.5523439040854935,0.5659200710578646,0.6053928451633965,0.675731293870396,0.5275314547482374,0.46018872455015003,0.5509548515025001,0.5630415114334246,0.7148233773583346,0.0,0.4199065936954433,0.4907004892715024,0.646128594698233
2018-11-30,0.5163168838436853,0.5065122511963235,0.5423622474297752,0.663531768846746,0.5691445149369512,0.0,0.4038147450339799,0.0,0.6524239660539528,0.5618940126568525,0.7471691927563288,0.6373115608149462,0.2544175512941964,0.547421476550329,0.7746826653298756,0.5152979037524346,0.1928315829912378,0.0,0.6896844684539974,0.4367946610951715,0.5578613524621499,0.29437763664708105,0.5175808995021494,0.0,0.623550951885053,0.5688763978637988,0.7569297007351253,0.6338341286078976,0.3258683891028228,0.5540252979321151,0.0,0.6635123124256997,0.5654599289628334,0.4470941311417263,0.73723584572836,0.2757108755353546,0.5199405958069677,0.5746922492505663,0.5925725198472926,0.6545431996007467,0.5795201966832705,0.5073625096844838,0.5064266960848789,0.5643837258038473,0.0,0.5340481758163181,0.7009928610023087,0.5246026702186649,0.5313957167706462,0.46111697860760276,0.0,0.5308885430889158,0.6321119012769506,0.5078860614909887,0.6248417914415358,0.4097322376878646,0.5257226283678483,0.5931727938282553,0.48354948126474445,0.3500740443901103,0.5743688233788377,0.4855151083793277,0.6275021118054276,0.6241104381488728,0.677112595154695,0.37239793418411415,0.0,0.5683052281448098,0.7095440584802681,0.4885502506221532,0.5421105718864944,0.5698019175856078,0.46534663546879257,0.7567191986315284,0.5067410264635037,0.0,0.4872679288041537,0.17695487398646817,0.6618158693427381,0.32350097071118245,0.6249023893808019,0.38673428162772144,0.3049548536228392,0.4012189777459991,0.0,0.6218083021353177,0.3288232207609541,0.6275241074338921,0.7338044488415347,0.6383712304539209,0.6624423922957933,0.5714521294777348,0.41986428249751656,0.4329561627510797,0.5503150957485562,0.0,0.5504969542444511,0.2183862546475988,0.0,0.22770924828370062,0.37286164736579647,0.2856944093959802,0.0,0.5510991260924608,0.5716391975367471,0.2008449538713015,0.5950710131265434,0.551598492109365,0.6634995393027767,0.0,0.49800140144829746,0.30996878533143196,0.6726659535889301,0.3311056222776479,0.6198237385612511,0.5746288433603698,0.5562538781959325,0.0,0.4067981329104933,0.4244023789596888,0.18858098324841038,0.522851680432967,0.49333139967188006,0.48544605197875434,0.5692853551509138,0.3450836354726714,0.6906278703442422,0.5510334564553699,0.5522133399140153,0.5045715539484359,0.6050654899710598,0.6767468606300594,0.5286495742798679,0.3942523197563806,0.5453726038248973,0.5006488413886307,0.7126473343594268,0.0,0.4183673722766221,0.4865473675606938,0.5829614431818664
2018-12-31,0.5006410451882555,0.5010121318971643,0.5236111957024364,0.6532996570095657,0.6255465869911682,0.0,0.41594787634658914,0.0,0.6375673046265365,0.6172680284149111,0.7433700368680286,0.6278004627708267,0.3006125653727232,0.5978446196694372,0.7693267770302477,0.5075141648687336,0.1180926403596057,0.0,0.6819537671685282,0.4237682799749922,0.5394910357940568,0.28474488360807587,0.4969035621194555,0.0,0.681012893395869,0.5452525452036003,0.7522026385443648,0.6263250939327578,0.3826510584741217,0.5372935382088484,0.0,0.6510526209510058,0.5541727060873997,0.4947085068380289,0.732282475254326,0.254840269866453,0.5746421917957047,0.6291523968581172,0.5762616295644317,0.6415331286776774,0.5694727806620847,0.5195362348320145,0.49874657212871554,0.5551037909143682,0.0,0.5929690687427248,0.7027162492201732,0.5073446998786523,0.5832533429259706,0.5115504756672927,0.0,0.5380766295820473,0.6152126499265561,0.4986104726500025,0.618263668463136,0.4018585772571422,0.5783084942758646,0.5702317550632319,0.47004474610688113,0.34164278570836637,0.6239943274149693,0.4552808089884226,0.6343998519593439,0.6032008822088689,0.6678450941693312,0.35680925081515213,0.0,0.6255904023878679,0.7012452751258741,0.5372616915910593,0.5181758202209487,0.5582711494670985,0.4863003423943141,0.7524880936218459,0.561355620298758,0.0,0.4646127474982904,0.1282425734109891,0.6540753507603182,0.325311017637549,0.61389876932838,0.4284588091635356,0.29040308496083445,0.3885267448945111,0.0,0.6034745935455543,0.3118431926681251,0.6067826472632835,0.7262097135149593,0.6119566504447039,0.6516080915330544,0.6254226594532859,0.403593447744173,0.4149568474776595,0.6031890058107879,0.0,0.5407700326098904,0.2067854529827328,0.0,0.22494461951129932,0.35065245767072517,0.2772835806775546,0.0,0.5325500341246945,0.5584122116316118,0.19117137501478754,0.5801857231794834,0.6001473199797043,0.6525231850315723,0.0,0.4787858208551053,0.3000988064601252,0.6611776583445117,0.31639694639935845,0.5992476747728516,0.5672043197059256,0.5419215909693818,0.0,0.37819511748211887,0.4151672162404283,0.19018682340699056,0.5071145479469166,0.4819251450294548,0.5400224375856122,0.5572631935110844,0.32564147224639417,0.6757465407088432,0.5327590915087762,0.533300199763667,0.5560507919602755,0.5918212125339153,0.6676212251225763,0.5197230740014811,0.43247832009360754,0.5328920766188902,0.5559590819978795,0.702548200937067,0.0,0.4090627712767314,0.47190706865647186,0.6043055582982724
2019-01-31,0.49151488933940835,0.4994164904301303,0.5142533431614219,0.6488891615391004,0.6236976511651726,0.0,0.4332260446188013,0.0,0.6300601821171268,0.6164398062458516,0.7425376637354817,0.623853897158308,0.2901040631225636,0.6011035432844382,0.7668829360552977,0.505113157451828,0.11025749725261857,0.0,0.6781008437685437,0.4149708283755697,0.5293537982374676,0.28585930518430336,0.4859897230491591,0.0,0.6799480578096523,0.5364822265446568,0.7503838395210927,0.6256335300532604,0.33826591681519647,0.5420599037592858,0.0,0.6563701123119093,0.5484375493154289,0.5117989242666502,0.7291929192826143,0.23839840277461913,0.5732109659892399,0.6269573708709242,0.5645662863069832,0.6499390560639309,0.5649713139752388,0.5108613705048642,0.4955323886221331,0.5510489713284599,0.0,0.5930826672620229,0.7070729232959151,0.5003802728961527,0.5796571615437028,0.5041993279969864,0.0,0.5327597087721406,0.610767525869788,0.4935286405571552,0.6153423516733326,0.39957278395269613,0.575931941705984,0.5551632343303884,0.4644929914779062,0.33926689028738394,0.6136354214517867,0.44441675534409214,0.6291825785589817,0.5933900812039868,0.6632666940393137,0.3433348014215064,0.0,0.631124752110371,0.6969027507042389,0.5485326059118455,0.5073579407258545,0.5564659596485964,0.48569442429068516,0.7514963153031609,0.5647429942461764,0.0,0.46164650957007924,0.10457493045970548,0.6610972552964361,0.3304289226532998,0.6182271392919281,0.4180088800761635,0.2837407090779359,0.3981382069881937,0.0,0.5914223034213779,0.3048277624678225,0.5972598054009837,0.7233042002730824,0.5976863529971821,0.6459949125818784,0.6208560764907198,0.4248017081379053,0.39979576014050144,0.6078700562287649,0.0,0.5378780898227542,0.2004717014990487,0.0,0.22234345065156347,0.34037833058014566,0.2769628660614712,0.0,0.519492621049822,0.5512798839690524,0.18567263261814604,0.5837065230434664,0.594840989365686,0.6478331299360242,0.0,0.4695262688663981,0.31814281634284813,0.6368781018736832,0.27531789484532554,0.5776446555279857,0.5630612244577315,0.5322586622169649,0.0,0.34729736239913345,0.4131498690380909,0.19522107686797016,0.5014265564139527,0.5326963058004397,0.5438154626897673,0.5509778627676839,0.3178698567622139,0.6678178944840801,0.5307573676460556,0.5395883245068204,0.5532793629861845,0.5879270601315926,0.6615759612645938,0.5172307617506844,0.4245337004009588,0.5264360852164772,0.554709961970208,0.6967593384627089,0.0,0.40803111724467594,0.524001730970725,0.6026910864938724
2019-02-28,0.5054460358261252,0.49921721389741314,0.508216077750071,0.6677472950564559,0.6388579183808731,0.0,0.45432114840351134,0.0,0.6263444612137198,0.6171567250723969,0.7175095299053222,0.6218030228455648,0.2558914806781455,0.6366180011486364,0.769915136637431,0.5007545258915933,0.10567158488663853,0.0,0.6541966361556427,0.40674227324506584,0.5228425836192332,0.29801986192370794,0.4757782058176237,0.0,0.6649206618274485,0.5137230473115818,0.7496070285785105,0.6325799693254878,0.3549209335241405,0.5506066307332419,0.0,0.6677726721154117,0.5454208410046695,0.5123989581074418,0.7270984305626579,0.2636614087863735,0.6149495802141689,0.6149103928817908,0.657654357629043,0.6531628648467447,0.5839702488168602,0.5242784185640789,0.4938382192126791,0.5702338674931912,0.0,0.6037271875683154,0.7172188719605584,0.5174750681746467,0.5783088912873247,0.49967607097499456,0.0,0.5533183347449667,0.6093669323686561,0.490287802164357,0.6141260498733396,0.4036733967119822,0.57951971733175,0.545010693654252,0.4942554923510557,0.33924560404936205,0.5304560808232786,0.4212461402380302,0.650906568705202,0.6895356907424245,0.6608030366585601,0.3310449892033089,0.0,0.6470540396777462,0.6945824015298238,0.5640205231224588,0.5403813100501249,0.5571426804930597,0.5044973890400195,0.7506715173218842,0.6058311209354946,0.0,0.47067606253933875,0.18109659340161915,0.6581754186762226,0.3386067505409915,0.6382502608348656,0.4012829292989726,0.28506429097900066,0.3928835375538897,0.0,0.5835260736610425,0.31695770364120573,0.6181969600643125,0.7376327517026154,0.6189179694552407,0.6418172789686946,0.6184853968422726,0.5777774570790852,0.3881907522382152,0.6333680898894835,0.0,0.532177118933992,0.216105123145987,0.0,0.22158267911449947,0.2603807509564427,0.33574749059967257,0.0,0.5143133404600403,0.6120131904615993,0.16525970950433325,0.6192733856927233,0.5884093344508922,0.6519037268389072,0.0,0.4631578105819904,0.33556561315485,0.6774867326871011,0.3376627961054835,0.5975158582740911,0.5340085403607054,0.5787271061000657,0.0,0.38506434269850065,0.4093624550617411,0.21072111795966705,0.4728199362405415,0.5353012319675718,0.585725246056174,0.5378602202278085,0.2687386461822582,0.6405710602318732,0.5518341337845329,0.5736473447679807,0.5772097489892641,0.5783210049385635,0.6570964707326888,0.520621451192693,0.42064760259707634,0.5222497748344834,0.5249774455131232,0.6836732837055652,0.0,0.4090385732854489,0.5533673074261115,0.6353437912287866
2019-03-31,0.5063705037813008,0.4976703361409528,0.5014958036254598,0.6734372075101434,0.6374564579069031,0.0,0.4992917162551198,0.0,0.6190853815639389,0.5975596935690346,0.7163556110883076,0.629306336694667,0.29843308782124,0.6511793402586022,0.7678696192718812,0.526704429787698,0.1702032166970512,0.0,0.6522413042289854,0.3956813992409021,0.5155023646327191,0.34860989400483555,0.528137697105723,0.2793858131864867,0.6625710909251357,0.5075333139543371,0.7477258892674333,0.6193513566862474,0.3346703837872587,0.6152868134124709,0.0,0.6645767394304837,0.5417556637427889,0.5110334087791372,0.7389294768999333,0.28138909281580465,0.6140942069238358,0.6215874834339578,0.6562611352540897,0.6707137609761182,0.6064556218702567,0.48096627814919224,0.5230622702576236,0.5613250558971324,0.0,0.5943649359522732,0.727807067997356,0.5258508431130836,0.5753643824178003,0.492984880191422,0.0,0.5503284590521131,0.6396031942562881,0.4866643231883044,0.6109502060441576,0.3939153412564747,0.5795020056368625,0.5327511217782488,0.5176130516961464,0.33988128997977846,0.5155114161700828,0.43493171151217863,0.645264357485757,0.7267241228384015,0.6563223966768772,0.36189784227641325,0.0,0.6425121187393217,0.6899311011647254,0.5610511712794649,0.5308764266060142,0.5304255123864978,0.5057621882773337,0.7483679543732488,0.6093833657126971,0.0,0.48120766276665466,0.19563046024372158,0.6600931354481233,0.35231767643543377,0.6392756491593128,0.41975578191061885,0.3785519038071975,0.40913101356948445,0.0,0.6074804603785422,0.3156353668783646,0.6238782966029608,0.7134513522145143,0.643410943185089,0.6439286594845989,0.6138361735535929,0.5949881732375515,0.43929790041838346,0.6205934836600733,0.0,0.5951912479110545,0.24731921352910605,0.0,0.21724355358594924,0.307883624959786,0.33181279618100706,0.0,0.5536069940152508,0.6360086737343825,0.2279971244989369,0.6331569304855057,0.5961720174000397,0.6741615899420134,0.0,0.4573915512974799,0.37354548785991626,0.6861878107523178,0.2756891351375431,0.6022461634337293,0.5268658703181339,0.5968758162785717,0.0,0.3775531266089961,0.4394317594063792,0.27357532979282545,0.549864002448491,0.5352326059628589,0.5485365878536606,0.5273655431070119,0.3314997152427136,0.6274457936167701,0.542755193338956,0.6253158905060348,0.5885133177822962,0.5882098916611775,0.6633552261856451,0.5233178196560718,0.4194518225763915,0.5326167326065288,0.5311030674634445,0.6791251348386511,0.0,0.4091998091621265,0.6276488322668734,0.643795096783837
2019-04-30,0.5540341042545494,0.4976500700689815,0.4328599948835994,0.6867592847994914,0.6098981923496194,0.0,0.5268829045347725,0.0,0.612823279725887,0.6378762167262619,0.6949019276272227,0.6484460179503475,0.3067950981131617,0.6458691585008929,0.7366043758941538,0.5406462186946991,0.16000519335848276,0.0,0.6517705492535892,0.4020150715368287,0.5335645216749775,0.44260120717344165,0.5447969116289718,0.38741919876442493,0.633775982763072,0.5029499011532763,0.7533496473232412,0.6475995397435597,0.3770812065693866,0.6087213170128131,0.0,0.6823842156775264,0.4960225516548733,0.5136405367814602,0.7535746203285676,0.2991022111876118,0.6170739622038481,0.6306757903507062,0.6508594873448287,0.6816937018632313,0.6167003669691237,0.4824040398496035,0.5388671683210194,0.5793196479584751,0.0,0.6334029739444377,0.7300426423429172,0.5219383839433056,0.5808247499245156,0.5200860040957327,0.0,0.5615848083746218,0.6375816572307107,0.5013185878913426,0.5816031873231687,0.39444488085235635,0.6193680965109507,0.5729479602796086,0.5300379167612701,0.3417954300878424,0.5554992161655948,0.47592322320939895,0.6483703661166121,0.7086555143032996,0.6178264908187219,0.29816253720965497,0.0,0.6487023473335718,0.6854024898156897,0.5626101691734134,0.5304226325924674,0.5635196318584704,0.5266540483248467,0.6958959185284364,0.632828328093191,0.0,0.532635551287399,0.3712734274914549,0.6633546475436397,0.3709539389465147,0.6292048632307194,0.4336634652701864,0.3399809090374085,0.4746072956643318,0.0,0.6223115365411993,0.34486134845952976,0.6575806275803708,0.7167841659358969,0.700863749500928,0.6436767173169057,0.5900064731893886,0.5739064098589599,0.42943442480988675,0.6158688879543619,0.0,0.5906324362946693,0.201082021920798,0.0,0.21887253128804504,0.41968085657303217,0.3776907780775065,0.07858940963153926,0.5429214484649847,0.6371737153413385,0.23386369513570618,0.6268921064551635,0.6127277991726771,0.6823105063608982,0.0,0.4664060723218739,0.4364728872422161,0.7112690534929057,0.4486700750108391,0.6391183021481348,0.5210002063560883,0.5936617797583105,0.0,0.41503306026870085,0.4881548975675934,0.37191962165798925,0.615733200067306,0.5351833126485795,0.561828339204584,0.5402664352225122,0.32612683387975194,0.5748699932852704,0.5548351453414266,0.6056212739625034,0.5874908482275334,0.6092768089674203,0.6651098263566638,0.5351883770053241,0.4445499586823056,0.5413719474516382,0.5340524271971357,0.6863358047847177,0.0,0.36824808536569775,0.629561041654868,0.6499560656126945
2019-05-31,0.5316893386212838,0.5027750977699516,0.4373153074257414,0.6652467880540216,0.6254790797870521,0.0,0.5439456437701924,0.0,0.6355259449814445,0.648273714000309,0.7048761241819222,0.657394782516096,0.30250731337433545,0.6526929447598031,0.7509044478827465,0.5447117846357011,0.15937105475569696,0.0,0.6609135657182846,0.40819416369393635,0.5384034991173935,0.4078646969677585,0.5461845417578598,0.41914529043128707,0.6468021127473158,0.5246630108032703,0.7595010936672858,0.6568502456668652,0.39188620673680397,0.5396475254819808,0.0,0.6948976851209604,0.5310265731367264,0.5291662440563789,0.7447880272686966,0.3236001280728116,0.6149021067410024,0.6394476899339666,0.5920126672881928,0.6694235122125466,0.591440999226479,0.48752233650942384,0.4620715817609336,0.5913012665868512,0.0,0.6155329396343966,0.7373486155766676,0.5339156083665875,0.5933076542486462,0.5316268681791132,0.0,0.5624334395042091,0.652834397180845,0.501851530163248,0.5964386222051403,0.4027423035001678,0.5818347500267299,0.5847012579677703,0.5391550695274487,0.3484172537497652,0.5693970605251328,0.5006703059840324,0.6596702429869912,0.7136389951144491,0.6311194373480258,0.35769630434195326,0.0,0.659094891983297,0.7005747074587134,0.5746977898574556,0.5451770106002372,0.5812347900284723,0.537833448497892,0.7005187455180657,0.6465573880899743,0.0,0.5444627436295176,0.329871737513764,0.6678522548542251,0.38886758150611006,0.6356711630966793,0.4475802458000143,0.3194502051901063,0.42501675094110186,0.0,0.6304892044618344,0.3532441297765615,0.6744792730167386,0.7257186180135116,0.7147516539195164,0.64852776976125,0.606125862543151,0.5782806466726425,0.4261858941768903,0.6273242700576445,0.0,0.5967433703864305,0.20398116266431754,0.0,0.18052113905095818,0.4198337221494166,0.38038916869388273,0.04630084471503759,0.5396668297145534,0.5980317412344901,0.23354887824333578,0.6286813315473337,0.6284801707463347,0.6932990189293139,0.0,0.37244258970021915,0.3858961252159628,0.6647913254512225,0.4393840548663331,0.6507869497232006,0.5458931090401217,0.5990277602516754,0.0,0.40622202154567316,0.4948556521028326,0.36075028150181265,0.6277135453221213,0.553131061080873,0.5692104870192738,0.45918072492678585,0.33456887733795143,0.5889398876608635,0.5647720327304442,0.6154831581324455,0.6008381520309758,0.5939114274401127,0.6534223112659662,0.5269350828496493,0.46154884268504237,0.5369331226639813,0.5470740069688727,0.6988377666050006,0.0,0.31588759994844634,0.6341044951338735,0.6397217550502625
2019-06-30,0.5075874309231346,0.5030987025230297,0.4347161971968206,0.6845117519004854,0.6252750684219756,0.0,0.5623095106376026,0.0,0.6323950686646364,0.6600380197151873,0.7047868447304847,0.6566310663135273,0.3145802330687741,0.6654911565244616,0.7524854655164758,0.5428732726810828,0.15548143064492204,0.0,0.6781090703072019,0.4023759435314739,0.532482649381438,0.40218479750089553,0.5562874387401041,0.4489304650213001,0.6451250390887154,0.5148219838895745,0.7586305621567309,0.6694926136969473,0.4282979018620971,0.5165380623093534,0.0,0.6927025124031557,0.529804232248569,0.5284384729712357,0.7627537314758038,0.3453371618240427,0.6085472496766402,0.6620741341059984,0.649194179204899,0.6829931588077577,0.59694171430122,0.5099902855151844,0.4601387968127612,0.6088068841815525,0.0,0.6123111301061963,0.7467745156717049,0.5439782233275963,0.5921651676988233,0.5288280755681348,0.0,0.5607141665932592,0.6640359594722512,0.5008000254319002,0.596082732353473,0.4037177669697487,0.6039250179758529,0.5767766085812401,0.5290077276982244,0.39355567131870683,0.5851245462679452,0.4967674676399015,0.665994451415191,0.745808935453007,0.6286309395642166,0.3623816279292878,0.0,0.6657855188405941,0.6986399553984012,0.6074305334803509,0.5758672133671779,0.5821628413407465,0.5420734890769362,0.6975236576244165,0.6440274212565263,0.0,0.5441170822209631,0.3024565788760891,0.6823720885409623,0.4012507488189366,0.646153692982044,0.46970302811420267,0.30648138418545834,0.42966072992146903,0.0,0.6666060013488323,0.3545734151984264,0.6706564749330808,0.723795984442295,0.7480846006601897,0.6278768765359215,0.6067025044272926,0.5698400198569732,0.441225066077241,0.6401534856206501,0.0,0.6156313115936859,0.21668863910959849,0.0,0.18899171145883775,0.4107652756144505,0.37773917331787116,0.058519543448937436,0.5314731242769669,0.593705260778563,0.22594762327139833,0.6508066023109975,0.6261082643051832,0.6915140576562769,0.0,0.3819507759971605,0.3849871060856522,0.6910893796231861,0.43795684802225465,0.6694547246919638,0.5431087230096859,0.6119344335046044,0.0,0.3890195223037629,0.4907551379957398,0.37265800292552487,0.6239123348311925,0.5761466367649203,0.573157708214778,0.4823054758353629,0.32541453541202225,0.6498778706652367,0.5869819132754076,0.6165390317543791,0.6011259498404598,0.5885732892292859,0.6938941886197836,0.5203053373436161,0.5128257990844636,0.543607477895666,0.5459653759375792,0.6972096043306891,0.0,0.3163211636710273,0.6491863926295406,0.657019108017014
2019-07-31,0.5299962833388633,0.5039439348712007,0.4339174909905589,0.6768299452146257,0.6277630859167724,0.0,0.59054352707385,0.0,0.6498339171515469,0.6559870130307902,0.7063203798579095,0.6681969293582478,0.3292723015383578,0.7003735952045145,0.7538479232967555,0.5447461467494634,0.20536598921032778,0.0,0.6811392560574488,0.44493478037037393,0.5287497241594267,0.3548083647920998,0.5732391379383438,0.3963936912728686,0.6456461653592019,0.5161562757392357,0.7626840958577256,0.6462217195642552,0.41235440768057674,0.5019153933718706,0.0,0.688159033774319,0.5259778822769442,0.5331184028600677,0.7563313519669888,0.4806266117321541,0.605288613371213,0.6611888478910617,0.6668761409071915,0.6718167512764789,0.6277399159516462,0.5203260997485167,0.47195656375320366,0.612027576363983,0.0,0.630017547939718,0.7457091700521017,0.5434997910937733,0.6212578781227468,0.5379285706624098,0.0,0.5761946439312408,0.6928392043199261,0.5004674477532545,0.6047515634366448,0.4064407370857713,0.6158263080893047,0.565605965011288,0.5218575343251012,0.37902878978026294,0.5867940273577126,0.5121014591184206,0.665191030308348,0.731392352828546,0.6287421366639987,0.2768575400960347,0.0,0.6454833126148571,0.6994743948298585,0.58959380303443,0.5886081572090431,0.5960000974367743,0.5444780942251115,0.6950780096261757,0.6498599330737053,0.0,0.5461738522777378,0.3468389505253139,0.6876114767597931,0.4111446839431196,0.653599307449642,0.46738317125469847,0.28254799758318666,0.47214601969675885,0.0,0.6779034861585186,0.35656048405289076,0.7088976615915872,0.7234549869654108,0.7244939189866072,0.6463156555673717,0.6099178110689056,0.5654699276938737,0.47083642949297855,0.6380812294948133,0.0,0.6041475540960075,0.20520834731167073,0.0,0.22413094547232038,0.47462300517830525,0.3977918959735879,0.04205874086517845,0.5308342327944036,0.5766500964480856,0.26708014262066254,0.6410605293957681,0.6292969321200377,0.696658969958056,0.0,0.38946425709242166,0.42714442077753895,0.6888722358153231,0.4176854211177312,0.6841832964796426,0.5452476342252001,0.6082766901661836,0.0,0.43029114644842825,0.49559286355827875,0.3366783324940653,0.6452880404908664,0.5817971453228951,0.5746467307830213,0.4721355039037088,0.2746945946220799,0.6580645974063173,0.5928263650832469,0.6219295111123677,0.6117598584094646,0.5836936037434379,0.6954679305283534,0.5351660169268908,0.5151154461220974,0.5412179479389104,0.5496393555049002,0.6978362384342826,0.0,0.3209331675629517,0.6750243012374413,0.6589267192597378
2019-08-31,0.512637307578212,0.503598661255976,0.4318581793091618,0.6323510204753721,0.6270024587057631,0.0,0.595459336346215,0.0,0.6462043621697828,0.656724363856591,0.7056888271716977,0.6758077664522207,0.36272436516483536,0.6986840791997613,0.7519428505513723,0.5424014579056766,0.19948249559736642,0.0,0.6811272978062288,0.4453352400533775,0.5234081437447662,0.33111624710646104,0.560580608020422,0.32490895662611446,0.6429655343794319,0.5116650819329841,0.7615544486725656,0.6667536159307279,0.41296408401950474,0.500012243540936,0.0,0.6866648872529156,0.4919988946861511,0.5323584613919132,0.7542019159445988,0.48293452689661565,0.6059635859694872,0.6609400439100798,0.6590561409444056,0.6699314283012743,0.6279532001100739,0.5195677507061971,0.4684767002421218,0.6120480731910454,0.0,0.6305602346171072,0.7356929078789027,0.5395925356165381,0.6196180098514326,0.5351027315419244,0.0,0.5621959128116397,0.6904877587004629,0.49934484033134113,0.6041611804103151,0.40763504886047014,0.6154217402581208,0.556662511660499,0.5197021637336826,0.3828521795740026,0.5834685303666853,0.5079651699640022,0.6649501430083951,0.729189660494429,0.6257459806814083,0.27134698434198307,0.0,0.6457707440956446,0.6969955214305482,0.5882016095324165,0.5812366296844976,0.596913621758983,0.5474897753977639,0.6906703869441007,0.6487256113053247,0.0,0.5456094453350068,0.32665416015150806,0.6883474540129149,0.41877352795680994,0.6477419456638052,0.4615678117617832,0.2685713368712328,0.46658475857297166,0.0,0.6722377293966347,0.3593726661610747,0.7050456459210825,0.7206667134012358,0.7189281336161775,0.6359702433227381,0.6100752671961617,0.5591729575235135,0.46186425257825836,0.6378909612600504,0.08939011155583826,0.6009301190770532,0.20075484160525406,0.0,0.2102916031176752,0.45939528533947693,0.3955679659313269,0.04166121664492712,0.5233029178923997,0.5723549868191836,0.2658230214771178,0.6360273948173814,0.6278289673845401,0.6947345610833588,0.0,0.3915435082651819,0.4167254262906046,0.6878690532795091,0.4025837409003117,0.6795165678682634,0.5421409394801411,0.6013383325667144,0.0,0.4144436580767993,0.492022290389204,0.2020011341889283,0.6413211355090238,0.5841048192814907,0.5744635067344297,0.4700236536552682,0.2692024213691192,0.6526825097454141,0.590686395620395,0.6151374934636383,0.6120333592407959,0.5821148671228773,0.6932946935359473,0.534480836577053,0.512431375507871,0.5144487910683178,0.5498155967026533,0.6957420598868677,0.0,0.32187137016203476,0.6753407068393332,0.6543699848319866
2019-09-30,0.5019725220373631,0.5027584851404763,0.4282700620199272,0.6326465456697172,0.6200752001278175,0.0,0.5967823950880401,0.0,0.6344991943757132,0.6544683085080659,0.701427231332542,0.6718752162818791,0.4007191002892168,0.689940405396308,0.7442051889009917,0.5682232491662174,0.2529100917737226,0.0,0.6947804824541283,0.4415280354833355,0.5156529370508028,0.325742623822843,0.6270527440408976,0.3004050725894188,0.6349339683616022,0.4985178324623037,0.7562962213476409,0.6647422300723463,0.41380212394892535,0.5605701705884143,0.0,0.6882570245712404,0.4843565728440898,0.5264778153881451,0.7570122594045382,0.4818615421993529,0.6066565788913825,0.659943698269422,0.6504083525229128,0.6660415293897645,0.6492176644034324,0.5416862318555459,0.464159306404102,0.6331730543388123,0.0,0.6462474357731722,0.745443557556474,0.5313968013474293,0.6373125237475997,0.5270447108396079,0.0,0.5463060035935889,0.6828267779011665,0.497373783051178,0.5983665067504129,0.4068643692779799,0.599242015563134,0.5204708912771714,0.49664138766004845,0.3855353136650542,0.574796143417492,0.49587546819703016,0.6421931286983826,0.7720418255903807,0.6172999886621887,0.2634490287645495,0.0,0.6767167978324513,0.6881497065503419,0.5971839934391983,0.5671052705512094,0.5995895891723295,0.562167255816256,0.6836592546374277,0.6456371662424099,0.0,0.5386418043976757,0.31659166885448553,0.7020418645714886,0.4240851409855074,0.6643602994653566,0.4506021819835884,0.25792103812330797,0.4691763612972884,0.0,0.662937808337642,0.36068299734886516,0.7024073655079794,0.7143485661854838,0.707353775881522,0.6291992503331124,0.6041289342524675,0.5473568125072863,0.4521904527850593,0.645341350060326,0.07882397437080683,0.6012475513819066,0.19486903215126167,0.0,0.14968475374157963,0.4883412581599,0.37153314392500536,0.04393608814638069,0.515124308376671,0.5658586014981083,0.2603585904989603,0.639427754628517,0.6215708348255229,0.6890502747825791,0.0,0.39272981691934494,0.40401861691244195,0.6881576032723217,0.38643996872218234,0.6998856624585089,0.5302364158016323,0.5908652927869251,0.0,0.3570479589423933,0.48590573535448217,0.20381983416908378,0.6325328305673393,0.677723144816309,0.5723157779051072,0.5029663915062408,0.26162998755450206,0.6418156233196898,0.6021549904677608,0.6412967035335939,0.6080808558286608,0.5774542405727798,0.6842189606870493,0.5304239391671952,0.5031712940097623,0.5083468734127651,0.5463855278525032,0.6878399840584947,0.0,0.3208604711453247,0.6703034520261636,0.6668161079023749
2019-10-31,0.5091762772612309,0.5056513428389904,0.43479562135518307,0.5945064321044871,0.6695701390038274,0.0,0.6091918517736405,0.0,0.6567469653321282,0.6652997607292592,0.7108791755049009,0.6997410375801487,0.40580212080545586,0.7003607160284837,0.7591110682037217,0.5752599310111016,0.24312560295252897,0.0,0.7084530601368547,0.4804159442338157,0.5241012676567,0.35033898227285526,0.6400521725271437,0.2924874893905663,0.6737736398496482,0.517988378497123,0.7617535541918713,0.6744890962121913,0.42499107532455255,0.5646781385310825,0.0,0.7096549054817513,0.48807391209628237,0.5422079017420802,0.7563647708035479,0.5148840234759359,0.6289421917858153,0.6720939744095453,0.6637122557594134,0.683557704815831,0.6528000447224613,0.5556094341054757,0.46510399237097183,0.6494833116331591,0.0,0.6326277387063932,0.7542038566830565,0.54266834412736,0.6428907187936421,0.5403871370480952,0.0,0.5696326114889279,0.6993915220185826,0.5004241510072605,0.6137721928613001,0.4157223107863367,0.6088328756054081,0.5348720703951005,0.49570075693077614,0.3943301508653812,0.6048750215609909,0.5225158763409107,0.6891141676244387,0.760961529417414,0.6311964555327779,0.26343636072768495,0.0,0.6618883492633391,0.70419777647869,0.6112118329828022,0.582857548718436,0.6185425750688611,0.5434822990375398,0.6862905047568606,0.654040327878003,0.0,0.5502075492682784,0.32189712768686585,0.6732767643946898,0.42817939360369184,0.6707015899788608,0.4664558566056054,0.2465679324086394,0.4906299511152207,0.20017037016593606,0.6931195043336904,0.37150009977947374,0.7264547504231195,0.6668186225270762,0.7208003476292597,0.6532619753584143,0.6206388994782086,0.5628666827307213,0.4780519736257,0.658362270449894,0.07434802158747697,0.5835956009226607,0.1986890869347066,0.0,0.14377228052360577,0.49013533418538674,0.3591621649767629,0.051659223140444833,0.5302787132828063,0.5700187553119836,0.2925784503509739,0.6532986693399878,0.6369531794186346,0.7002035231196572,0.0,0.40095302249470827,0.4444166286840637,0.7157088541324627,0.310890429757999,0.6823117767100785,0.5971246765498344,0.6168561928527619,0.0,0.36100199648705955,0.49483288988946816,0.21951671464527028,0.6559418855759592,0.6895690291845822,0.5784457789937539,0.4900721617609392,0.26874317835910017,0.6413281541647051,0.6154080063857087,0.6354989021646079,0.6123618029767449,0.5877524605005191,0.7147488959975717,0.5451670990289801,0.5260940824926233,0.5252237252983847,0.5582187084376992,0.7127779306396831,0.0,0.32903897276965094,0.6888664920646965,0.6790685172980732
2019-11-30,0.5666777650721249,0.50199688530673,0.4450232705453932,0.6151080930568331,0.6356711234425483,0.0,0.6150530037823335,0.0,0.6585250419461947,0.6702215927945343,0.7286098125264668,0.7025409291302045,0.44300813261880345,0.7373262883011378,0.758703647427601,0.5749954972752919,0.2202285770799182,0.4568613172588615,0.7052170729876239,0.5366919274198003,0.5509398768249846,0.40683619957669404,0.6357314049540258,0.30487885131332243,0.6686717288137121,0.5110920840509906,0.7639662980434732,0.6789987557638106,0.43671608388223027,0.5870763212675246,0.0,0.7150264322817896,0.4922231288363489,0.5549640408356086,0.7515446084624823,0.511426627543851,0.6454703642746789,0.6777881948934219,0.6515550755625309,0.7107675893573088,0.6621712579540782,0.5608767865532626,0.5005059896931978,0.6602406428753309,0.0,0.6535574407257784,0.7553932112065923,0.5409975910801396,0.6373416677298673,0.5554431210659059,0.0,0.5865450062132773,0.6884050480749591,0.5204159989260948,0.6334203985761394,0.46059460812700137,0.6403902648729354,0.5721763017836349,0.5133254822931522,0.39648927358272185,0.5801621772054602,0.4669823406916058,0.7029690214142469,0.7742870797442696,0.64438480834098,0.33343911825014066,0.0,0.6623960935002671,0.6956360634751592,0.6478682956248102,0.5670945748396933,0.6223382904890625,0.5463874542746233,0.6865748525815265,0.6554324593350758,0.0,0.5367972293263278,0.4985837254851661,0.6857292708351167,0.4451854408398005,0.6986795926914479,0.5104301729135458,0.2489068271644655,0.5207303794515028,0.4140534316106938,0.7137068230517221,0.390524792330647,0.7269583892782104,0.6781763351346356,0.706375624739789,0.7075576490996957,0.6268303805806943,0.5516601567330114,0.552228631090361,0.6572390165463354,0.23652423766386688,0.6127204953583697,0.20388783003677402,0.0,0.24676292193048144,0.5285038012236825,0.3936668486036451,0.26644829638069684,0.5219852692881701,0.6198653542925557,0.3564195962124377,0.6513319024913453,0.6648231270564083,0.6883430549001699,0.0,0.44365774205604347,0.4310592568946342,0.7213378009531243,0.405159964456121,0.7045040245166589,0.6080992871375214,0.6449932395048461,0.0,0.3967286193447251,0.5305631961523636,0.32912040298133777,0.6735893256081563,0.6891301036934335,0.5706801327979875,0.48475446041432285,0.25457432514425615,0.6415295817120882,0.6383498843360428,0.6468191010640508,0.6154678221956132,0.6257524295864725,0.6987149561521038,0.572894409873362,0.5242318253542935,0.5295671299248549,0.5875629153121896,0.7142159916716843,0.0,0.35629336008103546,0.6774394715292669,0.6601241523049148
2019-12-31,0.5467431328532844,0.48284542023836263,0.4914489860281209,0.6112936516063004,0.6703093623063677,0.0,0.6234944498781444,0.0,0.6298868574908624,0.6627320950656918,0.6644968407488415,0.6774227015090273,0.4193753083869235,0.7088859966600418,0.7603037048546987,0.5743156325900961,0.27254951902444635,0.46471794620237955,0.7075188413669055,0.5183347281335476,0.567077843689088,0.38864810132731376,0.6495736001562693,0.3574013596001169,0.6489994054150711,0.517316044504567,0.7694327142386425,0.6755891548100093,0.4791449505988607,0.5835725444777207,0.0,0.7279066481381149,0.4359671174719389,0.5580350370477736,0.7508346037744152,0.5123133849016154,0.6417396150685012,0.6734212128852485,0.6245606170473514,0.7111608035239465,0.6645525475370737,0.5887820646137888,0.49848487924813484,0.66469549585325,0.0,0.6413479824699222,0.7468384323589088,0.52174298437553,0.6652669694881387,0.5395730988522456,0.0,0.5915256421203436,0.6844064243092728,0.5422220028801218,0.5384761983974453,0.45410155259477547,0.6443090310860794,0.6035262924795526,0.5232864374082531,0.41505576478441586,0.5945964796823974,0.5235110014015044,0.6834987374890685,0.7773220502715646,0.6537828485006393,0.34005253853373757,0.0,0.681722554088901,0.6726791722163606,0.6497583517910616,0.545387601917947,0.6338280362854793,0.5515312920337074,0.6212259591435798,0.6897745441527366,0.0,0.51753126340886,0.5091994279720132,0.6958852648840028,0.45017513144152654,0.7050333824127163,0.5107204231119165,0.24137056742927715,0.5183533105664002,0.3644414897339574,0.7343994539472158,0.3907881575283526,0.7432465104093647,0.6756624401632627,0.7037935737909342,0.7069030402597957,0.6307195786552986,0.5531159191140957,0.5525631377169992,0.6541070773715881,0.21768254587062202,0.6235345708649942,0.21858979153047484,0.20142783453611476,0.24969657216309432,0.5353994374685712,0.41260500236939474,0.27539350714136307,0.5406173358246732,0.6218874211400465,0.36600431406378964,0.6495928701714585,0.6627586351013711,0.6379023058297442,0.0,0.4381566546257824,0.4635279231535022,0.7405461697229435,0.4302372076666286,0.712656776328525,0.6187611523780536,0.6399485296466804,0.0,0.37679385662444165,0.5098551379773598,0.3610208698458828,0.6978217988101054,0.6938471955421037,0.6050974889486435,0.48609541932152095,0.27380694068293604,0.6688480106364963,0.6380714138383589,0.647775280337591,0.6321256994787331,0.6126340856307312,0.6617771193079274,0.5873853211956562,0.5283628164477585,0.5166579678549766,0.5868911865794022,0.6836245510614656,0.0,0.3586392987906386,0.6804672491521591,0.689001292016691
2020-01-31,0.5647857225463064,0.49002796898208595,0.4760335377536051,0.613616545002506,0.6701798218867788,0.0,0.6241358808675292,0.0,0.6267582392429351,0.673128560378762,0.6629995034067898,0.6722470562233398,0.46290083697745,0.743535229425155,0.7573328275222337,0.5720336069264425,0.27588493537528747,0.4617323383243597,0.7076845564742622,0.5215363924397192,0.5716519678426808,0.36916115623660717,0.6570806120583002,0.30465515036533325,0.6304963746370691,0.5125310564928364,0.7501418155949097,0.6765584839342678,0.45690418305051633,0.5641732929982148,0.0,0.7574189458740935,0.4128798678643049,0.5750861028326754,0.7481516682262405,0.5096450399990141,0.6496619637905793,0.6858610005638553,0.6226076924027293,0.7014914042872874,0.6602071744880328,0.5907008086304095,0.5003522064326996,0.6658983691980903,0.0,0.6409260428918194,0.7492602673347213,0.5455287513482349,0.6640525813481724,0.5385710272091115,0.0,0.5936340407693395,0.6678216059063914,0.5412114761867827,0.5205486428707312,0.4553361115075348,0.6449567859841661,0.62985432144002,0.5221971566958621,0.4312326002295656,0.5939927659760335,0.5643860626672272,0.7145626639234729,0.776506861867442,0.6512895893735412,0.3499249268248665,0.0,0.682455610598617,0.670028505208605,0.6341888277667653,0.5419309490740797,0.6351775338486362,0.5511083045607281,0.6091747711976591,0.6669086098921623,0.0,0.536102996933877,0.42248283053262176,0.6922949682781745,0.4622943684204295,0.7033841541275715,0.5063848895788801,0.25054666523108443,0.5099734455506518,0.35904965179044274,0.738977124701558,0.39469972887938615,0.7358147326430688,0.6832718642307892,0.6958874073161486,0.7023724980248579,0.6310944265855558,0.5499481607023581,0.5463513868329168,0.6519153625621584,0.23062224543163384,0.6095232400636874,0.23356598270506682,0.23258538082582442,0.27075064523012254,0.5632776265921002,0.4235561639139589,0.32788719660951093,0.535451210480844,0.6043813564301007,0.3538416309929581,0.6453496667358916,0.6480941096922945,0.6372056703533532,0.0,0.4407792673990035,0.45357437946168006,0.7275519139732378,0.43215374206259044,0.7174868311025602,0.6162016209486685,0.6314361252392202,0.0,0.3830794320898592,0.5209643035910364,0.3766505439826919,0.7043749956786475,0.6962543545163778,0.6085267201334157,0.5077878309749887,0.2592375223947297,0.66589202353915,0.6334679398264772,0.6510138391109698,0.6329465316945647,0.6014774968135786,0.674851050300717,0.6007981916562498,0.5547244663422589,0.5200854524107841,0.56839378591766,0.6812738484640425,0.0,0.35898728951704617,0.7046693071591147,0.6909399680618785
2020-02-29,0.5696892951090298,0.4947584816362141,0.4779042721903197,0.6378048212889992,0.6629295966758532,0.1896894232277365,0.6288404562953549,0.0,0.6135819970350121,0.6661371826221333,0.6553894717376981,0.6764871005416808,0.4541850545897207,0.7172708703172491,0.729544983323659,0.592959056513584,0.2764466195477826,0.4495116275599387,0.7042429839774413,0.5190741588639021,0.5618695019784712,0.4720328828587001,0.6854072841353236,0.40860789987637397,0.6211899224679108,0.4997290243126538,0.7456263660247995,0.6767919095340961,0.45305923370637435,0.5710893293418849,0.0,0.7624863409078035,0.41277082639474594,0.5614010053495543,0.7421606344465435,0.5031490982537413,0.6669328586825407,0.6808556886387249,0.6166872167157545,0.694184150609379,0.6700560169877471,0.5972479710917994,0.5263553086626592,0.6628064461086468,0.0,0.6511065664255095,0.7514397417580221,0.5668959525437681,0.6582023405245941,0.5313639727059979,0.0,0.604157123833205,0.6578447328816968,0.5508689246520467,0.5122807114772598,0.45379044814325226,0.6408227414109112,0.6165205024399055,0.5254655554554848,0.4437711342870638,0.6098721577780509,0.5502929680396257,0.723371521886566,0.7659058877121829,0.6420940112146277,0.36708060445875323,0.0,0.6786373710216894,0.6514918551273663,0.6756796226712997,0.5309424055725013,0.6598478413081321,0.5652829618583091,0.600754792800153,0.6601885021767886,0.0,0.5338869958567823,0.4359005179373247,0.6979694842837219,0.47423591821524597,0.6804612225069949,0.507274338657329,0.2389661405565073,0.5137346102860811,0.3867352008239552,0.7407128857257924,0.3873965152734658,0.7255748233935995,0.6755829225616341,0.6984265459030539,0.6939896633273742,0.6234041921096324,0.5386120631585438,0.537772232757143,0.6415620010248281,0.24401084828523062,0.6337514535163739,0.24453262979644713,0.18675027665073293,0.324479938130322,0.5718779410529399,0.43598611644774876,0.3709064426898531,0.5216906376053628,0.586854278420538,0.34637825154094204,0.6135603665008792,0.6639827025781578,0.631132447884359,0.0,0.44111864975658105,0.4416901358767681,0.7441807019287976,0.4242178005183663,0.701610167778646,0.6033518052454241,0.6203413175964452,0.0,0.4026412772995246,0.5323152511801919,0.38659009337233563,0.7248927521888877,0.6939460418821847,0.6195025570011266,0.5046018771363154,0.25279402377139615,0.6563785617572371,0.6391991844843108,0.6577596787379056,0.6283782664421608,0.5158032707825405,0.6752062501802493,0.5977907201941881,0.5821122557481372,0.5301417357760724,0.5810641323683892,0.6694675706069972,0.0,0.3562768403368337,0.7197704739871561,0.6953662551492535
2020-03-31,0.49799355866325373,0.4293192641543198,0.4049727134853967,0.5950625719314229,0.6696211994994802,0.1835986050371886,0.667375221685777,0.0,0.513883076277988,0.7092067424648663,0.5569082113182776,0.7065282626324543,0.491042410125356,0.7671924309705878,0.6261638428982702,0.5889438666039137,0.3283866211005965,0.3493695800504664,0.742151242755344,0.5565618611752731,0.48251406967316357,0.39227388603726643,0.6535435423321798,0.41018964118973283,0.6352349475090375,0.41331934515604307,0.661612140716255,0.7229565598802785,0.4901037834054487,0.5745350250878368,0.0,0.793289598895585,0.3305876244018513,0.5906878662736014,0.7046265320330765,0.5403277979234783,0.7118335071020189,0.7101332881891862,0.5430081082282023,0.6683390943421622,0.5975694128865201,0.6415120022753226,0.4593346385755605,0.7001383729438484,0.0,0.7058955772885466,0.8051544053036763,0.5963975022391064,0.6895235465314208,0.5445053473437534,0.0,0.6072972485496084,0.5724002729291304,0.595520155951774,0.5302789893915903,0.5005918543027064,0.6846836023162872,0.6272903140339385,0.5638799476378723,0.3767747185864402,0.6340006924442296,0.45616086729430877,0.7526912601221396,0.7621331752119886,0.6353790836929307,0.3065216252305363,0.0,0.7114731053193839,0.5447477689191903,0.7122798284700586,0.5587170829369499,0.6071162993749712,0.6086911292822513,0.5160113589803554,0.7078123556115867,0.0,0.5750021036987021,0.35732319099118504,0.7223750678048143,0.48341942181530856,0.7172681882958601,0.5237854439749267,0.16540650570791546,0.5524510140315374,0.31425944968062774,0.7657223679971042,0.32239053161429576,0.7326431767742749,0.649927902194114,0.6027909448798802,0.6660960977139059,0.6233518155479176,0.5530987419585466,0.45560038386878565,0.6821932043217851,0.20245327834340818,0.5609679054669905,0.2882938495003538,0.15322390287623125,0.38244840221784066,0.5953046121934542,0.4793198959632407,0.3938762702677696,0.48571043979274114,0.6190095266329758,0.3876291084941336,0.5721778791169231,0.6916426002057512,0.5487240845049874,0.0,0.37675899925643114,0.47309579905879257,0.6678325661595519,0.37373907130010925,0.6096450336066448,0.6086541520407427,0.5951278986030143,0.0,0.42474768410934033,0.5611879953596258,0.43510009240726055,0.6957778979685437,0.7223260350742533,0.6678315359946798,0.4380132399280253,0.20523827117048662,0.6094057729949882,0.556646309232045,0.6305528564733247,0.6558407072139399,0.5397590651021923,0.6769171147547841,0.6289686852665485,0.591312282124181,0.5694072233621291,0.6185764049583312,0.5562792952655441,0.0,0.403312024253463,0.7490623255650247,0.6938817485049193
2020-04-30,0.45448533107925715,0.4279383504300137,0.40222848605111927,0.5911614778212764,0.6580209094164221,0.15582832876082833,0.6764129894527461,0.0,0.5082262101305923,0.7036589103969116,0.545813198587131,0.6995955987918772,0.4759330437138222,0.7612278524482967,0.6155542831658195,0.584360333047959,0.3319706948346036,0.31667170063986866,0.7377840019025079,0.5695296768701595,0.522818581191064,0.41192821561858806,0.6523222126076218,0.4433420070224979,0.6230663802803013,0.40921343327002563,0.6517457939098535,0.6888713049037027,0.5060917428466928,0.5236859592234048,0.0,0.6884272917770357,0.3117793338856599,0.5655270613453388,0.6908484607173297,0.5070687868046319,0.6893241700061352,0.7017589997981823,0.5895147439899718,0.6502598703113359,0.5943367291198879,0.6386335116677956,0.4550364779493606,0.6859973396041475,0.0,0.7040873081913039,0.8065957725576849,0.5776311100044631,0.6797765976657235,0.532566677501666,0.0,0.604435729696938,0.5671884886420822,0.5908856198739949,0.5247993498882666,0.5001674218691963,0.6808126404161575,0.614828627642547,0.59016821541104,0.3754678043217365,0.62546519249614,0.45342160414382654,0.6687467882351551,0.7677607163389362,0.622393892301367,0.30948294034639157,0.0,0.652578657651195,0.5362525736287541,0.6784402420600929,0.5975289458008356,0.6016508096814259,0.5952893634284399,0.5051289768419918,0.6575579053250937,0.0,0.5835955206405957,0.3533447474573919,0.7149018025960204,0.48688313874010475,0.6694637032961468,0.5143955976356704,0.15503286911842756,0.5456699326921148,0.3463994045223728,0.7556695848518185,0.3373872202066848,0.7228341112982455,0.5734276075918909,0.6207366952390968,0.676840073733825,0.6130205874004726,0.5471225707280636,0.43869076834071236,0.6799050794153652,0.18802590162031124,0.6008193849115241,0.2948864899732705,0.21790989727206422,0.3908308803777894,0.5766292207974656,0.5023489898011043,0.3420296865650301,0.48115366981947255,0.6215629619738665,0.38120088809692426,0.5274368045516538,0.6998504291460852,0.5420058207770627,0.0,0.37490060509259504,0.3714980203184402,0.6697185768777796,0.3752963075497548,0.5570097114057809,0.6017982944713522,0.5864991046856519,0.0,0.4146336485600354,0.562214927257525,0.43546623455247857,0.6848944796528637,0.7189423238289768,0.6650471522595409,0.4137603274890474,0.23713829620290988,0.6004969832545339,0.5815281166856509,0.6512616020839905,0.6476266388775278,0.5374751419477843,0.6977841682888177,0.5836069091025797,0.5461486260930767,0.563382406703014,0.6265822719037265,0.5465136832246051,0.0,0.41120339250687354,0.7402231741986193,0.705383300986705
2020-05-31,0.4860162732566666,0.431417157495984,0.4059911645384272,0.5508683226434882,0.6747256915854841,0.13564829976981024,0.6976209422377744,0.0,0.517679240257835,0.6410965752842348,0.5597619461453424,0.6825157558727148,0.4715321311417582,0.7768744461990759,0.6386622583383932,0.6114917766764678,0.3388334171675642,0.289501467454431,0.6805628479143572,0.5708001840444027,0.5236666285509354,0.42412933156047805,0.6347059334250581,0.49064600612042364,0.635961024884703,0.41337296559482617,0.6622369543536324,0.6020640202553872,0.4911458364717628,0.5606990104437314,0.0,0.6982202203347427,0.2979503668318806,0.5754250437038634,0.5287716584149202,0.49584967645000844,0.715097373464053,0.7154600552690331,0.5877869838265251,0.6017776466035002,0.5998341292782556,0.6416179880436194,0.4808337245077637,0.7063902109850347,0.0,0.7073689558283223,0.7710321392841601,0.5810440484519755,0.6889920942844636,0.5484158203756997,0.0,0.6061129851092182,0.5743454720427753,0.6117498844335093,0.5373699510413347,0.5050180806590753,0.6688748621217586,0.6208717640837897,0.6044744927702647,0.3791781165461452,0.6385743163950536,0.46063766458917815,0.5750497590463775,0.6557508780116722,0.6359829169244232,0.3212739319932275,0.0,0.6648912358277701,0.5490104223369849,0.5378792997225915,0.6026849961207752,0.6120412679986693,0.5635671547027145,0.5110174327034309,0.6145479387779474,0.0,0.5879296307148734,0.3638682296896054,0.7337082077906695,0.49340214495355067,0.6343597007117664,0.5209040867216126,0.1691379245283807,0.5452786539276014,0.32652573288562414,0.767636920770378,0.33997378871413275,0.7362346458946218,0.5796935637195769,0.6249631210365244,0.5694593320232005,0.6308448319409384,0.557675578188665,0.43564052916228735,0.5799825958963312,0.19342514878575431,0.5109610151006718,0.2995805609185981,0.18162828258287791,0.40003561338869886,0.49036932736050365,0.4805193432622383,0.3343534283466313,0.4701654596248162,0.6190231286530106,0.3890453857122384,0.4594075520689844,0.7102527039511897,0.5541965015644482,0.0,0.40392598218629827,0.3663415994656281,0.6762066078259166,0.3799157770097794,0.559180842907459,0.6136756675935255,0.5423801775529276,0.0,0.41243687527708134,0.5632578706041589,0.47297818958593196,0.6938681741820524,0.7322354488706633,0.669041883583138,0.41664210868495183,0.24448932229923453,0.6107722709006841,0.5881663616467833,0.5766620873035685,0.6619755225650207,0.5815366901105479,0.6269951454399937,0.6153899899874087,0.5523752628346733,0.5641486210213367,0.636260797899777,0.5601527079628658,0.0,0.4260459387360943,0.5502759162408182,0.6513112061026831
2020-06-30,0.5136715807442448,0.42806550044869207,0.40134612441359047,0.6062992581946688,0.6517073309019729,0.11823956546711518,0.7066909277068066,0.0,0.5056346050361233,0.6555651300402083,0.5370029759336996,0.7034270288232224,0.545754537398758,0.7841667698180228,0.6120720519774051,0.5970094257936244,0.34158302570451393,0.263076218770545,0.6720953764528824,0.5590393926620263,0.5074802189919956,0.4069193522046968,0.6506788477729741,0.5022273933142947,0.6134496032854205,0.40583016620260515,0.641993951227163,0.586461359576498,0.4825945592200894,0.5483669873531388,0.0,0.7191026574258947,0.2818764446914716,0.5839521034160369,0.5194244751548771,0.487751433221758,0.7385667604489707,0.6960122254050721,0.5777249108291493,0.6379904882561844,0.592804414340561,0.6364812276489404,0.4950170458697032,0.6853767312079759,0.0,0.6980278317612073,0.7546793023146385,0.605011706443673,0.6701603751309132,0.5243631659280851,0.0,0.620079542083908,0.5642548628555952,0.6229677664386779,0.5236843784441407,0.49350934689605697,0.6846522863873702,0.5997884479164438,0.6230635314648671,0.37786415876316726,0.6550406566508084,0.4534673645201962,0.6460545311388478,0.6446476649616862,0.612148693784943,0.3203384671339041,0.0,0.6142835673927276,0.5316550696180907,0.5464299808483458,0.6214062808371821,0.600069708185759,0.561487849272767,0.4930675684288452,0.6607941947867969,0.0,0.6229845635790929,0.3627777169807771,0.7064200598867759,0.5051323772451201,0.6650972020737831,0.5902878679643285,0.2625737187621235,0.5361598294595715,0.31109973771258376,0.7654409990342865,0.3712613094118522,0.7159932999385837,0.5392427723840256,0.6826009010256162,0.5589073829321942,0.6087831769962153,0.5455848185147651,0.4242849258341216,0.6111442709846797,0.19590839410149122,0.51391874035514,0.3255498529414752,0.1773388961801395,0.4017491207029928,0.4551089526150414,0.476531965494421,0.2583949726420938,0.465563290232087,0.6058352052339394,0.41493286422663217,0.4688947388474985,0.6917945272142504,0.5232197718486646,0.0,0.37804727216383466,0.4798996622764642,0.7076727834842046,0.45776915881432323,0.5479151145027018,0.5989379021132286,0.539580750534913,0.0,0.40318886049723357,0.5797434993911295,0.42248841107786284,0.6753955674037722,0.7149093801428565,0.6685179385317307,0.4590368047069477,0.24563872701962364,0.5942102474910901,0.5741876433770173,0.5734076848905386,0.6430260336889003,0.6013621689722393,0.6852090405947756,0.5968263952139143,0.5431725268987175,0.5408564742654673,0.6563132156622238,0.5412189925783881,0.0,0.42086844912589644,0.6362205525693052,0.6746616626248547
2020-07-31,0.510507587208117,0.4291333080916555,0.3701875721555252,0.52242843796314,0.6530627558381299,0.11502748211044989,0.6858795509335013,0.0,0.5064578500336574,0.6494190378943209,0.5371643402632884,0.7033354672970934,0.5318230477644945,0.792249497390833,0.61227420344293,0.6005765922669655,0.34800206558302593,0.2512779162770646,0.6734051383626278,0.5569874123284966,0.5029831778214702,0.2841744543739394,0.6430942977837419,0.4692618064055445,0.6130315467367274,0.4054925641243663,0.6414234512214101,0.5788940943502546,0.47363977263549883,0.5473763647118142,0.0,0.7193427549818383,0.26989652799902675,0.5849099698813264,0.5164632013693673,0.4835415363651407,0.7296865967657684,0.698060524989455,0.5712627518250696,0.6375651362843727,0.5937182828091943,0.6358127447216734,0.49783084331749977,0.6968019090464693,0.0,0.6977726139390538,0.7198387656052236,0.5936197200641135,0.6685772030800925,0.5254455840106721,0.0,0.6173347003565519,0.5646809893801438,0.5245104559633983,0.5263729207526819,0.4947189054476623,0.5998760889805903,0.5950420198536086,0.6253733279555441,0.3806540444058735,0.6647203076977747,0.45440064821656634,0.6488204610090641,0.6463513504197325,0.6113360972514666,0.3274707955096273,0.0,0.6277639810350836,0.5326787073460868,0.5665311705079198,0.6172158250141856,0.60217540821492,0.4610443280789793,0.4905945075945054,0.6174742580825248,0.0,0.5971168600092155,0.3579597154869492,0.7172161830650138,0.5089869893452822,0.6619920334605917,0.586961419506831,0.28232850095882184,0.532013375872511,0.287274322742008,0.7641604403537724,0.3618542718196414,0.7164423241493297,0.5347291667444563,0.5631960929141945,0.5537421210357983,0.6110194316772163,0.5478192782022939,0.421299226457281,0.5861130649029215,0.21143674352540737,0.5123456267413162,0.3090798564925539,0.18226984269592117,0.40504574838508245,0.470908659301106,0.4211083429547342,0.32003320000343377,0.4651036857105075,0.5989582331468737,0.4549034868105829,0.475532143187407,0.6322920108144986,0.4522577000861,0.0,0.3750184615960595,0.3836927997761191,0.7334148354077773,0.4156459956434893,0.5746619670810255,0.6003034709001589,0.4716262290726742,0.0,0.35776797912523434,0.5692025237220752,0.4292124412268226,0.6740802826036782,0.7161406314490819,0.6673222335433985,0.4601698167631472,0.24188696762760012,0.5944327333789993,0.4925700917287527,0.5123457361122005,0.6452983696879562,0.6062158483357145,0.6238002287590462,0.5977640083784767,0.5447234658678004,0.5551261018960798,0.656451600686241,0.5416245960372817,0.0,0.42118901073391973,0.6353530237156294,0.6488655901451187
2020-08-31,0.5623407166400732,0.4911102333676324,0.37117505521589084,0.5642085882551118,0.6547124277834042,0.11691548801412527,0.725371863107965,0.0,0.5075777806854205,0.694544125337114,0.537778780606011,0.714883862984654,0.578155410433847,0.787564079383793,0.6579481832897116,0.6067489100827955,0.35450440889528073,0.2766555148661302,0.6748292097472809,0.5563736473927154,0.4999908881167,0.27918575438285037,0.6805089323227741,0.48176999525189806,0.6131673166028475,0.4984253018168945,0.6414356706380328,0.604703482446464,0.4738693540159482,0.6246619840339228,0.0,0.7197718094574734,0.2927629513892501,0.5862701376110173,0.5141459963233347,0.4802286254231443,0.7487013065097663,0.7005659652302638,0.5636495807440479,0.6545184121835294,0.6208484325249256,0.650157678135157,0.5139531246909379,0.7277646611712909,0.0,0.7397835700009092,0.7527003033404596,0.6476509378809737,0.6671564629081506,0.5271102298776684,0.0,0.6002365937759842,0.5943307393692396,0.5790148753824125,0.5290021373027677,0.4960882737475441,0.5846608530727183,0.6143059802202431,0.6240977404675282,0.3836014581213845,0.6993807542616055,0.4915935308354148,0.603238891151059,0.6478283007444247,0.6110888157638198,0.3700075375156857,0.0,0.6787154309233394,0.5340526282748962,0.5983084862570557,0.6684571556019133,0.5168070524410137,0.5936319319906356,0.4889415978261833,0.6083097721623696,0.0,0.6177207731047791,0.3402720802849726,0.7425711092292309,0.5214010261150008,0.694346534068225,0.5934614099933087,0.35067787536273104,0.5558954926336231,0.28633940697793353,0.7796746476421567,0.39717913710708663,0.7174303213124053,0.5260243119091641,0.6143525859351687,0.5488783004926524,0.6134269104887247,0.5504204456012649,0.4203452027909312,0.6433242028032311,0.22760639538401356,0.6122838650878771,0.35501720387227104,0.44298129460744595,0.4066409747062854,0.5058681687728137,0.4885368206785602,0.26537119027931644,0.46517202204132213,0.5932048402070439,0.4767550087644812,0.5433494274390175,0.695061077089099,0.4543546350739623,0.2907906986205233,0.4379596754788942,0.40297221010307926,0.7295846425802863,0.40032817818043753,0.5985178030573551,0.6019397281513161,0.5305830130224183,0.0,0.3608397329394029,0.610486517663722,0.4717987535780699,0.7017757827934646,0.716916626974061,0.6255886003169959,0.44452888276554137,0.26655684543959746,0.5949693163451423,0.556988664476648,0.573864728149697,0.6477793900088744,0.6088531296879269,0.6292762417501161,0.5252606846775564,0.5715818637973203,0.5522870724407781,0.6648418806911972,0.5421199882664656,0.0,0.4219911208952501,0.6472050499607654,0.6885898534797963
2020-09-30,0.5492015747167913,0.5295724937873153,0.3949178227677738,0.6222915901429452,0.647565021711132,0.11992202756959384,0.7217860665890605,0.0,0.5045686177805403,0.6887659281781217,0.5284390248844539,0.7070351088604219,0.5619586663847036,0.7808684815077905,0.6422107679063462,0.5488491024420686,0.3601953934955346,0.2675979951557133,0.6715754501547315,0.5525816385935165,0.4923517419717086,0.24727616047910497,0.6673541396154288,0.47401537902911517,0.6046331285355852,0.49250485753837747,0.6310754287932312,0.6484299455924835,0.47598657154997437,0.6176376265485961,0.0,0.7126854739355761,0.28782552259739463,0.579267682878248,0.5095093530241368,0.4751063100534321,0.741745004916845,0.69265086904223,0.5529767289331579,0.6998317220713182,0.6181281794846315,0.6852435652352681,0.5336265845231936,0.7211795648928111,0.0,0.7349059253564938,0.7449778648545242,0.632331652542655,0.65720946925442,0.5187184824590925,0.0,0.5948078768217548,0.6679110589157666,0.5779784282050121,0.5244741061125665,0.49472458475798287,0.6206155936365593,0.6026687539342467,0.6176013356066022,0.3846153390711376,0.6876596903733189,0.48456006719240385,0.6032711088557732,0.6439517598785816,0.6018566634274075,0.37257462765046134,0.0,0.6710082902000569,0.5288270532565454,0.5952482388757019,0.6500221204821424,0.5179424076209328,0.5575935670934615,0.47979967949263086,0.5980347772561196,0.0,0.6108254867764751,0.32503030849333303,0.7078249490929274,0.5499437199602768,0.6874030116272892,0.5794020604900987,0.3445815570660867,0.541513861589689,0.25385881138955546,0.7706675896227929,0.39513274416688804,0.7094115574780386,0.603049128652418,0.6048657823065006,0.541280664169746,0.6073870825601843,0.5484090420348104,0.4173497763946,0.6408616386027686,0.24112434666071186,0.6047018497630618,0.35624889867541754,0.42503809782851154,0.4049825025957477,0.49614459557131946,0.4678608279623715,0.2578913537240795,0.4638592379171376,0.5850020435750239,0.47167649411583995,0.49016238189374195,0.6876035672702733,0.45239380874583907,0.4773797609379094,0.507049837134849,0.3977599177346548,0.7229543626660877,0.38298331865348795,0.5879967239818644,0.5982081082775608,0.5247352694874311,0.0,0.36405514877753975,0.5869393419147702,0.4730490813417333,0.692329864300062,0.7078433684052297,0.6234074349161468,0.4633091387938623,0.32768103047740044,0.5886536121873616,0.5494892392681008,0.6325027196320243,0.6407641732179302,0.6008198161003736,0.6268327267475121,0.5235433427841151,0.5687833237416824,0.5681768364328728,0.6578268672993748,0.5359489185297706,0.0,0.4208491151170408,0.6422885335808544,0.6624367959202095
2020-10-31,0.5111502679686316,0.5428052934076351,0.4056996693150633,0.6381143684078365,0.6909948262463087,0.1319413927704948,0.6710344716263612,0.0,0.5319764088599225,0.7107929662396493,0.5677355660554121,0.7365511219692972,0.5339152419557545,0.7863146612392324,0.6319533870483443,0.649509990964717,0.3728807210744068,0.2760646951861394,0.6058169884139962,0.5669768831366597,0.5100826990775869,0.22896511639369427,0.6901753793312313,0.47377814023443043,0.6424218794716524,0.5218181268928713,0.6641029995672431,0.6599932163560803,0.49467083996043043,0.6110835076921113,0.0,0.7408394357158461,0.2917308839362066,0.6101113176524419,0.52060731515663,0.479386297395281,0.754012411285994,0.7288580328838531,0.5519189793344712,0.7166640355018159,0.6332392693332455,0.6931293615494757,0.5633493792598206,0.7397944181777404,0.0,0.7437199381191223,0.7853060380623038,0.6559327619154101,0.6855408812599639,0.5615546338469394,0.0,0.5994675257717992,0.6924731495579192,0.582477413441646,0.5561817856438733,0.5194859123966332,0.6341810486529611,0.6316383947884275,0.6065573088788687,0.39372418979774065,0.7259195035744035,0.5256078684900416,0.6046986060298236,0.6664845352776038,0.642092020757758,0.4026368101307057,0.0,0.6687128196464234,0.5636848855604945,0.5587176991856804,0.6880320584167625,0.5334166057335709,0.5460024759914384,0.5046115146518513,0.5584188365957342,0.0,0.6313039759801907,0.32131588562534924,0.6688221426798642,0.5610115114080219,0.7015778072473886,0.6163241329561064,0.352277630256851,0.5466980849757394,0.2588849304591834,0.7907036177286344,0.4078350779034669,0.7467291911969489,0.6253878326955902,0.6335491863953928,0.5467762730927873,0.6530214773623776,0.5761653352549826,0.42703482940820564,0.6363273138152281,0.3115172890816229,0.5670190417578486,0.37662271922199636,0.4001879888141475,0.41046816123768065,0.5094409381554575,0.47670217463376535,0.25442862293442275,0.4155245524451174,0.4899915229097195,0.48144484953387495,0.48940922773229906,0.7194659976406917,0.4761143560324947,0.4491551307939551,0.5239795780243237,0.40048013888809014,0.6671058362042602,0.4099850382240578,0.6086558174910334,0.6304613590105019,0.5418830842306287,0.0,0.3514838253230482,0.607652364507586,0.47418278337868724,0.7231698515110031,0.7430281039730464,0.6354497558824128,0.47510290841021496,0.317350253880778,0.617111273771024,0.5381562382321613,0.6499019524880533,0.6786619987961672,0.5869191043100199,0.6523870149210632,0.5340916142951168,0.599018766087092,0.5816041051192886,0.6814015466367943,0.5724160089570781,0.0,0.4320946118585598,0.6574748337217965,0.7028840095773992
2020-11-30,0.5291884241998088,0.5476337438289353,0.41384841465915145,0.6577672231044074,0.6992081239732447,0.14311437849119787,0.6223576282424275,0.0,0.5542283202553155,0.7331457196474491,0.5850649313532056,0.7479261912771873,0.5883215663950958,0.7457838314739417,0.6514999810414324,0.6498053335265931,0.3839758769188041,0.2870485309167542,0.6548080257613395,0.5759311756196878,0.5196669738782268,0.21732684376186034,0.6666526636577357,0.5021341675821664,0.6618162176387782,0.5606559096280453,0.6745714143048519,0.6693844154179752,0.5084575601291544,0.6193729480319387,0.0,0.7634633344910805,0.25100810881594016,0.6459724426226578,0.5310756997964745,0.4389406413351754,0.7881737608566357,0.7425107082757421,0.5039111868676388,0.6478815564116602,0.5983788517591826,0.6612468935938158,0.5554437768559841,0.7498519115319017,0.0,0.7479727804171751,0.7102515055214788,0.6637575517280895,0.697329714150933,0.5820873238339773,0.0,0.623638409116686,0.6981594741656119,0.6127077004594252,0.5744930383400999,0.5265576137887512,0.6698142780795017,0.6464393689800175,0.6357174880107583,0.4179484030951087,0.7369036897385477,0.5521576478745884,0.6314865805674605,0.6798157199461861,0.6623907304262282,0.43065609546055406,0.0,0.680833555370168,0.5859388096668133,0.5692819400035671,0.6989443606730408,0.545901612589392,0.5658227171097688,0.5140889532611607,0.5667186934152884,0.0,0.6432535598869741,0.3581838277505698,0.6843971299087386,0.5677524542554201,0.5881845101998577,0.6292503044425458,0.358294170776763,0.5597650823918849,0.2634388131729366,0.7046560359444418,0.41787442358593235,0.7673722608561567,0.5348257140440721,0.6475879806537186,0.5396675052975818,0.6805768050262191,0.5967179958964289,0.43310745366462633,0.5604554724459161,0.32166342895196426,0.5719853813768433,0.3911247097187896,0.3710693962429322,0.4339636700546451,0.5337290164788913,0.4864731930311884,0.2666104305155409,0.40287575674995063,0.5017755232077594,0.48664785901521523,0.4889257154791959,0.7351352890226681,0.49102215205326427,0.3390086708421954,0.528944200829156,0.4484514544431649,0.706268975896887,0.42521640176571857,0.6183118496089047,0.6542328896501604,0.5269462338109202,0.0,0.41871683072621957,0.6125348872702838,0.44808765126319283,0.7453228707982544,0.7586293615925103,0.6888887881914941,0.4054200420769874,0.30912856930373134,0.6319651709219403,0.5252078175534766,0.5496718839603275,0.6964565293135666,0.5972586077294885,0.7073134552368977,0.5407941331669631,0.6218744651233195,0.5908865306549266,0.6897060263474665,0.5973056246726637,0.0,0.440397069604502,0.7323611806290046,0.6883403950286574
2020-12-31,0.6057345371454909,0.5413356141728562,0.4850482897291594,0.632653372011316,0.6961844949293049,0.24553821106325247,0.6794100815759416,0.0,0.5378338964279109,0.7627590794153348,0.5705347530794231,0.7468575870328857,0.5755432674167552,0.7909383329383651,0.6366685111923128,0.549375057725314,0.3879324601318523,0.3643471114705404,0.6793700876073048,0.5672334717448816,0.5115663168718595,0.2526929462171281,0.7153782929156026,0.5117805047718309,0.6466696350898627,0.5420735923499868,0.6643550668362705,0.677042847293799,0.5389339726813309,0.64013750270852,0.0,0.7741313750280561,0.22391001456573958,0.6565740451415193,0.5175238854831002,0.35958493828057336,0.8070280913409518,0.7051181286619645,0.46609172628514656,0.7216736102339198,0.5940794763311776,0.7361490871024285,0.5985893046320616,0.7786578938713203,0.0,0.7747465025353817,0.787715354916122,0.6683494473588741,0.7074948046499674,0.5666580085058642,0.0751623276132283,0.6561181088980417,0.6890419174454282,0.6688145609696106,0.5545509334563302,0.5676976162229052,0.7314865757081164,0.6919638488488168,0.6514087894803822,0.5143641169609555,0.7294090215199402,0.5308861475247562,0.7231167403262309,0.6706457517718075,0.6462941941910971,0.4182498849143281,0.0,0.5814075055269812,0.569534600346381,0.6564442794760518,0.7184616093643317,0.5525812351805686,0.5615461574428141,0.5043868760115563,0.6018087777202322,0.0,0.7205222090070447,0.4294097463587582,0.6742169620017834,0.5957630861111425,0.6824677482343323,0.673381775799269,0.37564806817705065,0.5449559612419701,0.31432426990478696,0.7813582425517959,0.5021700858799051,0.7502572941213017,0.6436268007646558,0.6923437608947078,0.5664092524370941,0.6622479130587,0.5854592987095587,0.40649324485535454,0.6760442295381932,0.34384098748138264,0.6269416971683538,0.48350964850579503,0.5036675834669353,0.5281103973978348,0.5654070935051213,0.39225078367892746,0.3158618399872624,0.4306398818700548,0.5897366369662156,0.5351817834354891,0.5192848498627003,0.7571951873597645,0.5309141059625571,0.352452064757828,0.4950495544406287,0.48266562853308476,0.7358277255920078,0.40993611349101805,0.6977975932673479,0.637361189905634,0.5202782337352315,0.2309582506788606,0.4786857292904354,0.6339627680957117,0.5256068521838873,0.7480046358870353,0.750105477026487,0.6861146008904633,0.4307780909485099,0.332693722961478,0.6386592144533707,0.520219902157442,0.644872940825234,0.6858614394102001,0.6264592765953941,0.6786158686251362,0.5693760622306647,0.6565858834782138,0.6063581546464883,0.7062626130077125,0.5785950074271026,0.0,0.4364281496392262,0.7951641330004944,0.7141816918984032
2021-01-31,0.620560008742913,0.5430879635922071,0.48813222256373273,0.6277329843957249,0.7067350822217515,0.2480549434499158,0.7144537477591716,0.0,0.5481152102571513,0.7619359853474333,0.5778886363751198,0.7456575186133303,0.6032010112661033,0.7936827411700154,0.5812649661923965,0.564177141189138,0.4172381166765458,0.3681581798451572,0.6795940802597491,0.5705422254925039,0.5158486754071162,0.1856515585671165,0.7610209517554687,0.5147606271079498,0.6554362058876974,0.5518462140708597,0.6679676808672703,0.6814630775777439,0.561535949592708,0.6544580939793047,0.0,0.7783163232424931,0.22330924046796866,0.6624814649878232,0.5212338429916757,0.332761712346611,0.7919054245655285,0.7117109234311066,0.45781353618877174,0.7486453660831519,0.5735360851252725,0.7279416337324709,0.5959217007638078,0.7831258640923355,0.0,0.802198823262599,0.7976057500736569,0.6690110127135331,0.6938288970760677,0.5759613335791886,0.06245043291674369,0.649868885631894,0.6908433881792918,0.6562440861707985,0.5632712097675294,0.5719315163698714,0.7401901548381671,0.6941547358587132,0.6461662334061372,0.5310337972772144,0.7347632055855943,0.5430216718059987,0.7312958998319158,0.6620444869095465,0.6552474777699808,0.4191481796010767,0.0,0.5848816233453533,0.5795971098658231,0.7283266354031178,0.7173840498847657,0.5540343878694662,0.569613255195578,0.5082155932267166,0.5902799545526344,0.0,0.7115760264640226,0.41908716755675296,0.709553329153961,0.6044315575768892,0.6838718843980927,0.673852194455007,0.4247043815980671,0.544671840651373,0.31772466975176317,0.7888141333813813,0.4958329742756857,0.759067007762788,0.6475602645496652,0.6959392342036173,0.5651283087664918,0.6753966652557066,0.5959688051528231,0.41104871418453937,0.6938206149589068,0.3718988689555791,0.6637110438373061,0.48649979034069957,0.49881599087436335,0.5320442596001091,0.5668367104568846,0.42114746263462616,0.3181454189279604,0.43717711481916227,0.6474971889917654,0.5358721003924047,0.541112275702011,0.761124086955231,0.537936531235937,0.3875427846847818,0.49958839029195534,0.5047325241526384,0.7389197152925473,0.4189861876427734,0.6946985884075777,0.6483156461459691,0.4375277756072419,0.23627991439595475,0.47519592996541765,0.6295321703014534,0.5248454269002103,0.7301280458105767,0.757387585530282,0.6887494791405125,0.42933589469063177,0.31856085395334616,0.6451428766139985,0.5464606567858364,0.6925564353742304,0.6946364857122621,0.6592160129387529,0.6707445815173185,0.5739693193477764,0.6665343499187855,0.6078418952203235,0.7088294045574937,0.5896486064826939,0.0,0.44093683966284086,0.7835072016661188,0.7292787964933843
2021-02-28,0.6436142127018616,0.5460686208998645,0.4941102702199305,0.6546232464245629,0.7187575010765024,0.255904262731254,0.7213913136352798,0.0,0.5617394471167951,0.7630622414663994,0.5869225658753712,0.7288836940327175,0.6200298721405122,0.7985517337842247,0.5914288902516867,0.617205550647759,0.41412296803004633,0.37701919859248245,0.6801992618709399,0.5762449868735248,0.5226044921848947,0.2494557908682329,0.790099397116844,0.47813273708531134,0.666583739848372,0.5642944646649158,0.6723628204243077,0.6992329060444346,0.575431397548983,0.6797316595734415,0.0,0.8080610436549809,0.31943150357798183,0.6697966296849986,0.5283800078162233,0.30285496205837964,0.831844842643032,0.7195645557293769,0.4574287144592365,0.7769159993548423,0.5695820528005954,0.7598791437109254,0.6046171742461697,0.7872406678833341,0.0,0.8163682323663751,0.8014575740248462,0.6720083572142581,0.6995404661533988,0.587337630744353,0.03530126861838525,0.6541301611479805,0.7216368233478598,0.6823086033042406,0.5738295361676791,0.5774084078304415,0.7431568058576912,0.6983197302704465,0.6710359164465092,0.5247598308364603,0.741034420699918,0.5583254170620036,0.7617838680907588,0.6696023707254298,0.6663508825696235,0.4596020984366314,0.0,0.6299988932460606,0.59266753336626,0.7374828197294763,0.7181084090172876,0.6313976707390007,0.5895028977498932,0.577205680741003,0.6224897374037617,0.0,0.7067222924002559,0.5053392635109359,0.7323152584690544,0.6055580473721156,0.7288002349698309,0.6757583934497374,0.44634792382829175,0.5535732532205048,0.36503485993973056,0.7755467749938094,0.49869262542460835,0.7701586247854815,0.6536454430220209,0.7011975551897554,0.5656428007677952,0.6911100321348981,0.6094216423547362,0.41687803738596035,0.7343411986412877,0.398920892677123,0.6722572346623819,0.4937652018013572,0.48785172015296463,0.5484693619903829,0.5701050124644793,0.4578857389557664,0.3430212787285049,0.438494697865642,0.6442231282808292,0.5383061330164688,0.5577249335150798,0.7665667110501316,0.5460633089257598,0.3470317585990012,0.4606587260276114,0.5241032561196006,0.7665515306907623,0.4332002343782216,0.7208028711479868,0.6626763220820366,0.436634377711449,0.2149255370132448,0.5768978761460286,0.628814042211356,0.5819587219684226,0.7386271336443104,0.7658752160156859,0.7289484453392819,0.4278116288377899,0.3257695356686519,0.6536175849068456,0.6308607298989937,0.7027952554464728,0.7166356843887064,0.6265338216139053,0.7341966851660051,0.580014480058702,0.6787692855525173,0.5997944008962217,0.712077142024664,0.6042613259275251,0.0,0.44700426767304013,0.8120861496412963,0.7758884688399751
2021-03-31,0.6473697117713108,0.5541370322051413,0.5120267413788465,0.6668355209213153,0.7365077492352442,0.27633670042247405,0.7097331902750318,0.0,0.5904520121729224,0.7777196718420287,0.6037123233858812,0.7430344819769477,0.622115337487569,0.8043387179462615,0.6152068767495215,0.6246948765435764,0.42663837623518236,0.40067506236632255,0.6836205014986559,0.5947963074687984,0.5410077815645382,0.2408046437692605,0.7936687144047149,0.47977814674769714,0.6877236580612972,0.5873894498682205,0.6803140085347863,0.7338829790704429,0.5848507928682768,0.6920680524640265,0.0,0.8199545092812661,0.3405866101732929,0.6846441475393039,0.5498083151169609,0.28302754489973125,0.8248999126805685,0.7355917537631894,0.44351793023244546,0.7840948128535052,0.5823487001478124,0.7626967938664401,0.6065290316333065,0.7973497775506003,0.0,0.821451325621651,0.7607174868000988,0.6823813911089531,0.7132692240995296,0.6075988360303334,0.03523101405701105,0.6555318725271461,0.7301239527192311,0.6639859190527483,0.5947738541435231,0.5895259778995185,0.7511071047397959,0.7085753672951597,0.6864044772358895,0.5286936079228619,0.7515746314676504,0.5843376084275238,0.7757279470714092,0.6884256703352574,0.6774026678549658,0.48425075042137394,0.0,0.6460555326425822,0.6198136474895735,0.7508891086470387,0.7229047814280768,0.6535364878043539,0.6037117575551487,0.5822392713317068,0.6295327216183353,0.0,0.7091726500181386,0.5029779145747733,0.7732257487072386,0.6145082664696444,0.7380027362319913,0.681710046943486,0.4571839180783122,0.5631593625333592,0.3806931369826855,0.7954214054855617,0.5127543619954279,0.7744637593300664,0.6688193095096827,0.7130877897494665,0.571055265500981,0.7157633551946759,0.6372510161393458,0.42974646886797785,0.7467025983195477,0.366470315844187,0.6568050672326579,0.5107013470096571,0.47368315200836963,0.559315717520485,0.5816793756749384,0.46908459072071745,0.35211975888890584,0.4440074416150499,0.652370411645623,0.5476172346424341,0.5604186421161228,0.7773756959271173,0.5605104460617721,0.3446761479091204,0.4815355822609221,0.5231156845103326,0.7717072340998088,0.46456583046678845,0.7224673929782605,0.6925723863782816,0.43951732343029587,0.19139855682977186,0.5792366025980487,0.634021206911268,0.5799959501529103,0.7573091349041907,0.7212645603715061,0.7398843327436776,0.4383101930162095,0.3464038975774011,0.6715574952779879,0.641599061835533,0.7145319680520108,0.7338069280215183,0.587433850329479,0.7833581004293457,0.5940576640114369,0.6997890986433289,0.6117650838149573,0.7181489948910884,0.6329196193810342,0.0,0.4618148165299659,0.8189767595955433,0.7916932503724573
2021-04-30,0.6555145366535746,0.5906173687695683,0.5877750727402326,0.6585213428082891,0.7282835627050445,0.31882965402419855,0.7039627482769178,0.0,0.5740549701095363,0.8146995156741362,0.592103911934366,0.7499202668712007,0.6132208254428768,0.7842732964827706,0.5999690758762605,0.6142836677552551,0.4535308856780208,0.4332960177357984,0.6004327506904625,0.5833770016961128,0.5826257370607559,0.24786865161446356,0.7966045413990496,0.5030817903697884,0.6753607414243988,0.5536832225681014,0.6729967278079346,0.7627479954904273,0.5899332315503092,0.6897096773208845,0.0,0.8147359875399156,0.39378231618004245,0.7126971686915283,0.5321201781768365,0.3247856308718268,0.8258356718370832,0.7260534911305545,0.5051274571472807,0.7974014204295079,0.5858284928884531,0.7579412657866338,0.6379575914753359,0.8033469148257153,0.0,0.8308172641220254,0.7615757899785822,0.7225603625870055,0.688031510114248,0.5965839133102351,0.21240731356527087,0.6682222870026406,0.7259496893331202,0.6593589966795432,0.5834628304336982,0.5848874719414234,0.7932162316658598,0.6927026973745235,0.6804459562020354,0.5640975832384227,0.7477088961467875,0.5943855747320386,0.7683992316700464,0.6757428704929284,0.6654356153296694,0.501661509410832,0.0,0.6257180467682183,0.6039014203477926,0.7319751235584109,0.7169914982109192,0.6423419365645802,0.5898761351087038,0.5779163302093672,0.6616429771304401,0.0,0.7134277535830665,0.5382009363337016,0.8103949445062569,0.6341175416993355,0.7302537112980156,0.6927771407193029,0.4809894026060577,0.5940337559261748,0.3807236606238031,0.785333587730527,0.5234711999362247,0.7608346882366934,0.663382256012895,0.7560069269605055,0.6391501662668478,0.7045216858048069,0.6256042704474012,0.43842212663397356,0.7466236091695952,0.41446297115625347,0.6700730589603884,0.553006701408526,0.5627275766645038,0.5672993928172739,0.6088599181165141,0.5254290828393042,0.3724825368850338,0.47456746818810824,0.6794931618089127,0.561443502095664,0.5585561967059649,0.794498110781398,0.5758538734766228,0.3437474838803276,0.4218511761772159,0.5292657479225834,0.7582862392127434,0.4991374423245877,0.7253059150102984,0.6759796129067348,0.4599968392670764,0.3410372428231818,0.5811661485894197,0.646694850265549,0.5839750026029455,0.7622164828333403,0.7119603041751589,0.7177337640174118,0.45244298533718885,0.3977510603814215,0.6609810308319256,0.6293293810239206,0.7294294057373153,0.7263332283510796,0.6708640388447702,0.7755245540341505,0.572417862327316,0.7066203675251853,0.6105007659368606,0.7215207256329266,0.6163504563875323,0.0,0.4557117686699691,0.8141493080398361,0.7983883634078732
2021-05-31,0.6541149654596352,0.5927377986742612,0.5880216742566237,0.6623680620537407,0.7344640098016643,0.3187978090203099,0.7097342597061156,0.0,0.5834339435242285,0.816682557962937,0.5968829112749608,0.754411644388841,0.6131114787137172,0.786502340540959,0.607567718524175,0.6165573179887327,0.47769993756007806,0.43942023910339534,0.6020675722909745,0.5325060512492292,0.5867572893162268,0.23983593577743545,0.7956373052666794,0.503686494383885,0.6824379024206977,0.5634226576650213,0.6744990743842432,0.7642372542605511,0.5956845551314414,0.6924541958655649,0.0,0.8191654714757007,0.40405436972875103,0.716156404503941,0.5382608812124924,0.3164054973837683,0.8272832100827696,0.7311201427160144,0.5022962306222816,0.7984560079451719,0.5905289335643064,0.7602030753804743,0.6144598673597889,0.8089389181695303,0.0,0.8321806016578455,0.7669165454469393,0.7211176195884361,0.690700239173528,0.6033604916682856,0.18438581408339674,0.665667560905313,0.7291856285544048,0.6476751929746704,0.5904671316308392,0.590010650141176,0.7944605717378004,0.6950713250272788,0.686535258044692,0.5027296126260477,0.7518784226900197,0.5995055442900051,0.773993118086412,0.6812468236574918,0.6717945705272772,0.5115571226688195,0.0,0.6299839314020438,0.6127915075211537,0.7377199852239366,0.7174520513146533,0.6504113737090904,0.5957007383095038,0.5792409677117845,0.6657822002490213,0.0,0.7091671783977035,0.5355326991840266,0.8106721040549101,0.64641157223172,0.7321870960915794,0.6937095670227279,0.48532428175450765,0.595657324784564,0.3875526722695648,0.7920647806712128,0.46526925125558055,0.7672975143524032,0.667797043519846,0.7570628989521045,0.6389375878104576,0.7132110670774082,0.63626538447119,0.4448819421693936,0.7510346364587024,0.4834059498022784,0.6711868391978588,0.5583126870059211,0.5642041735059679,0.5730946271321478,0.6100719445304168,0.5275050004869237,0.3799258061661114,0.46948172016784484,0.6798685704332824,0.5632418982166533,0.5571013616664184,0.7968110235382152,0.5802840182432845,0.3625474295073019,0.4313742114103166,0.5284831941055276,0.7605847216053438,0.5101808227891804,0.7216603495044054,0.6859385377716261,0.4610662134442824,0.34736418735712854,0.575124584954972,0.645957230791174,0.5264934712495262,0.768095665047312,0.7182478361601233,0.720965558631603,0.4570762112496889,0.4095325382838093,0.6624866825797773,0.6294112557827591,0.746693743325702,0.7327511367527414,0.6774694254621574,0.7801371868878162,0.5759115167356555,0.7104568832118586,0.6142524339197761,0.7236840773012941,0.6257337204124267,0.0,0.46192585164547345,0.8140284366321859,0.8042901755594769
2021-06-30,0.657103096894085,0.6086131648327504,0.584448769760049,0.6769395874041152,0.7336442861317473,0.41322454742246756,0.7381312177610933,0.0,0.5812317728941857,0.8048115025346304,0.5940014691210249,0.7629248451878712,0.6847771401772915,0.8127301310193235,0.648477571555298,0.6165869302449075,0.4830718472077203,0.4412574584841337,0.689130563100074,0.5311776943974656,0.5850328629182895,0.30528661693150005,0.7750842904531076,0.4419443654177963,0.6805078208983643,0.5572336497534294,0.6718059402235629,0.7440270782225014,0.6277907004285399,0.7108235290601073,0.0,0.8190299196208894,0.40688588195133546,0.7043657388824524,0.533867822727274,0.41669355875598113,0.822520301753184,0.7295224091401169,0.4706976151954103,0.7985575449729291,0.6097015323490442,0.7792083172819213,0.6388488324022205,0.795306080345227,0.0,0.8335072083603374,0.7446678523471886,0.7588400573888365,0.6857671768674987,0.6017976898374822,0.2505740940313428,0.7174763616695774,0.7060986367726289,0.670196119643528,0.5891618848664242,0.6334330078717815,0.800470666147229,0.6545196347225405,0.6834172691380687,0.565537591587226,0.7217791052062215,0.598548718916069,0.7596039790109371,0.6414572790401899,0.6696276590324526,0.5289837947570004,0.0,0.610477091961947,0.610351326174426,0.7359101098538606,0.7303552181008893,0.6473503844507174,0.620564856975143,0.5779631109399329,0.6835857480214854,0.0,0.7047843128082295,0.5458367617408294,0.8083601317150844,0.6529948241922898,0.7474013768824839,0.7069631518986005,0.5324381711060345,0.5921271513301617,0.4033490062833999,0.8284859452144442,0.5277902074833636,0.7646327103696157,0.665144437078512,0.7849585989641191,0.6334032119449108,0.7123549187236634,0.6370538889591749,0.49204953819038666,0.7655673421792412,0.5231555842237979,0.6798630577637835,0.5656438882696029,0.5772387261370167,0.5929775869189945,0.6142649289573928,0.5840272725871267,0.39715702141676196,0.46810624045348886,0.6538104270182866,0.5615796560675143,0.5666465372952866,0.8253219790898613,0.5665134571682766,0.3471717090249444,0.3726787921541436,0.5669393176271366,0.7515688000353338,0.5133016042866553,0.7310432620865358,0.6837881952031324,0.4513946350638736,0.528144677882053,0.5916057816047884,0.6446748382702441,0.5257163874945585,0.7890795181641608,0.717046118206472,0.7448683797227665,0.45138096921373067,0.41165593273405554,0.68888144625357,0.6677374403890434,0.7564447037733519,0.7326044393226182,0.6619041139291463,0.7728060874111264,0.6676008958487462,0.727786787612986,0.6135788395276807,0.7425895594701837,0.6229511681345792,0.0,0.4628061451384142,0.8239220768179393,0.8064172690283152
2021-07-31,0.6522391866949949,0.611273309458364,0.5755235106304818,0.6633785281559803,0.695254012872077,0.433639225586719,0.757078559343536,0.0,0.5665516891201723,0.8047715130069378,0.582498603008797,0.7680711618171068,0.6678973483260285,0.8185748168831403,0.6353648961930761,0.6132329894141336,0.4833688994695386,0.4370791116271899,0.5997406287282574,0.5242872554469707,0.5727241422185128,0.31759109273230846,0.7917804558795453,0.4210003649103581,0.6682614449044683,0.5261250224867536,0.6643023301559591,0.7432832801581789,0.6294170267235686,0.7181525143833372,0.0,0.8261991997228672,0.41237488574355063,0.7080912749295137,0.5186957213309725,0.410785377027516,0.8221317583949679,0.7208978230909182,0.46405185036072455,0.8170142953941457,0.5923491434820324,0.7604506929740987,0.6368881418381536,0.7992585262284165,0.0,0.8159744833037005,0.7383059842237243,0.7516123949400989,0.6725577000645213,0.5900554150881117,0.23584791579248027,0.6888985275444839,0.7143059944650807,0.6637705209681772,0.5791559198414326,0.6473240373197306,0.8049066331790573,0.7170932695033837,0.6849170112011278,0.5630190476913725,0.6869065857244234,0.5836413693150684,0.80657657765216,0.6292606606113512,0.6575532042320635,0.5331499047537497,0.0,0.607814414006767,0.5956161793022539,0.7239895869541619,0.7229237187462642,0.6635487541337624,0.6597548053680907,0.5737541987973572,0.6781219938971108,0.0,0.6986491217635655,0.5526416627920083,0.7850092852376177,0.6703278521358418,0.762340700704534,0.7018682190051693,0.5548108126184039,0.6251346354913662,0.4195082227622745,0.836789997714808,0.5102657674952122,0.7515677526822561,0.6548205512431904,0.7809681797226296,0.6582191218488288,0.6992668306679304,0.6272714111934284,0.4850260829700037,0.750908901289006,0.5692943507047131,0.7006374774139109,0.5645776801781889,0.5892632071391032,0.5969368900464987,0.6016623118307506,0.5979189797802756,0.40647145177904725,0.48559353084712126,0.6720554097220134,0.5870809785902199,0.5821180505373099,0.822081956050033,0.5591169503720991,0.48146472439891963,0.37140856339130407,0.5743265419852636,0.7550937992936475,0.5038436112396963,0.7308343092766084,0.6684439307861856,0.4644070137652232,0.5003901321312592,0.6065732592866693,0.6414218871720813,0.5330255721692627,0.8055341303328455,0.7069856679469657,0.7506616582390856,0.5269347022802745,0.44446698458119854,0.6790882256939736,0.648766935499941,0.7582855548232521,0.7245021772442451,0.7041762458883802,0.7615751687434249,0.684099775165546,0.716677299359582,0.6038750581610807,0.7400869574518056,0.6063726588510152,0.0,0.45810203290937074,0.8175928504104429,0.8134783523315519
2021-08-31,0.6413492764236074,0.6134103969173563,0.5807790780678407,0.6836494016218108,0.7299194168290748,0.45614021127587034,0.7557072277139031,0.0,0.5791469634933566,0.7999051622022197,0.58992673279004,0.7229235545904933,0.7026729356563841,0.8212117088476293,0.6232388618306522,0.6166272473718305,0.4836789847745513,0.4485355465928443,0.6020413229889602,0.5306755527045457,0.578599173653938,0.3331788121652451,0.7967348496875739,0.4091702894385614,0.6786240476972859,0.5397457110091096,0.6673601318007304,0.7480367941053229,0.6365323114112262,0.7272462923515662,0.0,0.8542815528066564,0.4260922440784076,0.7133543508088641,0.5280446759569983,0.41301739801022624,0.8285661037072067,0.7127789097918551,0.488139594230325,0.8180152635368779,0.6079948859816173,0.7934942072836018,0.6178514860830617,0.8044003289458009,0.0,0.8202643675489111,0.732643012135374,0.7519408603505933,0.6700043026544492,0.600197110665239,0.2184971113423836,0.7172727974254077,0.7174277990099475,0.6530291949782726,0.5881269772035838,0.6513110400000937,0.805836996614525,0.7196666609792433,0.6904389288682816,0.546828832417816,0.6946054597609901,0.598405056677848,0.8123627984096669,0.6336293934578112,0.6670648311659679,0.5593940097886537,0.0,0.6155461391349636,0.6077679517539386,0.7534115600367781,0.7277106331882901,0.6928829543385491,0.663868610069748,0.5789688112239543,0.6832808534375068,0.0,0.7018825168443569,0.5686229430119829,0.801050203025132,0.6811150788263537,0.7993055658579835,0.706964712465145,0.5571226561248989,0.6184523997405451,0.430425919414979,0.8536124215542683,0.518494096497643,0.7605021965010587,0.657612979875202,0.7846630810577084,0.6826091939158196,0.7122484367764702,0.64052119787411,0.4909351946609271,0.7829886264481031,0.6136667816730115,0.7294627838642171,0.5744886677230258,0.5958273834337577,0.6045747186476569,0.6065369830694458,0.6184927758550564,0.4090179115537881,0.487585130160211,0.7065163702710213,0.5901486444467148,0.5790100242967284,0.826041926556749,0.5651679154195393,0.5216735688237909,0.3809111463933569,0.5931107237577726,0.7644663614603336,0.5215033544132126,0.7609274161112202,0.681733302524131,0.46414854478584,0.4933032291623236,0.6047806479739032,0.6454042185169757,0.5626507942388175,0.8183766632409928,0.7155382748080876,0.7859660614964937,0.5332934287422477,0.4634610031757109,0.687417409931523,0.6518563831022943,0.7583870444467327,0.7356532258494115,0.6355052913332978,0.7754345350648991,0.691877710851565,0.726687145804087,0.5739352693134877,0.743984314819084,0.6196664683312461,0.0,0.4656912648340483,0.8141770761027535,0.8147330626412874
2021-09-30,0.613593658584017,0.5970975734979529,0.554000035893005,0.685167167030796,0.7382877332504829,0.49302682993634284,0.7497236218345806,0.0,0.5920795676216486,0.8101952123402757,0.596806116995648,0.6574015192210986,0.6876900480103958,0.827884025477091,0.633931210305802,0.6195728683374911,0.4952668474457176,0.4585761004438831,0.6038976623277768,0.5394653435275265,0.5853650824476309,0.3276976664279431,0.8203801690746512,0.3892490342505659,0.688571123217968,0.5540721552756411,0.6698025691995715,0.7634965486529868,0.6452761040580729,0.7471658860944131,0.0,0.8536206890418555,0.38589909373447684,0.6899782609545669,0.5383441960849581,0.41660155343733846,0.8342435412388275,0.7198763598088995,0.4740972209847977,0.8188699465088923,0.6326199944322336,0.7958614369124656,0.6056602667194051,0.8169870581368038,0.0,0.8179585948548745,0.6988535165376435,0.7526499484806332,0.6749177435578573,0.6095751056372567,0.20628723382465106,0.7168824902971732,0.7486726272031357,0.6944604169455963,0.5973063740358828,0.6558779319657392,0.8062343033661405,0.7217602622006577,0.6991075212731149,0.5789504368208533,0.7016316238708092,0.6113137706772956,0.8033531300101753,0.6390694372640544,0.6757733488256514,0.5485285852701384,0.0,0.6242162719080175,0.6201894189333113,0.767369436858103,0.7267023865277886,0.7008871942495853,0.6795271488711905,0.5812337526764302,0.6964772783487131,0.0,0.7238242927967575,0.5716099837835027,0.8029655387729943,0.6885118423032628,0.7996401400198152,0.7120562157828647,0.5907989788687396,0.6312487774530224,0.4398357599349203,0.8545402916549816,0.5532200871323099,0.7691069349222756,0.6475387714456885,0.788090105555459,0.6837364354570535,0.7229825053584547,0.654134787876186,0.4990509062521463,0.7908020750429214,0.5586990063076847,0.7176795024787883,0.5820005860466352,0.5979020923679257,0.6129691804472108,0.6084809061630341,0.6275971710082415,0.4390590806830387,0.490908781299258,0.7151930211647005,0.612132364925182,0.5819627219437653,0.8266694891368143,0.5709520868670829,0.548502838072383,0.40905908927741325,0.5915408892445928,0.7542972377143015,0.5398692899758223,0.7441924057596769,0.6952564466814781,0.46504578527809703,0.47351018525614125,0.6317128095904208,0.6786087309133023,0.5726227578252631,0.8127492717461164,0.7231254068659271,0.7863595727377998,0.5365854615909649,0.5043964102162726,0.6963461204560125,0.674766662812283,0.7699335325887549,0.7438672340169936,0.6231071004540115,0.7821091492875176,0.6863399297555425,0.7310576642249977,0.5759949100526901,0.744847524890868,0.6324260595760307,0.0,0.47455696487712606,0.8096933426479417,0.81431162870073
2021-10-31,0.6095942025279237,0.6037286353827769,0.5556409492609297,0.6960172140680796,0.7384054102398017,0.5278736862080202,0.7510981252425967,0.0,0.5923652533396797,0.8164178889084454,0.5953373349854919,0.6581259810381171,0.6882652077684158,0.800309173029611,0.6334343998049045,0.618695427760216,0.5004743830196158,0.4643166334806374,0.6054727183734049,0.49640730916278636,0.585829526350565,0.4197618225391452,0.8246476989383058,0.38484643739648783,0.6883416094749266,0.5545091542780852,0.6678781749628334,0.7638000274844688,0.6671390075593974,0.7478034112052238,0.0,0.8540564606610311,0.40486846344521876,0.6893580501502093,0.5369240454018863,0.38734344309446334,0.8351302111807114,0.7194448017378301,0.48863492932064356,0.7917507922584229,0.6024515166244065,0.7995844127296902,0.6218759307373396,0.8164253602423144,0.0,0.8215053936624515,0.7128745133450115,0.7481269474551607,0.6713247234281102,0.6097510164631221,0.2768772546748972,0.7020351704769303,0.7496906003677004,0.7027707067758177,0.5973616453646422,0.6560785267483729,0.7866605186539748,0.7187929845431036,0.7010801243494357,0.5849659891799776,0.7024123210736779,0.6129151233134726,0.8037560728217399,0.6514192948559577,0.6751869812426455,0.5422796611908485,0.0,0.6309224162775136,0.6005097697879004,0.771130219328377,0.7451235915761013,0.7272967883717133,0.6843811571876836,0.5804813438657872,0.6970436325242401,0.0,0.7262095559580222,0.5725804822664633,0.8165702448361555,0.6947093450877424,0.8025408178793391,0.7135589625674191,0.5952402134732179,0.6284643091672097,0.44416254356506363,0.8541272474698045,0.539311262821239,0.7680321117009804,0.6630542310601188,0.7885788333003436,0.6914697292102864,0.7235696367362534,0.6568895869001438,0.5280021844744802,0.7659899667030159,0.5789256469614757,0.7164180372475693,0.5792421188358454,0.5521982559077353,0.618038565283405,0.610238294302123,0.6415692932654657,0.4475699580009581,0.48503541776895576,0.7126477774931168,0.613931629836802,0.5781463544178572,0.8276773392282126,0.5303463741250573,0.5896680030637487,0.4135573678260789,0.6113899946713568,0.7506641399802418,0.5800995868165434,0.7414698449983694,0.6955146801474033,0.454359784906105,0.4626312541775918,0.6465433101984581,0.6817586325550312,0.6020369779312035,0.8118557526765242,0.7443426383877252,0.7914762194668116,0.5411722573967878,0.5205495216955178,0.6964287446784411,0.6882997708675659,0.7737254665991105,0.7446821303463906,0.6724090951834693,0.7900728454331879,0.733603897285842,0.7435483067518603,0.5757867381805154,0.7408482081530128,0.6317737841249396,0.0,0.4923781402763909,0.8042407601531182,0.8101766577778382
2021-11-30,0.6456267568242838,0.5153137444800462,0.5680352474663423,0.6955257300046194,0.7387390010064173,0.557071497759695,0.6663061020903318,0.0,0.592839807988298,0.7501498285724597,0.5941128411945626,0.6480924087616923,0.7174067854570478,0.78924587686236,0.6331679333822177,0.6222664216700996,0.5058031201432602,0.4685010847345398,0.6483376984757184,0.49543357145394806,0.594703558377454,0.45603677649065544,0.7363049794058365,0.46215400151309155,0.7000399124127903,0.5550778198943622,0.6660795996070354,0.7132980564319626,0.7041499266389382,0.748713749971678,0.0,0.8645629204785615,0.4420166542873568,0.6867780595238249,0.5358409604397092,0.4215679115587847,0.7890613123197285,0.7190912927679856,0.5059111417870077,0.7601373350201395,0.6096616053922851,0.7507504122280115,0.6452408762759201,0.7430468556962737,0.0,0.7982277529040779,0.6770096766983091,0.7469256990689065,0.6828224111577226,0.6101271937054649,0.3230042518861538,0.7395640655121902,0.7249520580418851,0.7098528062451549,0.5975621178079482,0.5400290585945399,0.7927903537009693,0.582367120210502,0.718689344861225,0.5698216780320888,0.7143344868974587,0.6146565625053214,0.6963308984015398,0.6474238467502714,0.674874439504702,0.5491169799234776,0.0,0.6796257557869775,0.6006720026896883,0.7721900400624561,0.7444149720079463,0.726078820082229,0.7102978275191074,0.5799561775710101,0.7177225936744052,0.0,0.7303369125256085,0.5731690567605143,0.8266131108191918,0.7069282702079076,0.8020792848940995,0.7151027841351267,0.6027096908326047,0.6664904461803737,0.4758265534221919,0.8531793442917297,0.5484652044130953,0.7670510783600477,0.6615606078694426,0.7978726063682984,0.6992184898358217,0.7244136202961569,0.6598485193288279,0.530669006232697,0.7472374572735644,0.5932001357513312,0.6020329008981844,0.6190173763001836,0.5923951117249421,0.645283984537972,0.6214697625028638,0.6570851173048138,0.4892107727902991,0.5528302539625611,0.7091891706504374,0.6246345992510692,0.5743823431548671,0.8288641287217605,0.5296895391878805,0.6367784563878726,0.47698693505366024,0.6067088139531477,0.7818992283050307,0.5862902890818079,0.7383275372130227,0.6959408257105388,0.5664106049299311,0.47914595430047713,0.6434314816206348,0.6851447886448093,0.6149611450939854,0.8271323177297558,0.7448964882081338,0.7919363688421024,0.541410577697575,0.5480708898518553,0.6967583691714376,0.6680756981315678,0.7379318997282748,0.739578481257651,0.6450014304955125,0.7196266019887853,0.7574667647782031,0.7441470519856022,0.563319446620665,0.743201954942125,0.6313718463478819,0.0,0.4946164913884823,0.6774731082340846,0.7945418920277129
2021-12-31,0.6460739358627342,0.523725634462222,0.5699370475299316,0.6466318633894329,0.7392005695055546,0.5619861511470069,0.6677792990348909,0.0,0.5937057644332905,0.7588172124659126,0.5930697423506035,0.6491895632585553,0.7269002547996137,0.7523465107011188,0.6332283487615392,0.6241629470755911,0.5578396057897973,0.4753591193170201,0.6480143569324549,0.49487207389831767,0.5953517411025245,0.44996974189100636,0.7408050250829913,0.47873487232028394,0.7004871307827849,0.5560771933596067,0.6642906157693724,0.7167624470770289,0.7116343622840757,0.7486145727644336,0.0,0.8666196458587229,0.4109508819622628,0.6860857743963336,0.5351921930093961,0.4306588975739041,0.7912141922854623,0.7188905921377398,0.48237526891540733,0.761804383639741,0.6058288634595279,0.753579359529487,0.6124920917771817,0.7467763729706661,0.0,0.8185514084676546,0.6499561622409475,0.7578627633548902,0.6795384167964015,0.6107622022441279,0.32654879363025563,0.7393767008853017,0.7258996672085036,0.6975077203853406,0.5979406971148082,0.5128072461085578,0.7939079482067353,0.579027730595545,0.7338261651231411,0.5885178377522073,0.7153682138407351,0.6370128213626681,0.6989566236833719,0.6431976694535207,0.6747716146903219,0.5539405588747424,0.0,0.6949021931243257,0.6012110051125759,0.7366855147952012,0.7437700774154511,0.7253209773484552,0.7123896411503006,0.5795004853899142,0.7184849836713546,0.0,0.7201385101626312,0.5863677648582285,0.8063490762934314,0.71004874040362,0.8012661086115723,0.7167007715296648,0.6245495039218629,0.6683218137457159,0.48000657491463955,0.8278808201494535,0.5515703710152191,0.7663103234042286,0.6600892560601137,0.7984990930730568,0.6751552429770974,0.725461230028901,0.6631185251498968,0.44560048799099156,0.7473949851139607,0.5803968346961836,0.5939362833586816,0.6360601014412404,0.6125965669588305,0.6512855739587544,0.6331629161615427,0.6666989762761818,0.49093514946398586,0.539410130466897,0.7422175026840749,0.6258394722885975,0.5746529524680373,0.8301586931756155,0.5291706478015823,0.6224466440541222,0.5034547886435601,0.6031396517894095,0.7829262871918906,0.4576643821116835,0.6934957358877394,0.6967079473037388,0.5628738066307343,0.4733823396716649,0.652104672202515,0.688804235589892,0.6126326771617445,0.8100656657453088,0.7453324489160966,0.7924759451254476,0.5783094213415083,0.509284541891746,0.697361847690397,0.6712158830607827,0.620191385775699,0.7402699066954453,0.5776587319289666,0.745817784950394,0.7579857310429087,0.7449764149967413,0.4789963376112938,0.7441958448823426,0.631244682505533,0.0,0.4971419842369984,0.6527083689263032,0.781945427182738
2022-01-31,0.634377267916429,0.5201515601055443,0.5616502265403596,0.637461007984546,0.7291000216562189,0.5606746616657025,0.6609384086947226,0.0,0.5794057392124433,0.7543493096393876,0.5819404318526756,0.637893912943597,0.7247558012846025,0.7478665256199032,0.6187035340393003,0.6178511843562278,0.5527862379534625,0.4740136651455876,0.6392891372339262,0.4854254697189011,0.5874054275089492,0.4541480224304753,0.7312402819459554,0.4678412599654408,0.693393884215379,0.5400393712111664,0.657334100528428,0.7108066077244392,0.7165715506893546,0.7452890585855578,0.0,0.8639038394387271,0.40815840171424234,0.6762504301235659,0.5204836383442952,0.43243962155675003,0.7891351411176121,0.7096841062552273,0.47168299616393167,0.7579529016793368,0.595181533314023,0.7529960133858444,0.6042960949162435,0.7399022031322185,0.0,0.8171484756090377,0.6415898920173354,0.7531724490061704,0.6658002329897853,0.5996250571526608,0.30950019089308356,0.738062140859731,0.7193185327715521,0.6980391817114936,0.5876503403511305,0.5082889846932777,0.7915665835815701,0.5613711823168809,0.7290863386281299,0.5838643917337772,0.708902645573124,0.6282946243249983,0.6885216740931718,0.6276585243597101,0.6633693346472763,0.5456794162469394,0.0,0.685626875623142,0.5864987073564331,0.7276146926441669,0.7380166669650697,0.7200652532643873,0.708909165249315,0.5752350419289199,0.7145882440241725,0.0,0.7191913567252555,0.5743500813410907,0.7997055906077076,0.7082654866236167,0.7974564065398771,0.7124842469477353,0.6254390799532198,0.6560633287790785,0.4758934590715738,0.8183099674708495,0.5468962597755284,0.7537779777229696,0.6479515750530495,0.7953205969082419,0.6623699856527743,0.7139412638482433,0.6536948566660686,0.4420695949766848,0.7415634449594927,0.5690846205468187,0.5850119256241861,0.636309596008384,0.6104613765050747,0.6516806200773496,0.6279981916672533,0.6719736269963498,0.49365181129831304,0.530737600317942,0.7362162717885097,0.6227857439262843,0.5650843264991373,0.8272545089953764,0.5152898867178485,0.6044300060759238,0.49718537702654986,0.5944338610898686,0.7819935696030746,0.43920069709179266,0.6820503276893733,0.6813804511511874,0.552510021836197,0.45712099559833097,0.6467200967450188,0.6886015962333975,0.6120283801351212,0.8011848263439701,0.738176612717195,0.7887722200552187,0.5692837872975819,0.5048532148899253,0.6870131056142214,0.6720241380900371,0.6129775781537521,0.7351603286803351,0.5687602358678228,0.7231986480229989,0.7560726102242501,0.737510665986089,0.47415053354417347,0.7408523209878756,0.6145583170052438,0.0,0.4910508512923422,0.6320972445555813,0.7775652365380606
2022-02-28,0.6353926723745691,0.5235553155416203,0.5682784148730564,0.6406864023169228,0.734855576358078,0.5669625168959822,0.6538656493597016,0.0,0.5875262748427547,0.7586393662665964,0.5860803331153503,0.6210726153311568,0.7268759340887087,0.7520554896602089,0.6238655815677623,0.6180053267094686,0.5603513898328337,0.48386880664192566,0.6426650044140689,0.4894860270814568,0.5926484059254769,0.4651325532385203,0.7368686406318568,0.4408698317048978,0.6974661524101209,0.5493562926063746,0.6584829414369795,0.7160869573170109,0.7254944062955653,0.7472788578843381,0.0,0.8657513386324168,0.4190948207858081,0.6798941458192169,0.5272232616977579,0.44707891142991235,0.792782164928086,0.7137409106608581,0.4677002597125362,0.7616141268789893,0.5978625595552096,0.7594953731218749,0.6087892396492856,0.7465967459166167,0.0,0.8197467107943289,0.6344705858771882,0.7538727745879803,0.6683014754304719,0.6061420339446311,0.31597739199735025,0.7413005842273018,0.7215628587363333,0.7029944263894649,0.5929398007953001,0.5128364787799587,0.7942847869866646,0.565663597936362,0.7342521816200939,0.5923016171031876,0.7132822415944402,0.6351686108205266,0.6965052058435814,0.6287262879446053,0.6689187816346347,0.554420637839021,0.0,0.6890491104906759,0.5944357938220097,0.7333481387651695,0.7403255570500694,0.7226333861835931,0.7140698122880889,0.5767194100644604,0.7174002633535908,0.0,0.7237796511421092,0.5704900994478131,0.8057242569536008,0.7123396296588363,0.7975636553593787,0.7166075954360467,0.6316879920670065,0.6577937399521323,0.4842412553640166,0.8220535137494441,0.5534859773179592,0.7591839338520655,0.6515691168369933,0.7970727624861742,0.6624113393991431,0.7212884699023199,0.6625453313286928,0.44784551994264576,0.7460171133245844,0.5720645001273673,0.5902108323125672,0.6428462823396648,0.6140130872756298,0.6582264269953377,0.6322435494048393,0.6806381962004271,0.5030453387844985,0.5335420480085422,0.7354569220507443,0.6259721963017185,0.5644771975327361,0.8304168718113,0.5185781201914598,0.5539522180439789,0.5032205820641583,0.5962974751458648,0.7835822542534457,0.44738426216879645,0.6834119224952777,0.6898161720249107,0.5535922854638521,0.464000356947288,0.6479362416411182,0.6936959996178987,0.6176116909471748,0.8066763786356101,0.7420480581573821,0.7916906361276915,0.5728302131236778,0.518014479176121,0.6926056447556496,0.6832699236163787,0.6161393539113731,0.7385842721859345,0.5730479290010496,0.7379735275263751,0.7590701497636385,0.7428853777766482,0.47480154212913755,0.7436183731989803,0.6224729807353956,0.0,0.49723404888851375,0.5653652715374071,0.7797252839127339
2022-03-31,0.6285488742653169,0.5226861248319351,0.565432964891681,0.6345419911374998,0.7300868100666774,0.5674317325336566,0.6874612524122444,0.0,0.5816259226382391,0.7574586642939448,0.5805009614525699,0.61642509676543,0.7259700968245482,0.7505965814580066,0.6159648702461868,0.577196196441145,0.559937267572546,0.47747389120239514,0.6384527931684474,0.48534428511376454,0.5895977244022417,0.41519762602351806,0.6222076572751619,0.43450279867245056,0.6942135692909807,0.5425746127182103,0.6543243352491831,0.714410209231779,0.733012026710164,0.7348002076668954,0.0,0.8645752808072695,0.42194235107018574,0.674538078044473,0.5204853485975437,0.42699275597913194,0.7191804707476965,0.6761937339536076,0.4496566454096711,0.7603039271942629,0.5917110395669789,0.7613171409559284,0.6052835736171539,0.7446770259716952,0.0,0.7629907023742954,0.6208504677626335,0.7511886235545902,0.6604492818215977,0.6012105979806952,0.3837634565995542,0.7204396135873504,0.7288772537913885,0.7072775235082502,0.5885386700885409,0.5118435226401659,0.7939498211788926,0.5565685388718007,0.7011381768002652,0.5946217935081098,0.7249038929975465,0.6317793423320666,0.7788373030754838,0.6232468894268801,0.66365735566213,0.5511587715585851,0.0,0.6833997795517647,0.5880752578505362,0.7296754873332248,0.7373203979274601,0.7203155825115083,0.7144162834456096,0.5746233387155453,0.7160179814491332,0.0,0.7251510666013785,0.5572432304202459,0.7990246578437219,0.7123261215089526,0.7944637470917014,0.7150522128481432,0.6320620958730349,0.650666728797322,0.4849247736516895,0.8162873447094537,0.5846111662791965,0.7530733144300793,0.6498535899467948,0.7949433573517876,0.6544157845251616,0.7162733319409892,0.49483573982446616,0.44749166293323617,0.7720497322750074,0.564067218404761,0.5518460922689981,0.6584090924382647,0.6488332074538166,0.659310698600477,0.6299408509397615,0.6865547973872161,0.5328950852635655,0.5295757525238528,0.7310118413608994,0.624409138027729,0.5389872431287444,0.8297363560757794,0.5148968522012481,0.5136565809356617,0.49968761556143615,0.5920134163067707,0.7658967335236271,0.43841666437341975,0.6757875982430638,0.6832016467669473,0.5477814768936807,0.4600148464879997,0.6471046321146999,0.6954605936979397,0.6174587700398914,0.8021380389920866,0.7430789095760936,0.7735106020629356,0.5683682483736596,0.5226225299002367,0.6883839967483664,0.6150692358436383,0.5400580966805562,0.7363893853817175,0.5691398695483738,0.7127399937451031,0.7589408150318556,0.7397393404628305,0.47235565674517316,0.7336195120045533,0.6145499574859425,0.0,0.49585110865871374,0.6048053267031397,0.7379558529838508
2022-04-30,0.6360265715742576,0.529275008841182,0.5788806324357711,0.6420399780948991,0.741436044200797,0.576647666524788,0.6563686729779626,0.0,0.5992268125480538,0.7658626017147264,0.5908873484944351,0.6446728692043103,0.7287563753785248,0.7586127526888196,0.6297537459612975,0.6400041524489877,0.5742773461233937,0.49132663202388926,0.6482920933208374,0.49739513060136237,0.6007599715415536,0.42372443505201773,0.6981286514247185,0.4391598225595689,0.7025884728996743,0.5621425255320815,0.6585927965514067,0.7254083587500365,0.7443008502740698,0.7900236579848938,0.0,0.8527421844353704,0.43951986410466554,0.6836343208876275,0.5644860339483787,0.4446031169943763,0.7284883089246161,0.6861399746626564,0.4497368441630427,0.7673145682491297,0.6010960783812181,0.7708694260114647,0.6157890820229469,0.7577098031065602,0.0,0.7743154754486647,0.6478839510127725,0.7542676052925477,0.7054729329745142,0.6146759884275984,0.40030256419025934,0.725370799513621,0.7363857635459677,0.7213616719478043,0.6006268355108939,0.5210620867464382,0.8049605424519407,0.572279494278667,0.7234633019994868,0.6072982900949323,0.7296501609938747,0.6434178771292185,0.7880417210639137,0.7197058796408813,0.6759274438768194,0.5668150731791483,0.0,0.6889902482996368,0.6054774185992176,0.7421086373096352,0.7426661571187799,0.7261293392269887,0.7235922502526673,0.5788121358771604,0.7440284981568991,0.0,0.7321284668266187,0.5613499031576789,0.8108406028727042,0.7171693057657611,0.7958244552971819,0.7225804334025793,0.6365450225210627,0.6403027347938447,0.5001390868888771,0.8248498884723363,0.5931421302102842,0.7656872559918212,0.6298030459654137,0.7979153686847191,0.6610195452653177,0.7300161230417016,0.6025106583727692,0.45771335865607604,0.7793634660548459,0.5738322257609467,0.6098319183367463,0.6646649700398721,0.6539364933472509,0.6677191282453724,0.6379691943226976,0.6955011605538676,0.5439351723738612,0.5384480193812601,0.7327458046795006,0.6298531451173834,0.5656541358729746,0.8354164197595632,0.5227619831100614,0.47806158811769706,0.5120007741582047,0.610985111263677,0.7697159209554301,0.4552374908124308,0.6822002925148393,0.7014595360022642,0.5553466118774925,0.47551741339299464,0.6558153176147621,0.7027860185726184,0.6017498762715786,0.8136993045083629,0.7514579139843133,0.778064226420079,0.5778661505627052,0.5609851918037676,0.7013896723398513,0.6342282502617647,0.6024579395470225,0.7431256711469517,0.5807419086019234,0.788693605604264,0.7693632109191934,0.749312429123746,0.47654776586150027,0.7372989527645739,0.6322438574428642,0.0,0.5078516692762078,0.6166505723222632,0.754303525155755
2022-05-31,0.6036429784541262,0.5151039849604496,0.5444544272348657,0.6127124131954503,0.6967545235566075,0.5542576530473573,0.6348088886213147,0.0,0.549365116613013,0.7459201162240046,0.5530429885369422,0.6109057897077931,0.715024216655395,0.7381447725578018,0.5853035709170061,0.6246379829539689,0.5512364660058143,0.4695824219990998,0.623327519987755,0.47191600136570255,0.5705501069481924,0.4058647487017717,0.6609529803999287,0.42241160143637263,0.6705987667032636,0.5072477539740021,0.6353346716201816,0.702973793511588,0.7417016448866501,0.775033425235,0.0,0.835386839776706,0.4153731054636397,0.6497200756301397,0.5187788796650191,0.4283288215606457,0.709479146799295,0.6562227345767027,0.4339122877935235,0.7491118262332208,0.5710607566989361,0.7555353533333794,0.5784171125490256,0.7287214432022382,0.0,0.7648429546380139,0.6446736104815267,0.7388227514016388,0.6679101947116887,0.572014220144551,0.3502791659564018,0.7191987291337415,0.7125741617172863,0.7056877797736245,0.5659268449019432,0.5036712653341838,0.7942691659351919,0.5284623165701198,0.6959809164560871,0.5867400020350755,0.712036726266993,0.5978489443709165,0.7627374341398199,0.6821943391737056,0.634006660573729,0.5283813799435191,0.0,0.6666714938104514,0.5567112568053049,0.7086722739095344,0.7170912218557062,0.7045249031035543,0.7044239729011199,0.5639048103522087,0.7280149165880909,0.34891598731017426,0.73312692653007,0.5252860495027563,0.7780933862632564,0.7039133157213345,0.783037247576698,0.6969044152037617,0.6205819550309348,0.6095494119203743,0.47328606996903727,0.7887080163431258,0.5729685568306437,0.7224239605127801,0.5882735162065443,0.779894157110935,0.6310176592777648,0.6802213478769039,0.5598571984098224,0.4399751841284678,0.7601606663207395,0.5411694781913726,0.5791588471704341,0.6546142930617523,0.6361689675400339,0.6518584648168376,0.6131297857049153,0.6890618747497931,0.5316409256032004,0.5157726620787,0.7168893565506572,0.6124292724741797,0.5462594304409619,0.8191377098038509,0.49493139153886195,0.4100357320489151,0.48014535719130474,0.5867456720558671,0.760170081791522,0.41291198956259895,0.6468216802455139,0.6497486301197397,0.5318217604904789,0.4101676908288036,0.6311468632135844,0.6896892960516962,0.5868163976742106,0.7771438140182454,0.7187413666624952,0.7655540173663749,0.5480808661382416,0.531009792000945,0.66912669299554,0.6041764223698171,0.5821203815198346,0.718806515431899,0.5547943902099863,0.6818255232857138,0.7584415525469159,0.7111537682701112,0.4660847460744412,0.7265662458455185,0.5780308688414824,0.0,0.4838249152301696,0.5816145174314556,0.7264278635975516
2022-06-30,0.6121270299591973,0.5243221892070778,0.5657207144911619,0.6223453406978163,0.7258432199275391,0.5707966326532081,0.6455692081632259,0.0,0.5778584522961875,0.7593610770725638,0.5743173191869901,0.6242377101281936,0.6982426363548192,0.7496802966531158,0.6049910791171521,0.6297902746296355,0.5619298990814147,0.4932627904039869,0.6337970530306989,0.48242287958769925,0.5790121701314381,0.4119446782931475,0.6783673827099318,0.4282066578237555,0.6916587461203181,0.5377504197156797,0.6478110382229019,0.7161647418039984,0.7568906059578266,0.7849367997465461,0.0,0.8458920510244841,0.437501211782258,0.6665502894760257,0.5439158151359031,0.4471459921378319,0.7226969061290429,0.6715652857374457,0.43233302672605256,0.7601110683789434,0.5819068268155454,0.7688269594866503,0.5937032328669234,0.746591338114265,0.0,0.772402202434782,0.6418849600963518,0.7476361950532273,0.6851929055704096,0.5975911475340451,0.3707056382111309,0.726412913408127,0.7286673882187145,0.7234585249616856,0.585292450404136,0.5144023867853001,0.8022665543868283,0.5458920458602508,0.7125373435215339,0.6042024144582435,0.7245455197176037,0.630563315798953,0.7799998664630994,0.6963375558978392,0.6590862637706846,0.5479129958490478,0.0,0.6799956669345198,0.5834298610103552,0.7277619353922804,0.7338206554834209,0.7187122184032388,0.7037970796945023,0.5728364414000724,0.737675245319734,0.34194196695922074,0.7474907586670644,0.5385884321414357,0.799112495432632,0.7118638424027718,0.7854204721349765,0.7148490311611215,0.6284457263917351,0.6207342513987696,0.4945592803062451,0.7792885100699848,0.58745376831497,0.7461672263466266,0.6073499243931222,0.7880113664346854,0.6415615898711658,0.7131644536071717,0.5715442909614847,0.449457279265649,0.7724448785342698,0.5491028686898924,0.5922853083685514,0.6648142424288788,0.6405339590036868,0.6604545466204972,0.6152517356112914,0.7011810870020208,0.5434321519010493,0.5260977030076873,0.7218815982701645,0.6232837001710052,0.5507610721127011,0.8312883042673687,0.5117895552677507,0.4214197140025324,0.4951411785717397,0.598654687243932,0.766885698629275,0.43265406848511845,0.6615405982004857,0.6782456371493897,0.5396883296470313,0.44541540770717475,0.6218881437381917,0.7024664826697566,0.590844004679095,0.7973980837791548,0.7393758294405424,0.7735119796172982,0.5635657293994725,0.5605572901672883,0.6862745293452778,0.6118646386503361,0.5904928493097942,0.7349150134458161,0.5657570344777033,0.7029686082527363,0.7666862739947312,0.7376738289281999,0.47015663586284673,0.7340847577615596,0.606919466805971,0.0,0.49875812883281856,0.5905793066062751,0.7428670413750008
2022-07-31,0.6093689961628146,0.5266247612463013,0.5702633620659702,0.6213918474668303,0.729542886221648,0.574580773613451,0.6478309189472871,0.0,0.5823250654267345,0.7623162616633303,0.576551376892994,0.6241612554625625,0.6976539807482043,0.7506413644192653,0.6063130016697971,0.6298160936232757,0.5665700450629567,0.5011842627307314,0.6352358107728705,0.4848679595717102,0.5771382484712401,0.4111677191674621,0.6793697262071261,0.4300805440253726,0.6943475478235472,0.542902248195173,0.6480746203855335,0.719402753950911,0.7662673803396449,0.7870632830550236,0.0,0.8475245823871778,0.44592567109677655,0.6675894222582116,0.5473230398463408,0.45707450663275306,0.726090075353686,0.673307428937266,0.427744539539799,0.7619297886560268,0.5822519060415796,0.7728388805380045,0.5964949760541636,0.750673923998223,0.0,0.7748760267880598,0.6513983479295635,0.7485342865530813,0.6857781781273603,0.6015719034918181,0.37233393657005975,0.7299910365380845,0.731161862693331,0.7310713628684095,0.588021979947709,0.5162790522520405,0.8043475210427259,0.5482560957449397,0.7366961366926814,0.5975986093619073,0.7263219910530644,0.6353111465009477,0.7833105114285298,0.6950366830534831,0.662359960362186,0.5512586880170718,0.0,0.6812532999435182,0.5878000784827782,0.7309594674607115,0.7355620405907547,0.7207766464919955,0.707703153239331,0.5739860052744598,0.7397795018210559,0.3337563068073993,0.7520100608275997,0.5175187557491365,0.8027646803227505,0.7135798314671029,0.7822937189636336,0.7178203744060925,0.6285379350053116,0.6209384944274482,0.5020406944896413,0.7795035756154822,0.5911904031258028,0.7487832775527455,0.6088985300318321,0.7864466326555204,0.6403975175163366,0.7179651117340994,0.5652854422186361,0.4520418563957114,0.7748861415951749,0.5465452856562704,0.6217258567030082,0.6682976391481792,0.6350888081418983,0.6622496471145066,0.6186409457560547,0.7069955468465362,0.5488667215715113,0.528061282791305,0.720776536194289,0.6256111994868919,0.5668919338194697,0.8336497675815534,0.5136877474013943,0.4257263127937711,0.4979301001193554,0.6007162587881376,0.7681920799687183,0.43164649685808454,0.6608420490069392,0.6827210248019011,0.5404012808419348,0.456547278882642,0.6264370047584439,0.7067929842977296,0.5895137874873083,0.7997910594418866,0.7414822695243957,0.775440331334492,0.5657760019940334,0.5713411387236976,0.6885893293095988,0.6189327977584506,0.5915179249582957,0.7370595018721284,0.5679291938273979,0.7049418974418925,0.7686173360136417,0.7412303505158847,0.47077074259807294,0.7354663097681483,0.6110225536254505,0.0,0.502939870735234,0.5993240442397256,0.7476352735356696
2022-08-31,0.6183128139691468,0.5311289521322659,0.5798677257811482,0.6132126154172176,0.7376963249848199,0.5819022567652694,0.648139282660002,0.0,0.5932801179800685,0.7724087259883952,0.5830751726298862,0.6289324091019676,0.6989454861015842,0.7538823118732737,0.5354220551070843,0.6387842598051164,0.5762154053473886,0.49425973073536833,0.6460879225429045,0.4925970751487403,0.5884050382273236,0.46206858577268284,0.7007301517128286,0.41484304946200756,0.7003090927536416,0.5554526197433836,0.6504269634693898,0.7264658467754412,0.777763911225705,0.8030560528688131,0.0,0.8196428501139081,0.459236872647564,0.6713321974208863,0.5561527338592464,0.4721075600249595,0.7285426033422905,0.6788783879695145,0.39891233212135047,0.7529257651409703,0.5872445261236797,0.7792833133113061,0.6035381217923147,0.759297341882723,0.0,0.7975112305072761,0.6541025257394348,0.7511796996336597,0.6908222613967543,0.6108954554192896,0.3802913129066242,0.7351961027151658,0.7363176093816459,0.7422075366522132,0.5951145034803592,0.5141092743870332,0.805874723798809,0.5579267824176826,0.7432021314030287,0.6073421607198198,0.7298172808830516,0.6441074836412537,0.7957642959833638,0.7136175718546508,0.6703985387165466,0.5604216436411518,0.0,0.6907064058103842,0.5989293090691709,0.7659975247535182,0.7397027692585643,0.7252423969002698,0.6988357537662014,0.5769340035756275,0.7561526708688413,0.3341204487330165,0.7586812444541902,0.5326801933157372,0.8105183481824839,0.7241396625530188,0.7636248750049853,0.7237652651096846,0.6303232601582971,0.6254758131876681,0.5099366841357483,0.7836372001941705,0.5981117484901826,0.7564990018404577,0.6051140985652236,0.7856578425658334,0.6372990368681285,0.7278259243190625,0.5977665681663367,0.457737001946397,0.792402477183788,0.5487271400870337,0.6518532840403889,0.6725623566181085,0.6302138786016396,0.6664483804055725,0.6263048487933274,0.7127175784730867,0.5671200773067804,0.5805422338034663,0.7215062451547561,0.6303292927179225,0.5904099620524409,0.8379194493473274,0.518394351457648,0.43316281187137506,0.5149718767066608,0.6564320105955617,0.7570397751168363,0.43711778441762883,0.6234967734751594,0.6941531536494763,0.5652572695220354,0.4722080181036787,0.635748139524694,0.7044458480762962,0.5897409296902801,0.8065286018431099,0.7465394764985958,0.7818224223418293,0.5992596491101312,0.6051419573468517,0.6965903321096225,0.6458705800304585,0.618210237996415,0.75897696471581,0.5749931366247996,0.7326594738402876,0.791089876097514,0.7482992552426665,0.4860027339512572,0.7381574685473742,0.617375308580941,0.0,0.5112568931623164,0.5891289046102136,0.7579004972974971
2022-09-30,0.6094477226637522,0.5303353411077966,0.5770441541090247,0.6059929010488752,0.7333572101692862,0.5800330779184009,0.6245529753784768,0.0,0.5878901387917271,0.770134649529833,0.5783262137780758,0.6198741977070044,0.6955656961319984,0.7497320669231413,0.5278254820630791,0.6354093102099911,0.5745510250485296,0.49658376455990577,0.6418314043157662,0.488660289433128,0.5858638034670363,0.45806213924967953,0.6934618185078755,0.41369449147700327,0.6973018045599002,0.5492561901615989,0.6469592969447385,0.7432005783091369,0.7844770095196907,0.8023794911908382,0.0,0.8165317202423616,0.4609421755624406,0.6632306181529362,0.5508309473828558,0.476840886292319,0.7276397008853447,0.6747154241724126,0.39326912324403457,0.7509145259121374,0.5811900629983471,0.778976437132251,0.6004469059911312,0.7566117987917348,0.0,0.797521055748977,0.6378310085647599,0.7498022988198292,0.6846612337422081,0.6063945776757403,0.3712047874627131,0.7620571632217992,0.7342038648137623,0.7448696613941665,0.5911105841298837,0.5102449055760025,0.8057136147113655,0.5508389143572602,0.7410568168739797,0.607829613378786,0.7285455141340467,0.6415782913949325,0.7941422640055159,0.7057031643456978,0.665868973871422,0.5550667924715373,0.0,0.6881383477413802,0.593106508198168,0.7627837213436093,0.7375592111162944,0.7235486478308055,0.6973087793158046,0.5753147556500923,0.7548838813549033,0.4794609080226064,0.7472346889511624,0.5307724124963783,0.807348262435976,0.7227738274239672,0.7573508862607854,0.721260634214483,0.6263097754580126,0.6199333057463029,0.5112070189865856,0.7764901937192021,0.597598584452177,0.7510930313208761,0.567119194200365,0.7804550430707877,0.6316060131425557,0.7235000012890059,0.586374252465042,0.45527082932238877,0.7910689413379793,0.5381526918626037,0.6454231978812501,0.6736326946728541,0.6206906311514144,0.6636475812230955,0.623907417034209,0.7156419960097724,0.5683376994938123,0.5765368576297053,0.7178324921944518,0.6297917803331087,0.5841476946799786,0.8371792171079767,0.5155588124681422,0.45151357423878796,0.5111446742133285,0.6533670042880557,0.7560569315824867,0.4269201889882777,0.6165839663261119,0.687985744689146,0.5602665743719296,0.47615684131264996,0.634766040873198,0.7060000304506324,0.5841057585330768,0.8006844255929287,0.7429175060070947,0.7813621069459343,0.5954996931827783,0.6094180992631847,0.6927731782557796,0.6454852117709694,0.6142819098439996,0.7574313254547592,0.5707977208436924,0.7178713211419081,0.790924452773185,0.7456237147569343,0.48419358970423254,0.737420625774196,0.6100412777914943,0.0,0.5097488194344652,0.5766276374358318,0.7514087502322522
2022-10-31,0.6095796018022479,0.5337707811176261,0.5841496743690334,0.6075865835623101,0.7384598738720706,0.5845245124052225,0.6281424571758925,0.0,0.5957468530767305,0.7731473673743576,0.5825560339477295,0.6219607834683835,0.6441669281463602,0.7361401650438936,0.5321933613873073,0.6372879886704418,0.5824664673092468,0.5049050356301544,0.6462815243428058,0.49508111954832873,0.5913020737745136,0.4545791586747596,0.6945520356224889,0.41836199037285277,0.7011250915797697,0.5581033978917482,0.6481413974404385,0.6990758711238549,0.7928403220371998,0.8052382461115759,0.0,0.817765581890705,0.4713665106866525,0.6486753871294889,0.5567726964994842,0.4897612959017303,0.7321078111459388,0.6785689763205904,0.38988174037545476,0.753733899470804,0.5848936573469903,0.7834635272138061,0.6058150691229979,0.7472524576551269,0.0,0.8004372459545652,0.6297502377369991,0.7512281681121937,0.6879001299211602,0.6128481948939025,0.37726250266103,0.7668211113335781,0.7324124961489439,0.7535667575800888,0.596076102623938,0.5128914882815873,0.8086876372359557,0.5582112154741155,0.7398990181084432,0.615403660672163,0.7307891120940544,0.6475529018898746,0.7975141510112352,0.7068285814253359,0.6712089137928466,0.5617945654577771,0.0,0.7146232883261829,0.6009909821374351,0.7608917524901067,0.7404190033899847,0.7267304700778493,0.7031470653289836,0.5772886683431463,0.7580096911844225,0.42091052295055514,0.753776273363526,0.5368971551116648,0.8126338514023189,0.7252439964236893,0.7547158445188819,0.7044228942075377,0.6273093214044755,0.6233422373518956,0.5213048328887872,0.7713175069747318,0.6030824770832007,0.7564033999837909,0.5719818007865117,0.7782657733069686,0.6335145595588991,0.7297551324434112,0.5872258114818923,0.45927642442193767,0.7898000973941839,0.5382060547106495,0.6343193565730236,0.6774112698121936,0.6172554291501366,0.6663165563234809,0.6297827279940995,0.7216151800477166,0.5818573953512869,0.5808896090758072,0.7182525223679989,0.6336840549604311,0.5849591961665331,0.8402045136798454,0.5186139631262174,0.45458630311253745,0.5167791311217668,0.6564998604354202,0.7580289846007761,0.43232321853881833,0.6194358867712552,0.6960138001875076,0.5643050090562435,0.4872010942825745,0.6423847713095678,0.7110893738395355,0.5728499971544031,0.804996852358995,0.7457907120483358,0.7843376116885714,0.6005506080228438,0.6218666439520958,0.6969083191911222,0.6572646498818943,0.6067018903469427,0.7591386875615138,0.5761317249915214,0.7023738049874377,0.7937570293749556,0.7503732419158897,0.4865797084158431,0.7392587932195736,0.6175080039420006,0.0,0.5160680638593372,0.5711107367830484,0.7516372409214825
2022-11-30,0.6028495223948985,0.5335882531244548,0.5825152830531352,0.615105905809337,0.7315811436389679,0.5834877152391912,0.6310784346757694,0.0,0.5923974112200012,0.7709435180824797,0.5790039158335671,0.6136515875358539,0.6422373671435231,0.7786976027755389,0.5263569817031641,0.667465833151804,0.5821330528367739,0.5075896766091179,0.6431625034854306,0.49269578934912,0.590135247854739,0.505307198310567,0.6984407517768554,0.4192040050060865,0.698827303340566,0.5544327244910583,0.6452646365699808,0.6973958059218309,0.798594437391277,0.7983298150192364,0.0,0.814117517963693,0.4740199970703981,0.6422468929494636,0.5534494301592714,0.49555822320275,0.731612222889896,0.6755628516193869,0.38340260414271116,0.751984677295847,0.5803561398982756,0.7832026548856909,0.6040692128924622,0.7444607469769444,0.0,0.8005684704015571,0.6299396988078597,0.7505233533300388,0.6831220738420929,0.6100177771977441,0.37326099377848604,0.769096927227151,0.7313363046768381,0.7564424921364182,0.592396349052157,0.5102457434897326,0.8087931667087084,0.5534395713977882,0.7383608750787073,0.6164928264497921,0.729677373009163,0.6466925078575784,0.794566156562881,0.700134838928773,0.6679990095209946,0.5584297897705351,0.0,0.7123028621848053,0.5972535480094037,0.7581141750638478,0.7391433246442864,0.7257862778526969,0.7099033347217092,0.5758862244084895,0.7571343322354795,0.3502204169556389,0.7555997327025559,0.5366902943736449,0.8104461106971425,0.7239835684122241,0.7485654303674257,0.7034337328849817,0.6699996400652228,0.6194991696178641,0.5239598334942099,0.814437202475209,0.6034406154119312,0.752785858953519,0.5654255513605343,0.7727823448568263,0.6292700008994786,0.7268900485759444,0.5810123993986444,0.4572493019749195,0.7950291805627313,0.5292724169819109,0.6512627578421741,0.6786407685014771,0.6115778562380928,0.6638406966877538,0.6238800325256756,0.7241810219285544,0.582666778103549,0.5784340863695218,0.7152981667404057,0.6316382570652753,0.6006640497704114,0.8398261745030755,0.5065885763796807,0.44852995120073735,0.5145145200597608,0.6549194319792615,0.7555713691399467,0.42681539450972866,0.614516555227361,0.6919520394404406,0.5611700841507161,0.49122851029892983,0.6569828748813691,0.7130656497570156,0.5676970925420426,0.7740041884168918,0.7923445882509901,0.784351041770389,0.598275151544305,0.6756868145240957,0.6922556039080433,0.665889751061735,0.6727286556161844,0.7580054018021342,0.5698775379513916,0.686746190810944,0.7905848827102544,0.7490293390956355,0.48529034064346405,0.7386001314914451,0.6121266362591672,0.0,0.5155003305024333,0.5645768360470594,0.7586455280380116
2022-12-31,0.5881144041535755,0.5307505337910331,0.5742251978874706,0.6040143073153248,0.7170364589966921,0.578160370321433,0.6230992563643218,0.0,0.5807543935687647,0.7649580535246557,0.5694562069578061,0.5988332494532923,0.6378254231559136,0.7727269928623371,0.51429786261468,0.6700905849884883,0.5760595878915876,0.505241538633961,0.6350387415915025,0.48447290888405736,0.5834197421375386,0.4978541480556318,0.6809564536531425,0.4174291694756918,0.6911970698864965,0.5406403094737214,0.6392196979194201,0.6912216241936899,0.8018613711174278,0.7965755871297534,0.0,0.8065071668478707,0.4705418061783462,0.6269498234594574,0.542479764199638,0.49603065567283916,0.7265760555414938,0.6677659252451434,0.3727120541786728,0.7467067966962934,0.5700922258487283,0.7777180935923698,0.5969806551030215,0.7321067001880196,0.0,0.7981991253057529,0.6233336539994826,0.7474593416779987,0.6723122084635736,0.5992439872119246,0.36140260383269995,0.7694804258496685,0.727352289536933,0.7536942641963463,0.584366806532548,0.5040465563342776,0.8057691809432885,0.5404154177632089,0.731765821393422,0.6123745290339163,0.7257217782950645,0.6385005314251493,0.7869237366068536,0.6874419820626022,0.6580246181006553,0.5473377012332871,0.0,0.7062082903094047,0.5847019121198335,0.7498245492079696,0.733855060185088,0.7209812284632083,0.7044301724383912,0.5721683474947149,0.7526441335516598,0.45485730970711824,0.7531810146359785,0.5310702852037971,0.802137122772606,0.7200072442383266,0.7400150052636087,0.6975179108137584,0.664141328905593,0.6107644805021185,0.5212323324942253,0.807010198694456,0.5996932534125688,0.742154448404607,0.5514113697206685,0.7645716186542199,0.6206701052471562,0.7154186865156419,0.5694341871591171,0.45137777567104176,0.7901694235758863,0.5147461579733644,0.6400539795229099,0.6775597118529221,0.5769089561727211,0.6575354112553894,0.617271861006534,0.7234083364022209,0.5787109040778858,0.5655514986470681,0.7090560607037923,0.6270331449624796,0.6024861007621805,0.8365069117372826,0.5009037102095744,0.45888754469668164,0.5066357184757742,0.6484114677742153,0.7490550881088102,0.4132386949289086,0.6036874782363665,0.6788873321569564,0.5532398674637399,0.4899635259977423,0.6491075461175664,0.7121547630248742,0.5600675491040206,0.7626046190417054,0.8098669516997296,0.7821208307084369,0.5903177903127067,0.6823334729137374,0.6822246759729336,0.6598539752668618,0.6559205203323365,0.7542923174317884,0.5613474361342286,0.6589199582420443,0.7880650459805898,0.7413775117137757,0.48186674371584715,0.736085792945977,0.5969489090880676,0.0,0.5100001344664543,0.5494667080953914,0.7512524787081806
2023-01-31,0.5797916003800992,0.5294188578521098,0.5694464299694506,0.5962609656001047,0.705287033248921,0.5752895249554614,0.6613665150701519,0.0,0.5737856599071192,0.7607236591322174,0.5629692403954814,0.6672186788117799,0.6353334733378553,0.7136119884931652,0.506963871170704,0.6569161315278764,0.5736974919665836,0.5044341657702212,0.6498008348413059,0.48053624283194535,0.5912664407382562,0.5639677642565623,0.6664167026203014,0.42601870523100555,0.6854965051048096,0.5320113050894164,0.6345871980681184,0.7142792698815195,0.8053376409566081,0.816030916838872,0.0,0.8003957472977213,0.4701130121698416,0.617983577393016,0.5413400779207594,0.5192932126217484,0.7285351384025521,0.6180681626197249,0.37553785637344533,0.7211164284090686,0.5635751558463657,0.7751999325291836,0.5929640252686194,0.7231246778964228,0.0,0.7797514219066722,0.6187786411006833,0.7453817304888855,0.6648083241641708,0.5922101268686317,0.35539452135150323,0.7706774411624804,0.7242521115359809,0.7520079211695379,0.5795753585876517,0.5557390840606619,0.8310841680302395,0.5529317388431247,0.7274783480588035,0.6106132759000679,0.7225669176165845,0.6319805241679645,0.7809924003802501,0.6542452308840122,0.647743219371701,0.5406081859796497,0.0,0.7010708377019554,0.5772971607608399,0.7567373214279838,0.7296736772297288,0.7273870188250354,0.7014843552158506,0.5697378848131753,0.7449874313004233,0.4315407666983089,0.7522000515536238,0.5281286302094599,0.7378433286557526,0.7172804633291142,0.721951319545607,0.6931598138353074,0.6655352327427806,0.6054632237256024,0.5217701770409593,0.8003938772510337,0.5979916204538479,0.734322105506213,0.5426129013475139,0.7569419031057916,0.6151808628407233,0.706935095653896,0.6356309696250468,0.44804254563831036,0.7851705785231178,0.5057059292271155,0.6103711831043029,0.6771355847423683,0.5735308961149593,0.652815780745376,0.6133761569268212,0.7307930857133446,0.5670495746229943,0.5681278127788367,0.7075170785413825,0.6241730617752143,0.5996593648026507,0.8341923585077143,0.4970912633865813,0.45424150565102067,0.5009529888396729,0.6445900239256965,0.7449313821147863,0.5657035363802979,0.5963892904210283,0.6710862143993268,0.5520975096873438,0.489535189808735,0.5946308535647776,0.7121619950697787,0.5545532799853093,0.7252622411000211,0.768595954057815,0.7810417120550125,0.5701261831775568,0.6830387681860112,0.6755900311685277,0.6484555301536594,0.595818575229481,0.7513293054989164,0.5567149621182398,0.6408752888407061,0.7859385269423022,0.7352858162840665,0.48028936157589286,0.7343724113127932,0.5875698967741766,0.0,0.5073893272504779,0.5353591810878339,0.7476346538672173
2023-02-28,0.5739976601389037,0.5245734750961503,0.5552176947044695,0.5605858574184116,0.6811193047535778,0.5649855962912405,0.6938549679010805,0.20946677200996236,0.555154477472001,0.748796471932151,0.5470179917786818,0.6488158830170601,0.6287758426287274,0.7253139350743278,0.49247727506527295,0.672556182712512,0.5667772282845217,0.4943012727915868,0.6830850648102836,0.4728826902106143,0.5510264359010955,0.5750503578294128,0.719318172031887,0.45704815887347094,0.6694642874088473,0.5110720158405595,0.6232095970947321,0.7085779897687078,0.804195124626172,0.822721772482384,0.0,0.7877963032802415,0.46221273074972946,0.6014075137440438,0.5252028974020465,0.5187505532509223,0.7349422179772274,0.605869471160213,0.3605708209152169,0.7409896739976752,0.5547908453243974,0.7672685513797903,0.536383063414973,0.7102810246468869,0.0,0.8011243924680288,0.6312074404035357,0.734736655555466,0.6485566526904771,0.5751330175752614,0.3384431139406554,0.7756892337826289,0.7071930199748939,0.7443538280828058,0.5662012820947382,0.5740228107252435,0.8301387695109099,0.5369342003317648,0.7160590042316075,0.6014272464587399,0.7119225346578867,0.6097405845167544,0.7672547067841451,0.6798749820676676,0.6301566462138051,0.5256996202320235,0.0,0.6863671410776999,0.5600390631428485,0.7466467409446472,0.7152414529194835,0.7168424501064218,0.6921701493361767,0.5627718507684741,0.7922889055541802,0.4021681960144525,0.743266436085472,0.5436748827711883,0.6618197621095568,0.7281047983232124,0.7107483310255944,0.6791427834697726,0.6752188125093511,0.5952005756773305,0.5151862132570684,0.7731243282054121,0.5904631507339857,0.7171253857372556,0.5580351915071129,0.7435278316552024,0.6476842740229221,0.6844666704160342,0.7160764564291958,0.44280164083938056,0.7888290599158053,0.49352046301738534,0.6103571344206457,0.6721951756198453,0.5665841423643784,0.6616546919244962,0.6009860578458367,0.7232783012513637,0.5617865346638158,0.6057117865291052,0.6817259603200525,0.6162650661725779,0.5943846225056013,0.8255901855688633,0.48554520057684264,0.4981718228341023,0.4903504135302621,0.6567680292075869,0.760754723231382,0.5436666205321179,0.5813445510684504,0.6524020265752479,0.5952682021140175,0.3491740650867235,0.6099060677260254,0.7059313084837848,0.5470246163326823,0.7071901179173936,0.7518017646214833,0.7843478617881553,0.5727260453290017,0.6861817799829004,0.6619278601754057,0.6404965733371293,0.6541036356078022,0.7421440666507993,0.5974828776980331,0.5720079416633829,0.7825329970365822,0.6909301241545562,0.4769940775681303,0.7286612415205501,0.5680504323274458,0.2043118868600539,0.4990374259769091,0.5209626352832096,0.7561263384883141
2023-03-31,0.5629896735333301,0.5241335911638689,0.551023545338729,0.5672514270628113,0.6728524655920305,0.5636651079747801,0.7075864520692132,0.21123662247271133,0.5508313555713918,0.7451831125483368,0.5426225155999216,0.6409719776559195,0.6368225831587271,0.7502674388315794,0.48789711276875747,0.6692506130783219,0.5663356928892171,0.4943425024003957,0.6804950286114757,0.4717493299755826,0.548159055140968,0.5666959045046246,0.7243967631441377,0.4877500300164303,0.6650953519247017,0.5065473469222931,0.6191185989699594,0.7045870850713035,0.8069284575776935,0.8227039991880751,0.0,0.782268406031828,0.46375352576446843,0.594924431001054,0.5205319470528329,0.525237538010022,0.7268590130197814,0.6023100378235365,0.3612774387353587,0.7140591308143961,0.5508586104577617,0.7639556189630177,0.5569493527770079,0.7063083809082823,0.0,0.8007946384790763,0.6590576091781893,0.7328581513100185,0.6434387781627086,0.5714856742097255,0.33618279166961723,0.7542515974731252,0.7301751871615133,0.7382664712412222,0.5630567906168451,0.589488674636105,0.8295909350685731,0.5332388094266489,0.7350735628439428,0.5992960207781444,0.7083394649836243,0.6045911302697307,0.7534298746808751,0.6752439783765798,0.6257057217052926,0.5219704678463001,0.0,0.6821571094710153,0.5562673742177234,0.7501902536458595,0.7095369502835426,0.6944347065664728,0.7068628655771034,0.5609035226932769,0.7933135963741828,0.3819506136871864,0.7428024057744584,0.5413811790576235,0.7106524222459798,0.7534236090592015,0.6796001144434936,0.6743772910359042,0.6701875659695349,0.5922562245611137,0.5177423998797258,0.7659360660072198,0.5898754605689318,0.7122951538483209,0.5907616382701826,0.7353624778828429,0.645561417530366,0.6795182825982322,0.7109942239333726,0.44042863503527174,0.7951512711561034,0.4896716501882284,0.615083965935223,0.6715831078229899,0.5661215401228851,0.657497318118316,0.5985996029273707,0.7379454318976058,0.5692144373893259,0.5925211009161626,0.6942789211846653,0.6144134052915509,0.5970925575408386,0.821941036992887,0.4825622161838088,0.5879505124203414,0.518369940000735,0.6308573284619493,0.7512531940670807,0.5397840750432217,0.5943814509601505,0.6480595075072852,0.5909921923612134,0.35239364459510986,0.6347121722086099,0.7042232824124095,0.5314614385836639,0.6987127106920695,0.7466584792904085,0.7927461003968977,0.5642307681684556,0.6894219431581472,0.657810145330192,0.66836155129472,0.661309503882419,0.7389853521490608,0.620798200499375,0.5501557989563701,0.7810804389714996,0.6862553581941921,0.5247805289240886,0.7269905641331004,0.5633136900208771,0.29563008418473236,0.49820949312208324,0.5091643059625175,0.761748100526358
2023-04-30,0.5737936012798931,0.5205364536173147,0.5402684647020528,0.5902113693360426,0.6558898460167432,0.5557974507202513,0.7168694358232349,0.3193138661953756,0.536030771135045,0.7682520831057723,0.5294540841407623,0.6427305961196378,0.6328750176895032,0.7454731971566461,0.5142931911004734,0.6756161077174094,0.5834448580409253,0.48746606961472627,0.6793162987868836,0.46841008176062815,0.5384723856798473,0.5816669345100616,0.7239721244257533,0.4988494373889467,0.6517083443854299,0.4930292544495357,0.6077195019581945,0.7158465413842773,0.8050638410965849,0.799991842733644,0.2679320688059214,0.7258279336289495,0.45563765273233825,0.638380527887559,0.5669950291480327,0.5267299923781041,0.7558625036154292,0.6041688284105623,0.3665286211379901,0.7208064398912467,0.5577950615241385,0.7171725878169427,0.5755480010685704,0.7343757977507287,0.0,0.8073065305944989,0.6647233937855237,0.706075509552939,0.6207153618714116,0.5598142276196933,0.3273878499823672,0.7865075312438856,0.7039421914734911,0.7323214468042271,0.5830064042144274,0.563120093872306,0.8287436701111134,0.5492574892063878,0.7257716069268279,0.5917279190705397,0.7118249307453383,0.5702014964863243,0.7409400068796176,0.7024249483743128,0.6113737340212395,0.5268942660775872,0.0,0.6910998277562175,0.5435790540707097,0.7489901683621167,0.6941815892701627,0.6821222192877281,0.6868207169772331,0.5543702722494148,0.7997722754418265,0.354192584936252,0.7468104995433072,0.609283632040797,0.7410076053071661,0.753504337226266,0.7055077353949567,0.6606881667529892,0.6632404069890939,0.5668090549390112,0.4987293673722567,0.7520093816144496,0.5940014685315845,0.5530839923723555,0.6163820144470635,0.7209252059057325,0.6367086477171393,0.6640975252914825,0.6982618608023866,0.43613157563745186,0.802187426666385,0.5479175678523941,0.6663286109725572,0.6760397639424666,0.6014795912821788,0.7025773595607157,0.6132276392761958,0.7563375868938768,0.5801698014979685,0.6013188081034427,0.7404903775141388,0.6226659828334261,0.6381843164322392,0.8118519296274921,0.47173810460889004,0.5882013886213672,0.519486585768437,0.6220520804296503,0.6863596771131137,0.5239993978039782,0.6339403422506468,0.6340345304449724,0.595267739569537,0.35183310120087474,0.640430070729894,0.6962110777280259,0.5762370848597912,0.6975858492051713,0.7313408845472814,0.8126652016817902,0.5709292813018977,0.7044007693344531,0.6487520507655586,0.6853468207273354,0.661995284686332,0.740495775740771,0.6141883295366906,0.5526749089072868,0.8059625422143751,0.6838166713330216,0.44919830513918874,0.7210305964396515,0.5498837766687665,0.3989017759684724,0.4932213845067564,0.506039395523162,0.7642156600783081
2023-05-31,0.5559999843960305,0.5251468748923495,0.5478060976947773,0.5868072824653413,0.6017705468738995,0.5661928466605811,0.7370972144578845,0.34083175947500216,0.5493245741098942,0.7413733424208698,0.5398070151038594,0.6549286568301741,0.6379828504452054,0.7275692483570809,0.5147291874756935,0.6941137426314568,0.6033946108101553,0.498368098382948,0.6823841691103684,0.511539228778422,0.5521303607659268,0.5990537493895917,0.7651814255414344,0.4781721608479816,0.6623662681013246,0.49371765317494865,0.6155137729785807,0.7188330066358026,0.8131137336503244,0.837182485541331,0.23681361634206774,0.6960087551749816,0.4589067175683451,0.6433817564682996,0.5788758122020266,0.5380283377295149,0.7375601251467084,0.6119130337027248,0.375377516150096,0.7162048947450044,0.6089108135330397,0.7130457893564367,0.5847035556194567,0.7106048370441611,0.0,0.8060800361029442,0.6683691167998317,0.7120905948645839,0.6287008552251433,0.5700761316133243,0.3346044504463946,0.7918418124551305,0.7081846966411923,0.7387030475986359,0.5924201003448265,0.5603907195921131,0.8260067217075483,0.4938323668208724,0.722408163903034,0.5862720650674382,0.7195941291953213,0.5869930148751211,0.705270723954207,0.7470446448016881,0.6234389363597943,0.5521340774154941,0.0,0.7232548830681459,0.5548441807534397,0.7735041010449697,0.7042826771759172,0.6924166007873007,0.6910960692031253,0.5599294042503377,0.7982248432928517,0.3312629798383025,0.7572165358780855,0.6141728649048523,0.7225905584684005,0.7552302569059612,0.733344505589912,0.6692580234099385,0.6768503671566171,0.5811375303990207,0.5097432232403076,0.7523558636965888,0.6014105040024973,0.5628819069275669,0.6097995374156754,0.7236810384544043,0.6584374786451587,0.6774043320736929,0.7078978105772964,0.43801713030941386,0.7977037762454541,0.47084451017105144,0.6738519883820868,0.6814736959498581,0.6036041793980459,0.7174223270026975,0.6215707007247775,0.7559934862024565,0.5915667274387394,0.6157503439607727,0.7437039180660127,0.6537929557543023,0.6532005693640212,0.8184927421737781,0.4814940749151647,0.6034784185455767,0.531906675832021,0.6399544680161445,0.689117796277573,0.5413163182233056,0.6352156099361733,0.6461498641070682,0.5992089785586494,0.3622164660719784,0.6425970867156826,0.7040623683614027,0.5936542205990688,0.6934437014722142,0.7426062537595483,0.8118039473798924,0.594654797185601,0.7124420974156189,0.6531287358126031,0.6843112561135325,0.6617835770618429,0.7469882676905241,0.6266160646211648,0.566464096243616,0.8133497984022675,0.6976220335893583,0.4522959164133678,0.7258617677489089,0.5603580927341221,0.3427304251174079,0.5280408084819538,0.5035153615309551,0.7698270788871767
2023-06-30,0.5636872837364584,0.5261205851436589,0.5475302255114067,0.5784947497099263,0.6003584775831757,0.5689259462157723,0.7376539966353648,0.2745909031217026,0.5503032596046912,0.7313770805045208,0.5398392810844038,0.650953654472047,0.6598583071936008,0.6726314832736813,0.5135226991154087,0.7038431007863519,0.6026636387969587,0.37096925819494136,0.6824581581508864,0.5122159889149109,0.5528244363318522,0.5927425727097891,0.7692290171606189,0.4772461890872445,0.6624775762626144,0.49436763096383146,0.6148618582125402,0.7216284181432051,0.8166817533359638,0.815402637117251,0.29348344465177173,0.6787657897378768,0.4619689813365056,0.6405425664147398,0.5793552071429567,0.5444584937819966,0.7407923138731777,0.611674545009282,0.3713018302243886,0.7298930992501286,0.62464085471884,0.6974180057874889,0.5985521167407114,0.7092781988212744,0.0,0.7971884481068414,0.6658889596185122,0.7124599958377964,0.6279044020345402,0.5707298606325867,0.33838329759602176,0.7961707056068053,0.7075411930282426,0.7321244984601945,0.5892064158936757,0.559587246748108,0.7934457486154832,0.5091616553024535,0.7222702885318297,0.5309210982653814,0.7193008676573082,0.5881398282123109,0.669810879300274,0.7442203443442446,0.6239347904149208,0.5509145521404397,0.0,0.7222026051604601,0.5555851011157287,0.772537428936921,0.7032262812506402,0.6926299932193253,0.6821069725730601,0.560189010746231,0.7976298446215005,0.3131639989772821,0.7595046440500267,0.6133670991134291,0.6369309606700533,0.7563745888204443,0.7434166412200337,0.6681911005662784,0.6515993672162539,0.5943028433585401,0.5146480744394886,0.7354471789505355,0.5993695560885794,0.5625885500710719,0.6076569764693261,0.7189845610102694,0.6567407000443006,0.6781479726813467,0.7077697718252164,0.43762753767252444,0.7850611032360449,0.4662067478195283,0.6137775904469713,0.6823091500782587,0.602366995645486,0.7287286095285314,0.6213795979855966,0.7572799398513202,0.5895364636823698,0.6132057511248175,0.7413171355600726,0.6547033346276138,0.6630920697872136,0.817824468186564,0.48218559706693154,0.582280967167769,0.5327616634648639,0.6382360666773016,0.7052536013968295,0.5446562224785357,0.6198667705556421,0.6468249047803352,0.5975533609713565,0.36821927522018744,0.6430862144989562,0.7049652027386774,0.5996997936696,0.6891183132098031,0.742046052777928,0.8126732603230292,0.5775085954080003,0.7036787358609394,0.6515669374747398,0.6873637319562287,0.6230154518782489,0.7465747952351948,0.6271851797297627,0.5359698484723175,0.8127233199127802,0.6983422619548799,0.45157315037555723,0.7259154983083352,0.5604292138280251,0.23135410556983185,0.5293688229000088,0.495446010696367,0.7645467200958516
2023-07-31,0.6061416512592454,0.5252180165778776,0.5911411155869223,0.5743899304679501,0.6381773130092566,0.569441836095526,0.7327806965714887,0.4439366311839499,0.547064283346549,0.7344912872252766,0.5365424259901396,0.6694273988221138,0.6417218037740902,0.667387342158041,0.5098269456051475,0.7188029166585972,0.6355463714388434,0.3978793590418135,0.6805605923001983,0.5116862933448596,0.5507808159023934,0.5971282086842697,0.7670819868817633,0.5163425768003522,0.6591389614419583,0.49118954468521864,0.6116196730228712,0.7537962631405427,0.8186920609856028,0.8148600405680411,0.2639727124880103,0.7097097151495375,0.462726363580099,0.6353468265088227,0.5759858014022093,0.5487307770318507,0.7594474496450548,0.6088799124011214,0.3675050270067455,0.717772878493698,0.6475825422379646,0.7419381551143803,0.6137669155261243,0.7101252073836457,0.20379347690373525,0.7970243425108122,0.6271948141086978,0.7110778444650215,0.6242193143693984,0.5682067762897379,0.3411005299094695,0.7971655302575194,0.7053953520263708,0.737807751600694,0.586782066797673,0.5575879649267779,0.7930767062486158,0.5053502995246971,0.7232299875201283,0.5897324329519029,0.7164476024614693,0.5841388653291548,0.7194636254617978,0.7396070443794696,0.6206507237141836,0.5641421506343941,0.0,0.7086241818724951,0.5528599667337903,0.7848722238175246,0.6986461302668457,0.689476437635737,0.6940232570734172,0.5587634091642096,0.7857685724528338,0.3012876304716047,0.7799458890195154,0.6102442205303129,0.6324081089137112,0.7547900602761237,0.7381638036209699,0.6640898762573081,0.6636509881479137,0.6031021837199375,0.5135958913484262,0.7719813083364434,0.599030463310548,0.5587180973571881,0.6161047904434932,0.7122439951802857,0.6532929001290019,0.6746139261817256,0.7047148124917103,0.43668269444072116,0.7883145984981877,0.46087172009959587,0.6098593195670131,0.6816977062146353,0.6009460042105071,0.7259495836672917,0.6169152325073862,0.7576013215005016,0.6109174294129884,0.6097013043723764,0.7212324408032662,0.662981553769101,0.6876168163584945,0.814868202286468,0.4799205895956184,0.5725702670551661,0.5345390779003915,0.6281773598265712,0.7273534252357305,0.5431047433501829,0.6190353858080115,0.6436703510836974,0.5944676419418169,0.37212031551450075,0.6416243526101326,0.7036690057407369,0.5875737752044482,0.7475960654051306,0.737544432309743,0.8123088885213943,0.5750107608832495,0.7205437573877886,0.6479432406740091,0.7091844939397767,0.6858384892142069,0.7439985887259734,0.6257243880668887,0.5599452256876998,0.8081841382228095,0.694638318306217,0.5349243498119085,0.7244347927198145,0.5571052941639443,0.17898285257645885,0.5289767015018312,0.5077530562422347,0.7442377716899224
2023-08-31,0.5952936571990932,0.5279962618695896,0.5991445020102703,0.5753357172430762,0.6501834208259071,0.5798034075146032,0.7383640255608687,0.45739257562811153,0.5601557665739909,0.7312031899773866,0.5463291058171371,0.6739624534274817,0.6465377763889542,0.6696075315334463,0.5165778535464479,0.7212796228984868,0.6377838917157221,0.4086698030960035,0.6867544924604054,0.5164444267736846,0.5598338690072521,0.5941228234757566,0.7661567067842497,0.5139326215081341,0.6693446986903124,0.5035228239676125,0.6185833379247055,0.7526141300264496,0.8261758845793395,0.8187490520668999,0.25275146419817224,0.7152814625354699,0.4721566842709651,0.640615677433302,0.5876708053153313,0.5587243175122396,0.7557937110582353,0.6159973840731492,0.3713398014800843,0.7198334673974089,0.6506301905533438,0.711455994372347,0.6103298831944177,0.7070144920543444,0.20086937387566187,0.8001548697486162,0.6374182623793815,0.7433941168281671,0.6324275316197155,0.5782257021825932,0.43852394314696586,0.8011996489702397,0.7091530483238478,0.7374493427744508,0.5951964976269402,0.5616304575604321,0.7981726485802021,0.5080429343231433,0.7300164065536014,0.5956616170417051,0.7234667320345103,0.6001104742946748,0.6647575226856236,0.7423240293852017,0.6321529692162047,0.6060815012135484,0.0,0.7351738141911249,0.5636232329531308,0.7869223904373212,0.708130723098082,0.699215416394811,0.6992578627762811,0.5639952793873896,0.7867264712495114,0.299608921045531,0.7875709499277558,0.6344995101958928,0.6119193839603929,0.7567500537533424,0.7375088789367372,0.6724704034329093,0.6650583639471256,0.6077098814228987,0.5168168494889327,0.7753602468548532,0.6057727405082939,0.5694770907650589,0.6229907543656077,0.7148331802283229,0.6521101960807125,0.6879853092719508,0.7132432315795852,0.4396835025671843,0.7932633154098807,0.4604953948327069,0.6141397349416949,0.6865953671167834,0.6049286022693792,0.7450519471753008,0.6229564137662187,0.7610797836496771,0.6181040691108516,0.6121609062757686,0.7211031633738253,0.6686767793319497,0.7137805598188766,0.8211556272347089,0.4889789242577321,0.5965990348622541,0.5713256296647005,0.6348256771892614,0.7288663125310814,0.5614581116699148,0.6235268258260269,0.6555220892998785,0.5994652084956119,0.3859172684169942,0.6490593093459909,0.7111457919444126,0.5862453328571194,0.7413842885805955,0.7481128950172661,0.816771415414578,0.5888941529088185,0.7302060283744621,0.6476728636705313,0.7195372767827478,0.6881709978014074,0.749742651946876,0.6349296661334716,0.5926779906398596,0.8110147174169912,0.6985646801872549,0.5127670093047605,0.7288817492206348,0.5657420054680997,0.2079294252730209,0.5356998766538104,0.5107293065259534,0.7803082298904731
2023-09-30,0.6013498322719141,0.5313700980352646,0.608657176143567,0.574006565472037,0.66351685314032,0.5904711155739316,0.7447970101496816,0.43255657956497173,0.5735133334360374,0.7384296203449159,0.556814012376451,0.6911998298502506,0.6783308359407492,0.6768747710273266,0.5243753587461877,0.7373825660865841,0.6615431129683739,0.4217005104586658,0.6967099967699957,0.5236064970983753,0.5702664513564636,0.6067157361559367,0.768917335260556,0.5171130553718128,0.656764130949832,0.5185411635404764,0.6253573177265486,0.7534280661870029,0.831754452361588,0.8228139142081092,0.3176200384133834,0.7220157609659034,0.5073268729356839,0.6532436115389584,0.5994681222002687,0.5697125608173498,0.7595197459112577,0.595117884105826,0.37034107954706796,0.7228630466471704,0.6601673556370655,0.7047705066257336,0.6169439170500711,0.7176588465328267,0.22607590696317306,0.7362860236095107,0.6463501380608458,0.7494201922039964,0.6599686123644655,0.5901043464835837,0.4569259138063942,0.7827244869976863,0.7426327076603442,0.7484170792622106,0.6035474879837063,0.566763137571573,0.8034935087846269,0.5217505459050553,0.7378253858446462,0.6023790658719098,0.7302406946909734,0.6161141294990958,0.6692947002955631,0.7456393403270845,0.6443707252468385,0.6223589784199425,0.0,0.7420170732716187,0.5755499383558107,0.791530487304155,0.7178060108585828,0.7066613236267594,0.7060127869892406,0.5716745217232759,0.8161263703196415,0.30841830516092755,0.7949284083869305,0.6403010498786532,0.6105047364762146,0.7621520122601622,0.7434771743200118,0.6820752511737503,0.6678768142852352,0.6138371169521815,0.5355906275230111,0.7872282819694958,0.6128079056657382,0.5722724593217983,0.6309299378186755,0.7177353010648252,0.6588858421618479,0.7038474525799218,0.7221959054556422,0.44436613832587124,0.800080958334804,0.5825108523268052,0.6182571202142213,0.6914331315327772,0.6134097303954932,0.7487160542388608,0.6327545396473986,0.7647229104400164,0.6208171561484168,0.6432303109216546,0.7216190556047105,0.6742669810589705,0.7069343784016648,0.8276202282836271,0.49738297287150934,0.5614126676698203,0.580542857309792,0.633540784143288,0.7307086548149958,0.5818982013209106,0.6294309153585754,0.66831763748608,0.6063732219758576,0.4077006583657589,0.6576219454600175,0.718738793553045,0.6028634454745245,0.7469706676366643,0.7761855499796927,0.8215640806626424,0.6235661080088511,0.7452199467489133,0.652395193668622,0.7304015627748375,0.6267590088917289,0.7551858148965834,0.6414542075685388,0.6095956480822005,0.8137292513661122,0.7138994223346576,0.5184058034137055,0.7334579372154248,0.5778741530806835,0.1715038464339001,0.5441283997226766,0.522485086893515,0.7863974626553577
2023-10-31,0.6044821459480371,0.5329072371863484,0.6136714298575465,0.5908371010647303,0.6696580915634782,0.5973630662873428,0.7655377765523645,0.40582577825778116,0.5803681390372217,0.7403365171937948,0.562013487166654,0.6931022371530304,0.6734002670081011,0.687204088645338,0.5282425085210317,0.7402761358191857,0.6645561375691961,0.4301055366558666,0.7014176594031231,0.4679569531192074,0.5761794478114672,0.6207642143833882,0.7677939810293559,0.5195123290687024,0.662203031048516,0.5269147776841647,0.6281218194823889,0.75552648066309,0.8371368613409709,0.8321764666011006,0.33304769701904896,0.7710480632816963,0.5479676671530903,0.6553725105312883,0.605025382188916,0.5775300322138339,0.7609226414762502,0.5984045841634106,0.3682815736955607,0.7231005600656862,0.6615846499595783,0.7201714210571943,0.6201216847891083,0.7213109877966809,0.20419986633488946,0.7473709438358005,0.6619023156204377,0.7526374143368527,0.6649321152391396,0.5968935888424495,0.46511120580632415,0.7699973650359105,0.7492878330401321,0.7530476152815649,0.6077819122099126,0.5696339504199461,0.8066646618384505,0.5255469305338974,0.7393381348169814,0.6066342216670457,0.7331728381986992,0.6237845059649159,0.6734306362668507,0.7459800701613711,0.650599194999318,0.6245382189250629,0.0,0.7430096071847507,0.5822966127511708,0.7965505725793758,0.7217910467034484,0.7066540224832601,0.7097576444071879,0.5744755064945511,0.8171029031591757,0.31821976340252967,0.799256390305075,0.6437990787325335,0.613774319627777,0.7720870317478018,0.7416730904396711,0.6865402976248616,0.6691541101643448,0.6169076480099613,0.5326737115186267,0.7871802773385037,0.6171051389106438,0.5779304783966653,0.6340221412814616,0.7170753321577634,0.6667230235077393,0.7123966569997217,0.726664374629273,0.44786015740475954,0.8083139065353001,0.6687031889837782,0.645151357609742,0.694201412848729,0.6141310863856088,0.7412916933175169,0.6358010409061058,0.7671332052139229,0.6219626870991855,0.6451843680352862,0.7211090897331248,0.6775980896675451,0.7080617736955034,0.8304633651095722,0.5012062602256238,0.6132260983250858,0.5846666661717286,0.6385253082467682,0.7308713625614517,0.5938011549739318,0.631352270248657,0.675238635072476,0.6103594169197769,0.42331703476770133,0.6628863989844919,0.7230901637228777,0.6326091701803934,0.7478589483271252,0.8004680544294523,0.8244973086245556,0.6273297880986194,0.7510554200988855,0.6542830309101648,0.7369007362293398,0.6504000968481471,0.7574129838046347,0.6440107340726254,0.6169878600989556,0.8148951966213845,0.7219345361473943,0.5200216420833701,0.7357011690310149,0.5632665630775372,0.19892726115741,0.5496696449425719,0.4473737610786465,0.7952660349063774
2023-11-30,0.5981657496209762,0.5584698019907206,0.6138988495916984,0.6326215936218145,0.6649201159087398,0.5978879542364048,0.789813390304357,0.44030673040197005,0.5768202723447701,0.7503697457327558,0.5582320193858412,0.6857258507711261,0.6733424666070493,0.7183164608565152,0.571159566810834,0.7357675970899634,0.7412386030148064,0.43456967800004737,0.7391526902081719,0.4725913543194445,0.6357041323237743,0.6186697805216114,0.7576520618131672,0.5282168316238973,0.6582982268647087,0.5938474440270101,0.6252814214653617,0.7629555781874152,0.8388929434686404,0.8249192273585818,0.2574225740390437,0.7721426536263729,0.5411568170158607,0.6531079578208088,0.607083954964622,0.6283314161703352,0.7789572184574821,0.5955163800748208,0.3937111504946549,0.7247588913867211,0.6773652441380175,0.7220498585343765,0.6211767712128325,0.7367054945261569,0.14824575868918993,0.7764429954825928,0.7285731508890996,0.7516648345363419,0.7054026150141605,0.5928932926944072,0.4486998707913946,0.7749442366137959,0.7476321157419723,0.7599792601054854,0.6052832454279674,0.5738632293036195,0.8467505604847031,0.5740669726386016,0.7640862805558801,0.6061730552584231,0.730941612747832,0.6205796190464129,0.6890245169812983,0.7465616238444455,0.6468042943949722,0.614437105455062,0.0,0.7376120412488741,0.5784464411740571,0.8168601812729652,0.7178398402917473,0.6857871402812463,0.7219169120035501,0.5993146359269677,0.817484833696947,0.3132920861511963,0.7991437544379392,0.642799089355718,0.7216359025133413,0.7717081642737567,0.7358850721470592,0.6821311126084274,0.6830364664379056,0.639291425063576,0.46542182856290226,0.7656721091909349,0.6164951549340871,0.5737170933356922,0.6365208612135612,0.7117916378176107,0.6893023843435095,0.7070925236435889,0.7234289603480994,0.429764695149538,0.8153615175714931,0.75569176984188,0.6816994521343467,0.6931172695143184,0.6079482401010565,0.7474738345882522,0.6054650261416986,0.763946824181422,0.6205289584084326,0.6407377117319054,0.74179185249472,0.6407197499390596,0.7143069620382612,0.8278981044277111,0.4993533176655851,0.6199778908661059,0.5835203480005419,0.6250749608029387,0.7227875896358243,0.5925687921710077,0.6718792960436677,0.6712387838923184,0.6360480758674928,0.4218234573415888,0.6580828321201435,0.7223517844388608,0.6205837866048846,0.7544669004313209,0.8057017461405763,0.8239698007748529,0.6281037217858928,0.7524602033326933,0.6504134114943674,0.7354790973804354,0.7088348951911532,0.7827773955732369,0.6494091953694968,0.6007785834833457,0.8109371659974298,0.7173300056914825,0.5382526891025612,0.7342094952897826,0.5582787515307412,0.17130204933384535,0.5515481250437879,0.4589748298215776,0.7747663268643872
2023-12-31,0.6267869961086048,0.576942592563227,0.6063573079544944,0.6236829077100647,0.6574391476497174,0.5966029576171943,0.8221645232170907,0.6073178309022399,0.5710879535985178,0.7518899529143304,0.5526656821957385,0.6765915232144691,0.7031983427425232,0.6823863244753923,0.5644467705491742,0.7325186939701575,0.7590606410353632,0.43171859493423526,0.7477162565194783,0.46930791609223715,0.6470997554321363,0.6117614496616267,0.7822482466518754,0.5736841596543281,0.6523131742552454,0.5982460822937247,0.6211719124990843,0.7602219514091648,0.8339469451447519,0.8599048358866217,0.35862331103819683,0.7632430750056398,0.555256287421701,0.6373020133978953,0.601872234024415,0.6548635939835229,0.7868903730956612,0.591338051860737,0.40773751836755007,0.7217686261047433,0.6718749287275232,0.7167586293072892,0.6255068242070737,0.731089736017616,0.23398931114336005,0.763505003263588,0.7337024794812829,0.7313973178408153,0.7012773209936505,0.586942451066973,0.427312602223906,0.8135131369637417,0.745060329819279,0.7810673414616655,0.6014786879478519,0.5994227026514927,0.8542444228668291,0.5765618345460617,0.7688111228397835,0.6041878869739195,0.7451373288908956,0.6142224422694065,0.740356766019904,0.7411312310664352,0.6409575015325044,0.6027790882961697,0.0,0.718568825691182,0.5727485499367109,0.8124256152054949,0.7117753908123194,0.696336776998032,0.7248137012374601,0.5967591175385225,0.8301775812437939,0.28511748416251176,0.7896469894132191,0.6344380938153721,0.7136177391852516,0.7363316259203477,0.7416031738602813,0.675718603019246,0.6806552416316916,0.6309210458455592,0.46529075467380254,0.7707040674927709,0.6147870429469561,0.5673015085639536,0.6589879747068569,0.705545270151437,0.7164872529698567,0.6990012938723995,0.7185144196679241,0.437540830712571,0.8202382203103946,0.7601652232910215,0.6947577294886217,0.7016078960168575,0.5981541466091473,0.7410243659732445,0.5992964646551906,0.775455957978129,0.6452712052048056,0.6665887019549189,0.7392221579950928,0.6533516391449329,0.7088364192426605,0.8439999869716962,0.5358269924837421,0.5949774568043573,0.5977043881463939,0.6698982901888013,0.7348762344417713,0.5870153482743703,0.6617422595812974,0.6652364117266485,0.6294706280710776,0.41686678602150895,0.6385453629913816,0.7202454511720539,0.6290425732084306,0.746553340998669,0.8006793401966241,0.8488430633420263,0.6260700503848866,0.7381361691278873,0.6458976391162118,0.7349973315628245,0.7128886717316703,0.7793453691709908,0.6273632093211137,0.6349386917312979,0.8336589514577072,0.7098746098952539,0.5462642628075765,0.7414543067680855,0.5515848126391498,0.17731671642740923,0.5488421215507784,0.5152073858701982,0.8085997881507644
2024-01-31,0.6452274078069843,0.551560654690396,0.5930828220855546,0.6343792222102022,0.6372706125039671,0.5889180374474734,0.8153168032464603,0.4857375545629801,0.5532996623811025,0.7697603172261764,0.5374916881679516,0.6584535625983091,0.6894072050195771,0.649340222984401,0.5703986146525137,0.7291039515774624,0.7768195663506562,0.420364306906201,0.7387694868136482,0.46251786105497206,0.6416196865667961,0.616086160415548,0.7366712529694922,0.6201550003377926,0.636054276371084,0.6015225389597781,0.6092794928542685,0.7690213291668905,0.8368266572797737,0.8364846224665017,0.3312804178868442,0.7659970415995492,0.5579709236545912,0.6610297130057975,0.5852988152627344,0.6489740363442879,0.7773008476096073,0.5797889402949841,0.382191006760832,0.7591355048485947,0.6773710229360319,0.7443945398085742,0.6304724060030171,0.7500575559142894,0.2998619537649114,0.7771329102921182,0.7070142243043614,0.7249409344140592,0.6899954627882496,0.572201406087754,0.4055264340569157,0.7980486114710903,0.716583535830114,0.7841508496273463,0.5900343872576737,0.5922228315203967,0.8414096498357362,0.5567597394880304,0.7663918514280508,0.5961393773828515,0.7360694706541251,0.6018747489040962,0.7713656325413245,0.7288426243281744,0.6175255585736555,0.5572462963549432,0.0,0.7277291464175502,0.5575990521192604,0.8123418086622314,0.6944591781492198,0.688022812123944,0.756776540218076,0.5889725796799636,0.8183798071732155,0.35156887669884374,0.7878771270276269,0.6282019655933241,0.6883522919175905,0.7459972522263495,0.7179666069508497,0.6705232130770782,0.6837272874028475,0.6166809434681643,0.47396539956646705,0.7580956790738033,0.6081852264051145,0.5492663960511552,0.6431213899087062,0.7064816822639592,0.6895810203324102,0.6785565083011136,0.7054639868272379,0.4315771825693517,0.7977712241842603,0.7504544979469774,0.678931354963161,0.7017019508448049,0.5924931329376799,0.7444684282198915,0.5682608988931128,0.7773363724323339,0.6619877479003125,0.6602790884881337,0.7657635476956264,0.6506190867989788,0.7172418431872174,0.8109365510957577,0.5357088378944512,0.602539441471599,0.608009659888783,0.6848505631236729,0.7086041687517604,0.5653316659175596,0.6637652268274719,0.6484619460859142,0.6158310528095151,0.42611330276498527,0.6629576465186434,0.7112894762605866,0.6263729364589675,0.7015361452918147,0.7846958463882774,0.8220536253754651,0.6207758664673234,0.7290797001533463,0.6364573471316513,0.7099379309438792,0.6624017622036417,0.7685947802016189,0.617320777651548,0.6263744755583729,0.8201090755191406,0.7000206916805451,0.549844155895737,0.7353884550274559,0.5356161377725784,0.19110159391770032,0.5402884232064462,0.5478734383803783,0.8034391136536355
2024-02-29,0.6405425691224831,0.5777830991464318,0.5858134721540093,0.6100378802169214,0.626335615438288,0.6053606339416662,0.819783607356799,0.615954008552755,0.5426206405631754,0.7699116840914334,0.5284628513554335,0.699592622487818,0.714331902943878,0.6507214569179617,0.5440826886613896,0.77093846300104,0.7568476035290076,0.41604932808968026,0.7332517459115864,0.46010696703467674,0.637537371533246,0.6066038909185164,0.6867576069417002,0.6233873537454021,0.6268172666166638,0.5892432755173176,0.6011718568193966,0.7985127130473033,0.8645376925981406,0.8108487834114673,0.2788818663786288,0.76055899383715,0.5565870034471021,0.652197862538333,0.5750533500702554,0.645715235362429,0.7752951350094764,0.5723497464837676,0.32666355455381263,0.7306964920751837,0.6923095462028107,0.7325576018008227,0.6199641413231973,0.7620036758369877,0.3689277065536116,0.7820144551657263,0.7197429525486613,0.7284409361465312,0.7540866599214591,0.5645939606088123,0.41338837671556106,0.8262957481597497,0.7114234954414331,0.7773388826495492,0.5826097071669385,0.5879747327826645,0.8311696897015339,0.5460428713703261,0.7985447277769988,0.6238003435440036,0.7418328770912809,0.5888040475634427,0.7650847662583319,0.7200229261336077,0.6076996690909581,0.579906601032088,0.0,0.723565181905645,0.5489386242211357,0.8072588184232106,0.6833989651263777,0.6729192979824984,0.7529778044241374,0.5758259093327953,0.828851636666005,0.33677739352117253,0.7913408014430828,0.6460709038127672,0.618379056425958,0.7599378024263559,0.7364541085215639,0.6508638644246132,0.6740575880948134,0.6149794591036692,0.46883317077999215,0.7739474922949079,0.6137078406460245,0.5081924831503132,0.6236753329174862,0.6960630928056305,0.6839384604920186,0.6680813420848625,0.697301730531364,0.4288031622018443,0.8225176170584153,0.7591370002129425,0.7013141528722955,0.7057121743863009,0.5982095368706276,0.7349291006141051,0.5780152660552421,0.7696783354335848,0.6541131998817387,0.6544311732842157,0.7826914098337259,0.6542225208106298,0.7280886180372088,0.8154114183735888,0.5291626113837447,0.660926807283151,0.6023007656866763,0.6596735357046712,0.6985044776754379,0.5545894859965449,0.6675517897034595,0.6387097288583883,0.6077284173017494,0.47479252575160724,0.6506807919886776,0.705779732982063,0.6344820874173541,0.6889885305900081,0.7738020198450846,0.8200139179988771,0.6225008360086153,0.7653507798361628,0.6306202464861296,0.7424319588638388,0.7592170943262653,0.7609116108399961,0.7116640993891874,0.6423122773582411,0.8426422055705024,0.7075141761632546,0.5554611960859398,0.7311311509480377,0.5267498740046171,0.176947536571286,0.5364340922634385,0.5069276021646062,0.8075323312736995
2024-03-31,0.5575821635996381,0.5699850967889747,0.5840040266841269,0.6072234423906063,0.6231759674394615,0.6057311853506808,0.8336238053778107,0.6337123942055939,0.5387125510757025,0.6801346496976034,0.526045491254499,0.6540432649617368,0.704945389132129,0.6363177174018725,0.5412354844894804,0.7849861422904214,0.7765853952909766,0.4167469620206508,0.7314032570673863,0.45993668759519657,0.6358832495465558,0.5993060944669771,0.760756233883297,0.6917684227387121,0.6241910628099969,0.5883215543230943,0.5985871197254709,0.7896745704666952,0.8656996123198004,0.8448601380064102,0.3431730817194137,0.7787721954316658,0.5558645080192561,0.6527453176088106,0.5725838495514227,0.6448583169883375,0.7455799775428745,0.570112191110342,0.4428405368904778,0.7302998552553215,0.6652983126080854,0.7228736798892804,0.6001455337232425,0.6996531670139929,0.39488551034585506,0.8308132130448485,0.6815455754805418,0.7493340219537751,0.7507532040943435,0.5628997118315915,0.46418579836786716,0.8264035393678792,0.7091295364958619,0.767363619275228,0.5807769839340726,0.6236831155722171,0.830764276814068,0.5425166140919154,0.806387691696474,0.6645855349828685,0.7417522441889548,0.5411619604976612,0.7643028598419175,0.715453814560352,0.6052786112002347,0.5285572987879772,0.0,0.7306168353767417,0.5469925567628641,0.765944277906428,0.6797534043448421,0.6703876684619193,0.7513378582925706,0.5745052430379081,0.8279714466049979,0.3831865217011824,0.798229367082019,0.629811261666565,0.7374695588166482,0.7716383950710674,0.721357208346822,0.6484968911392655,0.6703693445928107,0.5981109182674863,0.4593165566049774,0.7684713696878936,0.6132125279148803,0.505860653766179,0.6253323193614114,0.700372436359529,0.6814736212277448,0.6655657508013453,0.694755841653608,0.4279259851786215,0.8170148868998875,0.7541190573840638,0.7387789483386125,0.6977965427551682,0.599420431844471,0.7374581379500406,0.5635815524706098,0.7166654909741939,0.6302445389098799,0.6510318962543824,0.7792422273194043,0.6527921031870845,0.7237430434913052,0.8158692406459538,0.5273996333733265,0.6769717580178125,0.5934191028954928,0.6572805671818726,0.670881071704085,0.552955001405719,0.6820942578897035,0.6365004863405059,0.6044154079354895,0.43418611797156825,0.6359286055644918,0.7062203795981313,0.6335799392871887,0.7118659505312801,0.7702151558594579,0.8459181945001445,0.6204344094297215,0.7655415985968735,0.6284172155614154,0.6793104864677979,0.7544553146363455,0.7582281712865977,0.7099723993773188,0.6185104161482857,0.841166652389816,0.6893647018485243,0.5651943184143271,0.7528201557452258,0.5244980148410991,0.40137178535535767,0.535920259841689,0.4952555406095796,0.8051373988118777
2024-04-30,0.5885866423650322,0.5813206789353744,0.5952303741221745,0.6394861205080753,0.6376317298878997,0.6173155437191407,0.8374837681679631,0.6094900996317135,0.55595006108088,0.7243972747700468,0.539226093990804,0.6627894471067312,0.6833699827210877,0.6417295974920451,0.5503529112709785,0.7861214890664517,0.7734815084685567,0.4291617691094842,0.7388178417197265,0.5268833238974513,0.640519666112796,0.5983135782672709,0.7833348715462322,0.7141013234227727,0.636954532931831,0.6037377821351808,0.609499712944927,0.7806685632797138,0.8714238556382387,0.8208234029116408,0.3609031502878027,0.7844901929738235,0.5657744354896473,0.6605544419562757,0.5884029519517281,0.6531172987453916,0.7507673160896492,0.5802743101892609,0.46806043298923816,0.7346714231694935,0.6901871683874652,0.7287369764586397,0.6080345471839331,0.7082715756985052,0.3973130933208357,0.833045472151204,0.7070679731170815,0.756680883376429,0.7518903728292394,0.5748652041393681,0.4793021638389646,0.8286108645431216,0.7146163406832093,0.7819517224792517,0.5924523080655194,0.6278337475080642,0.8345831221937076,0.5552624454949924,0.807938610062579,0.6493576631493603,0.7487309505558138,0.5597216999930322,0.7730352188977182,0.7214619920863289,0.6203426265888683,0.5367385734633925,0.0,0.7354168717637148,0.560871590253128,0.7743080072436529,0.6936466058924352,0.6782064196106864,0.7558931097367875,0.5821781861648063,0.8286853898987517,0.3884955391505639,0.807281742547604,0.6345685974990785,0.7086280362953773,0.7771979235561042,0.7235071706842173,0.6604644354956122,0.6737623054070717,0.6046499255963176,0.46943262772190725,0.775866719737318,0.6204790583664288,0.5198981602025273,0.6357181184318933,0.7070713399914627,0.6871030225033765,0.681366466354925,0.7055603831853131,0.4321648351232162,0.8215001037300628,0.756295560660063,0.7401361547615408,0.703986608473442,0.603419950752459,0.7401571009666967,0.5739804700587953,0.7238425342843249,0.6625712944419653,0.6530678265818013,0.7781477934361498,0.6586052300113917,0.7400370327750413,0.8228553944089134,0.5374592501809531,0.6887202823351197,0.6351761532346222,0.6646673526255336,0.677219904326558,0.5726499024863638,0.6359758985258679,0.6519885238305154,0.6121394456551038,0.4446118540811298,0.6448173489392859,0.7170039286291197,0.6486410343861884,0.7398878955240347,0.7845606020660759,0.8494684516263153,0.6180509086266928,0.7712473806582318,0.6347676929011667,0.6678861534801039,0.7737191784480886,0.7681387787491485,0.7304812463611222,0.6160650392026933,0.8447412263283187,0.7060123416196034,0.5725280849308666,0.758997665603911,0.5378081141165293,0.468894706927933,0.5436838553520328,0.5050713696657381,0.8150364223645804
2024-05-31,0.6454232960646289,0.5979394505178349,0.6281306204489121,0.7108581777982109,0.6339167857807465,0.631894329592719,0.837314767907983,0.6484106081613005,0.5533062620515412,0.7609461527092191,0.5365608544644397,0.7208203752556404,0.7250607158212627,0.726928662770232,0.5475087996789747,0.7855589131941826,0.7698428596149691,0.5171259208553907,0.8034001710338924,0.5214164308616717,0.6058120028490964,0.6171059849087064,0.773106884016788,0.7212239944625961,0.6339766118559256,0.5997047496929281,0.6069552372068127,0.8155146626864962,0.8727486030906891,0.8206997517581169,0.3941841414325655,0.7751944239307247,0.5602777391268344,0.6356409914659322,0.5856828180401492,0.722020912623537,0.7848023066154013,0.5779052228794883,0.5137334142518157,0.7812925159425788,0.6678355381858774,0.7569093562783714,0.6144558885215129,0.7597380655695007,0.46429190060887365,0.8310947401690932,0.6892098368230642,0.746744770084671,0.7496328584385439,0.5728318168419996,0.49837460525008415,0.8411222623347623,0.7168277980740637,0.7829836820968427,0.5907205488128506,0.6267479606534304,0.859419552570373,0.6005488533153279,0.8166151013349205,0.6503628346130461,0.7523222944259739,0.5569656875197796,0.7906837320005742,0.7014772462449653,0.6177048711901303,0.5866670385566727,0.0,0.708971945663765,0.5587195202394484,0.7998242783418708,0.6986514261502184,0.7071486412953131,0.7645135434075981,0.5777487829625948,0.8292966444587937,0.4656667137717448,0.8069251570146662,0.6522175622430734,0.6982020736491432,0.7939015491568361,0.7377478974167125,0.6650624924662893,0.6981534985291168,0.6310020906143355,0.496379241130064,0.7805102590469613,0.6237243680979274,0.5168913014231462,0.6400287935249401,0.7016023933558375,0.7174084650690233,0.6782366311025191,0.7030498053856096,0.5149866976230589,0.8242819188525367,0.7570330360446,0.7706613502315088,0.7075190145355771,0.564677261664299,0.7084186262820338,0.6060840787104428,0.7029488371139597,0.7210800180598268,0.6742095488343556,0.7756023937552919,0.6762655604659181,0.7363556452514339,0.821224522782898,0.5359705612434249,0.6889804836310175,0.6619030235708041,0.6594473389457105,0.7253210369990362,0.6688798746872253,0.4549741331834413,0.6495405955677718,0.680715937206651,0.4455178309145644,0.6569896417581914,0.691034708344849,0.711213768616379,0.7694659217599937,0.7981230280511663,0.8513034582039403,0.6334857176576345,0.7825362406079382,0.6327582667799128,0.6874497594107744,0.8265062456504845,0.7655061425508198,0.7782331685296253,0.5547846624289892,0.8580241183547388,0.7027115624947723,0.621268018129993,0.7612211723344054,0.5353707846506586,0.48476828447217024,0.548638022222613,0.47888365607566946,0.8252973818226336
2024-06-30,0.6575750219289788,0.5568622203263757,0.642146058265011,0.7398202866516107,0.6289460114155506,0.6190219754838341,0.84075581777847,0.725334350860207,0.5490134119241571,0.7661237623576117,0.5327782876056708,0.7151779334988981,0.7252723296831112,0.6738950235311448,0.5439464486903731,0.7840949037813004,0.7650204244753944,0.5148006366618874,0.8017351377080009,0.5161114440582242,0.6093820197883908,0.6438416316200566,0.7761592844903991,0.7095370181809394,0.6298595786680521,0.6009622620629927,0.6034244321519273,0.8139357541175344,0.8497968221224351,0.8205158888095136,0.4209672223441742,0.7506933236116551,0.577599816227326,0.6579507309127265,0.581457394766806,0.7189090569598968,0.7700812442768245,0.5746385542668281,0.5160480149905091,0.7706560691179026,0.5838114879162766,0.7819674135406512,0.6047003234034962,0.7571859632646522,0.5484617081952158,0.8147602319703527,0.6802413969539687,0.7504523150509956,0.7466096457447333,0.5697858350777353,0.5117283317654492,0.8197313208321163,0.7130948097073863,0.828822401634658,0.5817443619957338,0.6377785668789927,0.8577118609088265,0.6163661932950778,0.8165568853527315,0.6732332075399992,0.7519657874501909,0.5525762179954147,0.7766792126808931,0.6963080442559001,0.6136813060879166,0.6199659265834134,0.0,0.6986221114887609,0.5553164481537919,0.7973793464286326,0.6993665862434572,0.7326039228434176,0.7718974005697076,0.575857211058644,0.8307149676935937,0.4714222024205003,0.808714070138931,0.6484141405295125,0.714046325475208,0.7736424615103725,0.7338875418413323,0.6662084829498266,0.7057807509568206,0.6423255523058825,0.5493136414203245,0.7730632059731466,0.6224213186780584,0.5126881740637578,0.659341335371201,0.7078157568919248,0.7136093730264329,0.6737952203804305,0.6993488477314243,0.5145977439444277,0.8260347738103552,0.722103061750845,0.7716035763288149,0.713355744932827,0.5731821609571383,0.7244908071933379,0.6025681969468164,0.7375776041112981,0.724051964205803,0.6657422001162021,0.777296421963943,0.6746744172503966,0.7317942934919929,0.818735859107118,0.535229035674229,0.6484827963041854,0.6496974879112275,0.6681756152522902,0.6382745836719332,0.6617388049792944,0.4517665394108429,0.6456443360110815,0.7050656300217485,0.4546262066081411,0.6757386124067788,0.692422931698012,0.7277394717542617,0.7888231446250444,0.793367204807772,0.8504536793383196,0.64097274779946,0.7856262790719232,0.6302678116721352,0.7201657920957321,0.8052408190848283,0.7618257746198663,0.768400145663284,0.6001372453989261,0.8030296399463532,0.6978166273853857,0.6422357467240603,0.7589549101847514,0.5317882667762903,0.5113033000077503,0.5470059332352302,0.44588111297381205,0.8218892162631678
2024-07-31,0.6779547692118111,0.5919517863719519,0.6520049374112094,0.7477498584231935,0.6549261704421877,0.6328530927106898,0.84287365769457,0.7784517511269395,0.5748107065337202,0.7805469655659836,0.5534997148387018,0.7480453825650079,0.7336624348286477,0.7082655494311176,0.5565362128311009,0.796029482436102,0.7711909712657387,0.5313519718274204,0.8069787578707076,0.5148817671129925,0.6216616548208973,0.6871707370630191,0.7862829730503461,0.7676221448329269,0.651516866038695,0.6381841876966027,0.6193394772103243,0.8238213567489461,0.8567578007886862,0.8272356578559779,0.4802979889204426,0.755945210893486,0.5625430054837849,0.6772588986908189,0.6050933851117536,0.7311413736041947,0.802504045586072,0.5896988505203383,0.5552052026826475,0.793022572622503,0.598593154785698,0.7861417774675024,0.6395161580616476,0.7921847906461813,0.6064758700182176,0.8270779023382862,0.7117796348272107,0.7466158909714603,0.7499915898374278,0.5901563033577829,0.5417770490325159,0.8269930944861411,0.7454770027079615,0.8385355492725391,0.5980224414020635,0.6233393053743602,0.8680074240689442,0.6894809381804649,0.8259723719217092,0.6804283519022083,0.7611425831654955,0.5854382492547379,0.8029268001595539,0.7097425625113775,0.637158967740538,0.637791275745151,0.0,0.7130142431790004,0.5768674304177,0.8017653075221847,0.7139241647767423,0.7407455693116944,0.7857652083185573,0.5859429804053692,0.8370837671788535,0.5201546841452455,0.8122597933942528,0.6646196867157406,0.7524690352279682,0.7812446393850782,0.7480293546935679,0.7072067293243279,0.7195207418506312,0.6673722937379539,0.5621482004586951,0.7867561929257807,0.6480801174676416,0.5379592644806898,0.6719163031021277,0.7184353604446226,0.7203196797878391,0.7016637773092429,0.7152165438328659,0.5269825709330853,0.8060458793673657,0.7473815859645678,0.7744937828237082,0.72141031984215,0.6062719377715857,0.7571341428281307,0.6194837229514618,0.7584070729559305,0.7265918634855199,0.6735372460712948,0.7755309056365334,0.6798793034059268,0.745120946051653,0.8404389869516373,0.5478823623951238,0.6684740109505296,0.6657612791899823,0.6764645992893705,0.6899588778054649,0.6802518515217398,0.4863747960749897,0.6695135077749841,0.709650294632858,0.5844059193254738,0.6811749889288887,0.7198648199719683,0.7420991727992717,0.7998111820067716,0.8138211721111015,0.8332269255955119,0.6651632896128247,0.8011840166226024,0.6406294791478336,0.7781076791088057,0.8262118225818269,0.7766992298332593,0.774048996937838,0.5869324904489504,0.8209366051880953,0.7277228177971755,0.643975319292714,0.7500954143183151,0.5533531910980595,0.5533334650652881,0.5620916367486992,0.5305474616675838,0.8376211483662152
2024-08-31,0.6732025109592974,0.5902166428522974,0.6653917568788426,0.7533408424353077,0.6464104605883941,0.6303854658206011,0.8432779451750011,0.7754505919260702,0.5688409529306298,0.7732476217478635,0.5476738921950375,0.7426455431393245,0.7137422886158818,0.7157072161072222,0.5508250714164357,0.7954436299142412,0.7750873850614219,0.5549307889282437,0.8161103499795778,0.4603666730184594,0.6200399329056033,0.6813641497650929,0.7808311323286127,0.7627229224859614,0.6447675159907792,0.6318918712958395,0.6148970933893046,0.8217732850324556,0.8642284225891927,0.8315181886985722,0.5028349279144747,0.7530048546146552,0.5522083007107408,0.6719593539447482,0.6074245761682874,0.7303222031885983,0.8002808874899086,0.5853692570969853,0.5616639372102046,0.7895680512831486,0.5924871550181424,0.8038031266256845,0.6298752660219107,0.7991317861499305,0.6497647705239483,0.8332380071767438,0.7081775968368692,0.7524023133537923,0.7534823314523287,0.5842255457778329,0.5365383759844877,0.8574099759795255,0.7419600019865537,0.8276030093150193,0.5942692612311407,0.620802876758061,0.8674594323833316,0.6840199199045333,0.8248996919905626,0.6797777594614506,0.7584802880731154,0.5769265513140531,0.810930925631216,0.713230174767514,0.630996174054501,0.6594152945401854,0.0,0.7079329363175109,0.5712564553924265,0.7994990383541295,0.7102193229828193,0.7373613257101076,0.7914021158151041,0.583311456647657,0.8367064700838014,0.5293674297634308,0.8103108359925276,0.6630820323194163,0.7608099026822838,0.7794168797482045,0.7439942951996152,0.7036174486564505,0.731885602947238,0.6568963501828272,0.5917071421855504,0.7793084647593828,0.6457670320085868,0.5312514601019839,0.6936428251865946,0.7116780725048668,0.7201679590111167,0.6931353120707293,0.7100420855161431,0.5244502264826088,0.833701352376414,0.753328054158997,0.7755330593664145,0.7188286279116447,0.6213863785291638,0.7532666461330488,0.6156093536184587,0.758478104524831,0.7410988030891139,0.6760386897872218,0.7730885273619895,0.6792130027092215,0.744078410963311,0.8383548559063837,0.5451621574432111,0.6641933369462425,0.6644995496753164,0.6742241875052403,0.6861190068840033,0.6773313183334022,0.4798138410027498,0.6635752800717913,0.6847706057002908,0.5789704796752422,0.6825200159971567,0.7183377673729374,0.7681807019015875,0.796276829386744,0.8439278766647533,0.8423872989132952,0.6642498513605453,0.8042264753206313,0.6372436480505259,0.7928212326084555,0.8267804359511585,0.772219664823086,0.7709082107237115,0.5505716783731417,0.8190960215323237,0.7209375427341578,0.6370577046399042,0.7478980456520272,0.547213272990133,0.5491551776156819,0.5419895081279251,0.5215807147082988,0.839144704253221
2024-09-30,0.6737591045216478,0.5874943490813842,0.6649970803012434,0.7576915041750494,0.6452997792484926,0.6508153735075812,0.8438668479819386,0.7347518948785903,0.5688787624350257,0.768303096267925,0.5472311518505991,0.7766073497644754,0.7414451699807376,0.7641256543166846,0.5615657824564616,0.8156393314116458,0.7807074823248744,0.5578377652456923,0.8155898060657932,0.570742599222374,0.6197226563689319,0.7087217123611519,0.7709401941287793,0.7670819056693658,0.6439924935299381,0.6304093907867016,0.6143440697715621,0.811025689915005,0.8672841226429912,0.8317966399736668,0.6535256884456712,0.7516657073103166,0.5531070772056423,0.6824351788842259,0.6072698768265309,0.7784222050549416,0.7894170136398935,0.5847681985126426,0.580082356701305,0.7952023317857599,0.6861357016108791,0.8130359418585582,0.6491984713432014,0.8175851235298242,0.6863558359383023,0.8171702045611717,0.7223736427327245,0.7520704965221781,0.7521537352074156,0.5840207419835061,0.5384643550711071,0.8299129866212523,0.7200231742072012,0.8319568252333505,0.5943136876513563,0.6200145640407476,0.865803945784661,0.6815487756684654,0.8168346687708087,0.6804061248948793,0.7840555580410642,0.5770852932902238,0.8372094247671716,0.7218801795472685,0.6307801606346995,0.6875776631605935,0.0,0.6929389737056842,0.5692158007280904,0.8255007338596462,0.7099144110034084,0.747338656584621,0.8168867967434696,0.5832334101717422,0.8351718126911839,0.5285785545118094,0.810887189369926,0.6692558507239578,0.8149346225841374,0.796041803065779,0.7753125206360579,0.7032405249872283,0.7369986251636048,0.6678348091249098,0.6068787690053054,0.7762649613604979,0.6459344373212693,0.5309802300948694,0.6994919937954823,0.7085931382587625,0.7131371444621982,0.692543460255308,0.7090588522452815,0.5599708618274762,0.8372963338402744,0.7599151170974898,0.7776582465204783,0.7162244591026032,0.6167839102744792,0.7958120459616259,0.6158464351638275,0.779044913619983,0.7821770300071299,0.674266102348016,0.7708468948456748,0.679639036213531,0.7310609901331533,0.8379101670445415,0.5443875920841322,0.658923786632945,0.6609654533625572,0.6731051834791647,0.7202576128432044,0.6785694685881076,0.5593704271054162,0.6635585603670089,0.6808642803793974,0.5807954131755761,0.7031572437220804,0.7191807349104216,0.8033509860144464,0.8125966800598805,0.8593903210226184,0.8440956901230381,0.659377459073119,0.8054014881809884,0.6368147449814221,0.8101684025840002,0.8116428765630377,0.7713945763152404,0.7696598677358849,0.5018865958316933,0.8173716747289956,0.7201472041679418,0.6668439161609213,0.7475096250932998,0.546972747362009,0.651766015216525,0.6139975954821693,0.5205085091370458,0.8171364596467859
2024-10-31,0.7014897733345421,0.6361540783301705,0.666380310407849,0.7679341502028009,0.6528163641005905,0.6539515876580232,0.8447226010380129,0.8275290915666114,0.5759239302745431,0.8022449634369765,0.5530410316041188,0.805621311556555,0.7508466057529504,0.7468762642443327,0.566143710729106,0.8283972860939163,0.7961280525352854,0.559252672461414,0.8046871847228249,0.6355900905652344,0.6208751002461718,0.703883562243546,0.7805872945340111,0.7772466433065176,0.6501746501981152,0.6345801681490745,0.6183511816625405,0.8176017016348591,0.8984089406853908,0.7857386580519229,0.686486868898786,0.779820769489362,0.5676556255388154,0.682282096334155,0.6132743897375491,0.7914404407162282,0.8218932626193816,0.5884322622602197,0.6245200103648345,0.8112702718843592,0.69203614352231,0.8168680547028893,0.6927074562087366,0.8180607808252877,0.7034940663233702,0.84904956223908,0.7243082533614043,0.7535599048224788,0.7520356497168749,0.5903929136807458,0.5488520620726626,0.8604714941425222,0.7272355475090352,0.8619195244834387,0.5987283824023121,0.6467384029650123,0.8626212252998886,0.6823498237331432,0.817274164870623,0.7047064250726848,0.7863757717417104,0.5874725979214502,0.8410091228965259,0.7029587963098635,0.6374854483517988,0.7002133047322027,0.08423450432643553,0.7567514800988379,0.5755766756321402,0.8292884493463445,0.7138441058135947,0.7480075751660543,0.819029164059677,0.5862139535580672,0.8101762969214986,0.5490478607502018,0.8136672139881483,0.6980832190279526,0.8132441324474813,0.7983476361141623,0.7736908727899494,0.7069426765534682,0.7336210708363372,0.6696296296415929,0.6384194460246928,0.7890981179539387,0.6488784490967276,0.538263326148535,0.7349099049031823,0.7095085077811865,0.7421500657255874,0.7011322772069272,0.7126624658248936,0.5965015709211737,0.8382217159636677,0.7193709049504877,0.7762614309194259,0.7182550100658394,0.6137787487974065,0.813896026810176,0.6209976339022999,0.7837282580283157,0.7815758938604592,0.6712786420828268,0.7748138188317336,0.6888445633366413,0.7646420139123304,0.8394438890615133,0.5475506363400845,0.6548676539241494,0.668230452625884,0.7063684401240673,0.750766108372934,0.6917533022950062,0.5590828716690146,0.6703848811208926,0.7049703363131883,0.5910645099249671,0.6766983342854901,0.7230975741250707,0.8072246194880935,0.8110098369264973,0.8617671965823578,0.8737993842491514,0.6650348907403173,0.7996699195891891,0.639620664833254,0.7939512557412367,0.827945401422384,0.7749750911610339,0.774717797951911,0.5169854053500099,0.8323819340305344,0.7265242446606957,0.6682948528303657,0.7492890981083206,0.5534262600625944,0.648116058872903,0.6264300251680829,0.5331468545693316,0.8492961075261336
2024-11-30,0.7011891526033702,0.6332040798320172,0.6886785796592406,0.7637104702568991,0.6417886539514751,0.6499654606273507,0.8462632137605535,0.8203162366102743,0.5679024859326718,0.8050191408185271,0.5454535506535457,0.8020150384222677,0.7468123404034044,0.7403971346651045,0.5588026998965626,0.8269705369650991,0.8223710285339234,0.5789913494254153,0.8207142000447644,0.6210071946348135,0.6189261020375726,0.7039379286687635,0.7730581733160097,0.7778161018610953,0.6413851760275393,0.626620823666253,0.6125471034759589,0.8417922183343932,0.8980023485272948,0.8213446548225105,0.7121998797490253,0.7791040221099861,0.570684745802464,0.6807492972846353,0.6059976184829656,0.7933593301065803,0.8224154722810736,0.5828826839023087,0.639398454748323,0.8081583670579656,0.7171573770601951,0.8131822404699465,0.6678647745568169,0.8173758401251112,0.7086347576432115,0.8482226118396274,0.7255531646263662,0.7511661142785426,0.7492977310730644,0.5827133139830416,0.5406238641485019,0.8339903328837959,0.7236403230611761,0.8642312390204432,0.5937631359676999,0.6366718756150964,0.862080299044603,0.6764596963065687,0.8265263996263568,0.7022157900169189,0.7821905398287922,0.5922015037510237,0.8412018762547846,0.6839039131992706,0.6293470230845629,0.6980373856404214,0.24155057255083223,0.7592406299302915,0.5682210056377816,0.8224010339511084,0.7085701347906452,0.7443369646087986,0.8155462234126531,0.5967521698383472,0.8382457820318022,0.6177676141106523,0.8145727958422242,0.6977939577915303,0.8017193156418688,0.798339611566895,0.7693989636020404,0.7016497909001819,0.7678463447013286,0.6999659823359476,0.6036034302806389,0.7676891969214009,0.645764378051192,0.5293661702017551,0.7354908984705798,0.7021473583830871,0.7420384218583295,0.6900740439328504,0.7061150096603993,0.5831928665351225,0.8133121071136048,0.7024473475717169,0.7742453574249025,0.7191742276164161,0.6079770899473226,0.8198716576281885,0.6153732045536744,0.7795571796814721,0.784321414206164,0.6672428748352445,0.7770533160187657,0.6840421775615119,0.7453257265406008,0.8402138498589286,0.5439433420085463,0.6457601106349373,0.6694410569955964,0.7049672194367261,0.7252929287793753,0.6892697051851079,0.5508506004226947,0.6625582609670202,0.7093961473029092,0.5823691750447266,0.6753437821719908,0.7202917753716311,0.8061639262546196,0.8074733122854418,0.858397614229023,0.8453869387285518,0.6507780437590694,0.8020731466678731,0.6356943103142283,0.8145803765278293,0.8385693781301768,0.7785019231450071,0.770901081052036,0.516632537356099,0.8068933571584246,0.7241324192239149,0.6886570579063029,0.7493438775491834,0.5456563509237206,0.6424777222423752,0.6232341475415836,0.5219762484362056,0.8490286326855332
2024-12-31,0.7130630561082151,0.6205581924324711,0.6962332309348472,0.7543912792888734,0.6717520690877897,0.6617935070618088,0.8139838098006402,0.7926334247719646,0.5947403994951664,0.8093295183695768,0.5685604373533104,0.7873709992174194,0.7306562013364177,0.6789359000953458,0.5428597220754757,0.8290616290764313,0.834357979587301,0.5875870803657245,0.8234860039565424,0.6099683534733085,0.624606370682029,0.712942399505216,0.798438692020322,0.7743979205010213,0.6666110861364551,0.6469671484306485,0.6275266403830729,0.8350433314829485,0.9031779048239073,0.8212657823655607,0.7768718750197691,0.7849112903239165,0.589325593122145,0.7016824256594786,0.567491840232133,0.8009606788861647,0.8246697913766504,0.59790774798448,0.6400918168398219,0.7920339360959754,0.7116693497594367,0.8248251019881083,0.6772775443050248,0.8295148566029612,0.7530366496325596,0.8485127943791502,0.6666713940048075,0.7571484958224957,0.7632568994053635,0.6103573955357552,0.6153949863211254,0.8670037669704209,0.7299583119874191,0.8811211954553032,0.6104122674543081,0.6507956824871175,0.7889012163954984,0.6941147344382158,0.8249150708510089,0.7088535095722558,0.7735289495628558,0.6302706627590526,0.8387371211692518,0.7448950324782561,0.6550155980470412,0.7233947752430511,0.27628171476965074,0.7699814633952122,0.5953878411441774,0.8061168281424856,0.7218274681263278,0.7499363454317806,0.8196029009794217,0.6062663314491632,0.8168335779330343,0.6651256406030827,0.826589986682672,0.6881063544863567,0.6692096201387925,0.7967426210937196,0.7704649863680787,0.7252642759046826,0.7759716439381484,0.7001482596792136,0.6588637295120705,0.6562302269098327,0.6682405972179234,0.5546814482911343,0.7244529088571096,0.7129602698260235,0.6880791014869296,0.7251378544494794,0.7240191784374156,0.6020678464350225,0.850653909703321,0.6893186656809173,0.7589254232553476,0.7359241421134738,0.6110556476073642,0.8353076686458492,0.6522331903739043,0.7888798206463341,0.7833349148766906,0.620613400834473,0.7081500988698164,0.6857582510490227,0.7706653373825633,0.8459633250722738,0.5550326999823011,0.6103840293586722,0.6149094600175402,0.706831008622699,0.7335877339862997,0.705964147083565,0.6320333190087392,0.6903358480922461,0.715820320979896,0.6037700245732068,0.6957346675994011,0.7317221785490162,0.8157069621719293,0.8077473017928964,0.8662598973956384,0.8491799698067689,0.6547156305825813,0.747512934045036,0.6484624994628178,0.8003172059061048,0.7846432391171103,0.7807918700833049,0.7375774001785977,0.5871275591334546,0.8086841597614421,0.7547726125729863,0.6886612725271782,0.7562740382951392,0.5750963477700171,0.6695599768475651,0.6366403047756264,0.5536857248610908,0.8378463544224622
2025-01-31,0.6912490539374563,0.619021856683012,0.6953856022096722,0.7557244216794095,0.6671059176019081,0.6601747308539969,0.8092045695240411,0.7627350807815033,0.5907490712776705,0.8088143311651659,0.5647663608485289,0.8132034429416483,0.7292230326164509,0.6918507537411897,0.6060874350289464,0.8291630505726422,0.8429649191842717,0.5883091799655227,0.8189891667566432,0.6002230288675979,0.6240695389081227,0.7263012261343046,0.7940767649166952,0.8053124653862532,0.6623081383645754,0.6570175017602633,0.6251933414476349,0.8404713471130787,0.9035850805612196,0.830526367288637,0.7793771047583135,0.7625635539027893,0.6144411193698138,0.698049264772454,0.5601778055817673,0.8059620996357186,0.8242191968675254,0.5951590920179454,0.6675508439138009,0.8178698212815048,0.7180151737596052,0.8186542500835692,0.6781260728805667,0.8288068958750813,0.7566799477038697,0.8540981214397309,0.7028524562520699,0.7564281715706885,0.7615463393166195,0.6056709906131392,0.6163745799458106,0.8419759254079555,0.7282838087018867,0.8582904990686456,0.6078420449153852,0.6545267727118713,0.7875960630828095,0.6916803602449831,0.8242664880950915,0.7087925612450915,0.7724970035831927,0.6256373160344044,0.82174364961567,0.7247170180374751,0.6510979632673272,0.7135985299615827,0.3700877611385666,0.768104917624739,0.590751578485523,0.810322358753367,0.720636716701516,0.756666796529219,0.823546715725674,0.6048740408875012,0.8169031432887149,0.6786997896473431,0.8265573663429346,0.6876055348245045,0.6272005562301248,0.8036831184513643,0.7465421594888866,0.7244511858271845,0.7674368078037256,0.7044038114536156,0.6570843932981952,0.6351403071185538,0.6665554638863685,0.5514469793859971,0.7287938586491568,0.7093337798119099,0.7227659370581699,0.7196537669287107,0.7197851675059422,0.6158399341130085,0.824104055492789,0.7211880637622714,0.7622585509626676,0.7345032606428135,0.6074017882121412,0.8354940182505501,0.6511502986186076,0.7944602366488785,0.7834401048018773,0.636330736565934,0.7044907521842726,0.685583522463983,0.773257337502651,0.8449093080247232,0.5534832977721101,0.6011109045163014,0.6246977479975847,0.7066014319509941,0.7321498930385707,0.7136203021969258,0.6268829608150792,0.6857517069281815,0.6906725262750761,0.6045869595140794,0.7022955076734898,0.7314930851369101,0.8143779324540733,0.8046091268846047,0.8490666374403094,0.8522192357348217,0.6562837665684906,0.7412593474065788,0.6454687600455561,0.8262650369451913,0.8112404819134599,0.7795606140425374,0.7721236741107548,0.5853993785435903,0.8076120873071579,0.7532152380723811,0.6854385062228044,0.754908162358408,0.5692859747267419,0.6821098315598446,0.639870727010535,0.6309021341772174,0.8507515693629641
2025-02-28,0.6988632894990142,0.6167881512999192,0.6934621936123312,0.7558335648318492,0.705481377452763,0.6751320335545639,0.8176687591425784,0.7367933059364644,0.5838362690287436,0.7965039768622457,0.5582431208402875,0.8106836548649627,0.7323128721317181,0.7329674312722781,0.5982363692459072,0.8339694435140257,0.8319952168485141,0.5879981814371784,0.823223508496936,0.6569802220535633,0.6231054575882311,0.7217474074706015,0.7830624594914095,0.7937350419603473,0.654742213561575,0.653461481027884,0.6210959034647033,0.8160428728963902,0.905302350477437,0.8116056299855222,0.8141779273431751,0.7814688214666262,0.6550730956606619,0.7062206955351705,0.5481278387483822,0.8261255560616605,0.8031259032891119,0.5908095227368835,0.6822177365371037,0.8155355633014253,0.7260703425380359,0.830655521857147,0.6787546187746295,0.8236422990846503,0.8054709052775699,0.8321249210312583,0.7365054264764788,0.754940778126466,0.7597036289101281,0.597551045954758,0.6158154499551544,0.8475702570496108,0.7257586142616066,0.8631970406933521,0.6035662480493332,0.6473468807829198,0.7859555238814288,0.688589696021643,0.830520797569618,0.707626391269306,0.7707815687083688,0.6160317259977773,0.8276544761723053,0.7497488263377604,0.6441539199056744,0.7178892570823385,0.4520293643926806,0.765382881258589,0.5830299634333245,0.8181113804721838,0.7176888981522341,0.7616997630918884,0.8238797583666374,0.6303476417512356,0.8186774684178587,0.6806805351730404,0.8258682452147753,0.6917653168960651,0.6124529141516191,0.8083236504161664,0.7525431109394647,0.7224284696573606,0.7626912819641617,0.714409126933678,0.6511582679349572,0.6277774855369013,0.6635277035327795,0.545479136754937,0.7416476046022752,0.704454172764043,0.7230499789398263,0.7093846347374365,0.713504838316543,0.6647410077315584,0.8288718901094135,0.7598704584609655,0.7624928707108449,0.7323409460407713,0.6039513473436289,0.8346086134668712,0.7011446506435192,0.8118382155136333,0.7937260638953951,0.688964080568043,0.6997747653568415,0.6845445715347854,0.7694755428753842,0.8430934215674832,0.5508284080171173,0.6294680530182541,0.6588518119393512,0.7056713985302829,0.7390726813841615,0.7153811636717158,0.6961153049009058,0.6781255092719043,0.7081749825169193,0.6034191338233313,0.7204039427387531,0.7297026345004158,0.834035806697301,0.8009297609892786,0.853375555448928,0.8561481466517368,0.6558682305013863,0.7222511876531386,0.6413374408683563,0.8260656475400835,0.8342121296865895,0.7780611908064495,0.7913581495334925,0.6389888460189439,0.8058818405156614,0.7501317979878125,0.6608536660700506,0.7526653427218718,0.5602476837091409,0.6979247767204476,0.6796533829460853,0.6292652751523073,0.8600825671430675
2025-03-31,0.6973550961762442,0.6201344779403407,0.6961129989648396,0.7547955814570686,0.7090493685222053,0.6805393663186582,0.8208519872630745,0.7243770786970319,0.6006833735116682,0.7970035839464259,0.5712584492613032,0.8097679710663199,0.7347267513907701,0.7377923812291485,0.6120130034548139,0.834450529798285,0.839334919536457,0.5916136468810197,0.8253010496019032,0.638971874435371,0.6248161207234288,0.7182051188225177,0.7828289540426879,0.7963794338010298,0.6680134046549875,0.6565639162544918,0.6281852474128545,0.8160212670272579,0.9080545539757969,0.8128600850489461,0.8152436278939643,0.7811370681875208,0.6542445045372823,0.7097115826725195,0.5701441294845709,0.8287561225760521,0.804093292576482,0.5992988367041502,0.6952250094428489,0.8161277758342775,0.7249865845615673,0.8309830295562114,0.6788270618268728,0.824518484674116,0.8084908001051107,0.8323038443573596,0.7431790572004345,0.7579023791389219,0.7598306881128477,0.6153683211849884,0.6235981654853991,0.8487222728809629,0.7282776611971802,0.8633115581543899,0.613759204749873,0.6505521711400672,0.790844860117749,0.6907438547007689,0.8320557698399333,0.7116008726610924,0.7724727538099735,0.636704689677651,0.8277825147524317,0.7475721261450777,0.658605610939374,0.7168630673224398,0.4773606547118833,0.7677200727697453,0.6013588425815214,0.8174652464326746,0.7235533961551464,0.7619612553381245,0.8254723262106025,0.6332768530199107,0.8224868137698015,0.6926625463044557,0.8256296074646488,0.6948088629536526,0.6238082959284981,0.8085224930544859,0.75081148264176,0.7263429158317963,0.7592598338897184,0.7134407822808057,0.6565799804981927,0.636863641096062,0.6702584054365553,0.5586065042665356,0.7427299105528606,0.7088814440318573,0.7224852916656057,0.728493900358042,0.724456282301041,0.6628486478848628,0.8291018461840554,0.7683003658453056,0.762523460097652,0.7351757322787346,0.6027076517466536,0.8359956192467093,0.7024596978790006,0.8132622648400758,0.794509578484931,0.6899613950192574,0.7032858960813638,0.6878380662934832,0.7681853887732805,0.8440051215796415,0.5560270745556661,0.6240810439839058,0.6641926202288903,0.7064001752216785,0.7398273671980936,0.7241926938223264,0.6994928788917594,0.6962486288867575,0.7050103674067302,0.6077959700473609,0.7208591805273239,0.7359272128051404,0.8384329169545398,0.8014089778852831,0.8556858876111119,0.8568897800985744,0.656828253764788,0.7332944230160185,0.6493417336242238,0.827378062355979,0.8391238961599159,0.7786784450088533,0.7938455208743025,0.649573051127985,0.8076996883309714,0.7545042572560834,0.6532937259911208,0.7542095687099051,0.5803699015843882,0.6902705573339313,0.6829255572954297,0.6438513557011051,0.8609510591820069
2025-04-30,0.6907243279973171,0.6069581536456087,0.672188244505298,0.7458287906897417,0.6654756402364264,0.6524976118486718,0.801245787987637,0.6765663334381153,0.5360958908950384,0.7919805358495355,0.5174548213499423,0.79913580325834,0.7189451357957953,0.7078615067680454,0.5616499110698412,0.8307821446547664,0.827510489922818,0.5665976586575475,0.8167481841631008,0.6184281798368962,0.6127467427445896,0.7063256139422083,0.7618032175550665,0.7801511845815605,0.6119120264001439,0.6189085872780478,0.5867494056584048,0.8094813650414919,0.8968254357983586,0.8068747586339535,0.7994890449762011,0.772633078749129,0.6468002675244665,0.6791376443022815,0.5400392411151765,0.8237319158377772,0.7980939238700612,0.5596880215531249,0.6972927352188374,0.8041051198578653,0.7141159841472757,0.8247646512697884,0.6683301593448424,0.8087763691102834,0.7906797960954471,0.8296902579712522,0.7424101621780638,0.7390409771841616,0.748902147205253,0.5599838723985627,0.5776734080550056,0.8459082237399133,0.7041602990378335,0.8583265976640668,0.5722483817230747,0.63378169324394,0.7707464958074741,0.6634760242711683,0.8212147966147044,0.6940887664776443,0.7504806496497488,0.5568654822907645,0.8214982415323594,0.7331312569081604,0.5992749513778258,0.6986664592121634,0.5327549303104792,0.743294047573873,0.5424191872303605,0.8107291520001155,0.6824855465508204,0.7490750633383196,0.8184545361171275,0.6174079984206157,0.8095219097514464,0.6318736906575805,0.8111968626462132,0.6775119200547532,0.5773088225722715,0.803347222178743,0.7423220701208454,0.6974858346577009,0.7503890721839176,0.6983408225942425,0.6271248565354498,0.5939589427406886,0.6467719911225934,0.49965685069112104,0.7214577365253174,0.6693943501170805,0.7168493501412331,0.6566110631484405,0.680452551879286,0.6546381149111252,0.8248310474175593,0.7328869653399984,0.7567709936615723,0.7162665606675929,0.5815988624386235,0.8268647002786701,0.6925082945206331,0.8078610309944935,0.7851523363529027,0.6769228379265374,0.67876518248836,0.6710264371124395,0.7587974738419845,0.823960654197864,0.5243716124480534,0.5999003560647487,0.6398100983439994,0.6945545963670933,0.7303188580578112,0.6765544019958732,0.666793657691267,0.6334771858050339,0.691691282515733,0.553197736334202,0.7093902833689167,0.7075025425274685,0.8299343611432656,0.7787080935333901,0.8360191347192836,0.85222845903146,0.6462084204857695,0.6808317322335199,0.6197972101100555,0.8182225411418081,0.8176120679101907,0.7656969590828792,0.7769082119491156,0.5117785572953657,0.7915692880011326,0.7116549693961821,0.6412155477491676,0.7333263214695867,0.5186144836858868,0.6751754800016203,0.6629898925885243,0.5911082572319878,0.8526093278109078
2025-05-31,0.7294058781436943,0.6090186494784321,0.6805913130980615,0.7635563655149553,0.6785548612924234,0.6592673896230998,0.7998352818589963,0.4630219633848949,0.5527921045107979,0.792768576224002,0.53022171096932,0.7995150180873183,0.7209838114178958,0.7073352058169632,0.5697818918028603,0.8364253854805082,0.8353031816887388,0.5628803378391098,0.8224859318752911,0.6127555051372398,0.626438693901401,0.7195559875707672,0.7630436329358515,0.820727723112917,0.6230381779480177,0.6300970481248157,0.5985137688174466,0.8450187273510775,0.9006269650257995,0.8391090613495483,0.8044392596806655,0.7733951142233964,0.6472658542169265,0.6144898885424587,0.5613670842552319,0.8253658823423049,0.8254703018436171,0.5700999388174545,0.709035548247474,0.7977485070028827,0.7235606355297286,0.8252904590947572,0.6976734000054484,0.799751121982405,0.7897764109974644,0.8552892052130302,0.7563242156790388,0.7448720142197849,0.7509849501424686,0.5706849647516417,0.5923190992609054,0.8516758902654824,0.7104786441205198,0.8588974662316939,0.5842258563177726,0.6352652379786348,0.7603051067697397,0.6546955496194856,0.8184202992455645,0.6986453053185097,0.7795068000226055,0.630362793627467,0.8473573818781677,0.7496927030590614,0.6137246636102821,0.7000362870283848,0.496939305824023,0.7462342504132586,0.5558802757648351,0.8420045244950467,0.6951493193371322,0.7518443735582929,0.8204564152519308,0.6215637631572288,0.7173884857452981,0.8043731536967358,0.8273184678964272,0.6807202315255805,0.5825350880029526,0.8110089953709148,0.7449118794838803,0.7061451714809965,0.7556349678578222,0.7243215460489613,0.65013738308377,0.5570814484889728,0.651664771916953,0.5130031627699785,0.7287386782690872,0.690533036540848,0.753083142808657,0.670576104332928,0.6899647351231095,0.6525488412853331,0.8326028179688606,0.741494249558497,0.767716515937482,0.7352605845659865,0.6093731806506808,0.8361422315955411,0.7038854067835856,0.8064323156620196,0.8026580373396411,0.6783266772323447,0.6819387091460924,0.616832034134702,0.7545408405386721,0.8297193655039972,0.5351510132387963,0.6144731613254197,0.6456342614939783,0.7065095674907121,0.7427957054511429,0.6944696609405362,0.6903160933079204,0.6485391112253638,0.690500061212409,0.6412197601286898,0.7104493720600576,0.7163802887847034,0.8336657147489367,0.7418242429772949,0.774289899495356,0.8565910036347247,0.6574739658824723,0.7281494480086615,0.6269828580629867,0.8096179032193825,0.8492143330190831,0.7692821573881933,0.7803389692289255,0.6175620123980535,0.8082725764342208,0.7250172841671942,0.6354139069663838,0.7384827100471394,0.5316826897723091,0.6727464847244169,0.6604831655317196,0.5888208689075094,0.8559043581618558
2025-06-30,0.7047280962856529,0.6065139587579902,0.6777142966237638,0.7694921168575244,0.6791094250293603,0.6676643861598051,0.7977709919811768,0.5147318416949563,0.5393238364586446,0.8051166859653129,0.5196222527365992,0.7801506954943499,0.724111734839332,0.7244586753064727,0.568176821944079,0.8318246495278697,0.8460195989058343,0.5545125518759609,0.8109365449905666,0.616561978675252,0.6275538170180844,0.7177678074694925,0.7657690124763546,0.8098173066043476,0.6131055663927064,0.6497553638559395,0.5883920556158239,0.8207007871302067,0.8752613528562252,0.8405586031704686,0.8478974281847245,0.774621869254494,0.6448512051556573,0.6642872511724259,0.5539055323123737,0.8237834373162627,0.8060166437135544,0.5608544966113921,0.7146106220936317,0.8057049142936534,0.7296878425414016,0.8260001218122393,0.6800305491768119,0.8102266306752162,0.8009451469116158,0.860116990578015,0.7618753842740035,0.7396295826938444,0.7583519388768203,0.5621392276453152,0.5915658228348296,0.8541602277183594,0.7029579625742748,0.8573347148194798,0.5749043868836167,0.6449617637258623,0.7521111641637275,0.6362228224531419,0.8232408486867754,0.6938379436674015,0.7710301286288355,0.62224508284848,0.8268052054079993,0.7677530509941926,0.6020089666211611,0.7201705649482133,0.523740815989351,0.7411812060867597,0.5452286104540747,0.8165112420923826,0.6911646078431805,0.7604681546822571,0.8192351940459458,0.6177274906547123,0.7434334082851312,0.8235785537209981,0.8273118933264677,0.6912015722202594,0.6100390096613942,0.8120298800400161,0.7577832693710113,0.7036082244329798,0.7638720280137014,0.7030964356592904,0.6300852925771492,0.5517533835204085,0.6475346859669785,0.5018515141899316,0.7297770354774358,0.6923121877457451,0.7303877760279338,0.6587743320478056,0.6801836169689015,0.6753185405757899,0.8343033903820763,0.730637881696727,0.7729204002360475,0.735614325897786,0.6142736905451696,0.8465002900006534,0.7011718771332859,0.8060615257626761,0.8158938360066968,0.6742845756515354,0.6757621161721342,0.629346096224148,0.7680970923000953,0.8287243116487555,0.5267545344408635,0.620085407424961,0.6438549728351528,0.6989255701772566,0.7621165833333821,0.7137558336717506,0.6945295832114231,0.6365434893114175,0.7191055087934173,0.6370430839073797,0.7095643835977099,0.7098980534830936,0.8421430180796704,0.698868895251696,0.7604439762016153,0.8598255305874816,0.6609516701047663,0.7180911637271584,0.6212637746248224,0.8076347526249,0.870037941981721,0.7645038241970497,0.7668808446139725,0.6577077916628931,0.811497536297434,0.7195665948896364,0.6354356151573748,0.7330089192227062,0.5213412972546498,0.699818946060214,0.6673084626173554,0.6019985455321633,0.8313582329768912
2025-07-31,0.7323747807482865,0.6062313409387191,0.6771324683762104,0.7665457439457615,0.6775713044973627,0.6952831025828083,0.8082688312775002,0.6246276515601219,0.5385536993590866,0.8071997728644135,0.5188735863655132,0.8067454470434204,0.7017482351694231,0.730983790395668,0.5670007428282413,0.8331732192905055,0.8465578058496328,0.5541128768666695,0.8103466728969219,0.6460186276326455,0.6271419990887148,0.7319361998692102,0.7636200744381914,0.8383138226617155,0.6122687410220968,0.6476434141154053,0.5875696012487716,0.8214699283376844,0.8751171795353885,0.8403961171359356,0.8594867308552625,0.7972437079134911,0.6443926471048735,0.6492805638673811,0.5531597872083494,0.8234231517579386,0.8321663155748704,0.5600892322651764,0.7174571375260494,0.8351298433127331,0.7323530235060044,0.8254471982113882,0.707465687519231,0.809733754551373,0.7962463887607517,0.860378197679815,0.7600951235933068,0.7391190498730873,0.7574723891436124,0.5615917027758982,0.5898969064663198,0.8540613985363423,0.7019218729734076,0.857019389424056,0.5743077595842573,0.6438761634890209,0.7470571853735057,0.6204426826828706,0.8367726422283571,0.693272054592581,0.7699198004471327,0.620730357953442,0.8262979023640576,0.7693545918013329,0.6012384860761129,0.7439484969841235,0.46526298010321543,0.7401463355905809,0.5445787483679455,0.8200302253067371,0.6902359320003191,0.7595707403770149,0.8189976414685357,0.6172923443822275,0.7465444676557265,0.8197501382731706,0.82698841049414,0.6425861841382646,0.6439029869276959,0.8112285597963772,0.7867698509070726,0.7026922554557734,0.7672868797994103,0.7071348530695994,0.6198448961960247,0.5471749174291638,0.647179207115045,0.5012506307899086,0.7477648686439561,0.6912012518406764,0.7304030909360313,0.6579200261882358,0.6790412968989734,0.6741103234707941,0.8620852112804405,0.7287745145228375,0.7720133038452357,0.7349675613376782,0.6126368073358607,0.8458991871523907,0.7061935442719036,0.8055624100051221,0.814554632880835,0.6727429613928532,0.6746578171754943,0.6255370569678629,0.7425638134611573,0.8280049994718928,0.5261746234622926,0.6163684264084488,0.6432064382247273,0.7214758352216848,0.7612087174871132,0.7121395040179034,0.7016423006206883,0.6358348745990463,0.7161718647556622,0.6348015587588282,0.7084725327928401,0.7095488999127398,0.8705452434168829,0.6970620694563523,0.7594393637191794,0.8876662222204079,0.6879330964145375,0.717409513518935,0.6208767851439317,0.8073648832685842,0.8707273904079166,0.7637560108072633,0.78774137492135,0.655936476695558,0.8148259362740328,0.7181401205637498,0.6636643428506327,0.7323078133068677,0.5206827527911032,0.7100307026155934,0.6969034692615194,0.6061977108347808,0.8605217484941601
