,2_short,3_short,9_short,10_short,11_short,15_short,19_short,20_short,22_short,25_short,29_short,30_short,31_short,32_short,33_short,34_short,35_short,37_short,39_short,41_short,43_short,44_short,45_short,46_short,49_short,50_short,55_short,59_short,60_short,63_short,64_short,65_short,70_short,71_short,72_short,73_short,74_short,75_short,76_short,77_short,78_short,80_short,81_short,82_short,84_short,86_short,88_short,91_short,92_short,94_short,96_short,101_short,102_short,103_short,106_short,108_short,111_short,123_short,124_short,125_short,129_short,130_short,131_short,132_short,133_short,134_short,137_short,138_short,139_short,140_short,141_short,145_short,147_short,148_short,153_short,156_short,157_short,158_short,159_short,160_short,164_short,165_short,166_short,170_short,171_short,173_short,174_short,178_short,179_short,181_short,187_short,188_short,189_short,191_short,192_short,197_short,198_short,199_short,200_short,201_short,203_short,205_short,210_short,211_short,213_short,216_short,220_short,223_short,224_short,225_short,230_short,232_short,237_short,239_short,241_short,243_short,244_short,245_short,246_short,249_short,250_short,251_short,262_short,263_short,264_short,265_short,naive_ave_pnl
2006-01-31,0.0,0.0,0.0,0.0,0.0,0.0,0.0,0.0,0.0,0.0,0.0,0.0,0.0,0.0,0.0,0.0,0.0,0.0,0.0,0.0,0.0,0.0,0.0,0.0,0.0,0.0,0.0,0.0,0.0,0.0,0.0,0.0,0.0,0.0,0.0,0.0,0.0,0.0,0.0,0.0,0.0,0.0,0.0,0.0,0.0,0.0,0.0,0.0,0.0,0.0,0.0,0.0,0.0,0.0,0.0,0.0,0.0,0.0,0.0,0.0,0.0,0.0,0.0,0.0,0.0,0.0,0.0,0.0,0.0,0.0,0.0,0.0,0.0,0.0,0.0,0.0,0.0,0.0,0.0,0.0,0.0,0.0,0.0,0.0,0.0,0.0,0.0,0.0,0.0,0.0,0.0,0.0,0.0,0.0,0.0,0.0,0.0,0.0,0.0,0.0,0.0,0.0,0.0,0.0,0.0,0.0,0.0,0.0,0.0,0.0,0.0,0.0,0.0,0.0,0.0,0.0,0.0,0.0,0.0,0.0,0.0,0.0,0.0,0.0,0.0,0.0,0.0
2006-02-28,0.0,0.0,0.0,0.0,0.0,0.0,0.0,0.0,0.0,0.0,0.0,0.0,0.0,0.0,0.0,0.0,0.0,0.0,0.0,0.0,0.0,0.0,0.0,0.0,0.0,0.0,0.0,0.0,0.0,0.0,0.0,0.0,0.0,0.0,0.0,0.0,0.0,0.0,0.0,0.0,0.0,0.0,0.0,0.0,0.0,0.0,0.0,0.0,0.0,0.0,0.0,0.0,0.0,0.0,0.0,0.0,0.0,0.0,0.0,0.0,0.0,0.0,0.0,0.0,0.0,0.0,0.0,0.0,0.0,0.0,0.0,0.0,0.0,0.0,0.0,0.0,0.0,0.0,0.0,0.0,0.0,0.0,0.0,0.0,0.0,0.0,0.0,0.0,0.0,0.0,0.0,0.0,0.0,0.0,0.0,0.0,0.0,0.0,0.0,0.0,0.0,0.0,0.0,0.0,0.0,0.0,0.0,0.0,0.0,0.0,0.0,0.0,0.0,0.0,0.0,0.0,0.0,0.0,0.0,0.0,0.0,0.0,0.0,0.0,0.0,0.0,0.0
2006-03-31,0.0,0.0,0.0,0.0,0.0,0.0,0.0,0.0,0.0,0.0,0.0,0.0,0.0,0.0,0.0,0.0,0.0,0.0,0.0,0.0,0.0,0.0,0.0,0.0,0.0,0.0,0.0,0.0,0.0,0.0,0.0,0.0,0.0,0.0,0.0,0.0,0.0,0.0,0.0,0.0,0.0,0.0,0.0,0.0,0.0,0.0,0.0,0.0,0.0,0.0,0.0,0.0,0.0,0.0,0.0,0.0,0.0,0.0,0.0,0.0,0.0,0.0,0.0,0.0,0.0,0.0,0.0,0.0,0.0,0.0,0.0,0.0,0.0,0.0,0.0,0.0,0.0,0.0,0.0,0.0,0.0,0.0,0.0,0.0,0.0,0.0,0.0,0.0,0.0,0.0,0.0,0.0,0.0,0.0,0.0,0.0,0.0,0.0,0.0,0.0,0.0,0.0,0.0,0.0,0.0,0.0,0.0,0.0,0.0,0.0,0.0,0.0,0.0,0.0,0.0,0.0,0.0,0.0,0.0,0.0,0.0,0.0,0.0,0.0,0.0,0.0,0.0
2006-04-30,0.0,0.0,0.0,0.0,0.0,0.0,0.0,0.0,0.0,0.0,0.0,0.0,0.0,0.0,0.0,0.0,0.0,0.0,0.0,0.0,0.0,0.0,0.0,0.0,0.0,0.0,0.0,0.0,0.0,0.0,0.0,0.0,0.0,0.0,0.0,0.0,0.0,0.0,0.0,0.0,0.0,0.0,0.0,0.0,0.0,0.0,0.0,0.0,0.0,0.0,0.0,0.0,0.0,0.0,0.0,0.0,0.0,0.0,0.0,0.0,0.0,0.0,0.0,0.0,0.0,0.0,0.0,0.0,0.0,0.0,0.0,0.0,0.0,0.0,0.0,0.0,0.0,0.0,0.0,0.0,0.0,0.0,0.0,0.0,0.0,0.0,0.0,0.0,0.0,0.0,0.0,0.0,0.0,0.0,0.0,0.0,0.0,0.0,0.0,0.0,0.0,0.0,0.0,0.0,0.0,0.0,0.0,0.0,0.0,0.0,0.0,0.0,0.0,0.0,0.0,0.0,0.0,0.0,0.0,0.0,0.0,0.0,0.0,0.0,0.0,0.0,0.0
2006-05-31,0.0,0.0,0.0,0.0,0.0,0.0,0.0,0.0,0.0,0.0,0.0,0.0,0.0,0.0,0.0,0.0,0.0,0.0,0.0,0.0,0.0,0.0,0.0,0.0,0.0,0.0,0.0,0.0,0.0,0.0,0.0,0.0,0.0,0.0,0.0,0.0,0.0,0.0,0.0,0.0,0.0,0.0,0.0,0.0,0.0,0.0,0.0,0.0,0.0,0.0,0.0,0.0,0.0,0.0,0.0,0.0,0.0,0.0,0.0,0.0,0.0,0.0,0.0,0.0,0.0,0.0,0.0,0.0,0.0,0.0,0.0,0.0,0.0,0.0,0.0,0.0,0.0,0.0,0.0,0.0,0.0,0.0,0.0,0.0,0.0,0.0,0.0,0.0,0.0,0.0,0.0,0.0,0.0,0.0,0.0,0.0,0.0,0.0,0.0,0.0,0.0,0.0,0.0,0.0,0.0,0.0,0.0,0.0,0.0,0.0,0.0,0.0,0.0,0.0,0.0,0.0,0.0,0.0,0.0,0.0,0.0,0.0,0.0,0.0,0.0,0.0,0.0
2006-06-30,0.0,0.0,0.0,0.0,0.0,0.0,0.0,0.0,0.0,0.0,0.0,0.0,0.0,0.0,0.0,0.0,0.0,0.0,0.0,0.0,0.0,0.0,0.0,0.0,0.0,0.0,0.0,0.0,0.0,0.0,0.0,0.0,0.0,0.0,0.0,0.0,0.0,0.0,0.0,0.0,0.0,0.0,0.0,0.0,0.0,0.0,0.0,0.0,0.0,0.0,0.0,0.0,0.0,0.0,0.0,0.0,0.0,0.0,0.0,0.0,0.0,0.0,0.0,0.0,0.0,0.0,0.0,0.0,0.0,0.0,0.0,0.0,0.0,0.0,0.0,0.0,0.0,0.0,0.0,0.0,0.0,0.0,0.0,0.0,0.0,0.0,0.0,0.0,0.0,0.0,0.0,0.0,0.0,0.0,0.0,0.0,0.0,0.0,0.0,0.0,0.0,0.0,0.0,0.0,0.0,0.0,0.0,0.0,0.0,0.0,0.0,0.0,0.0,0.0,0.0,0.0,0.0,0.0,0.0,0.0,0.0,0.0,0.0,0.0,0.0,0.0,0.0
2006-07-31,0.0,0.0,0.0,0.0,0.0,0.0,0.0,0.0,0.0,0.0,0.0,0.0,0.0,0.0,0.0,0.0,0.0,0.0,0.0,0.0,0.0,0.0,0.0,0.0,0.0,0.0,0.0,0.0,0.0,0.0,0.0,0.0,0.0,0.0,0.0,0.0,0.0,0.0,0.0,0.0,0.0,0.0,0.0,0.0,0.0,0.0,0.0,0.0,0.0,0.0,0.0,0.0,0.0,0.0,0.0,0.0,0.0,0.0,0.0,0.0,0.0,0.0,0.0,0.0,0.0,0.0,0.0,0.0,0.0,0.0,0.0,0.0,0.0,0.0,0.0,0.0,0.0,0.0,0.0,0.0,0.0,0.0,0.0,0.0,0.0,0.0,0.0,0.0,0.0,0.0,0.0,0.0,0.0,0.0,0.0,0.0,0.0,0.0,0.0,0.0,0.0,0.0,0.0,0.0,0.0,0.0,0.0,0.0,0.0,0.0,0.0,0.0,0.0,0.0,0.0,0.0,0.0,0.0,0.0,0.0,0.0,0.0,0.0,0.0,0.0,0.0,0.0
2006-08-31,0.0,0.0,0.0,0.0,0.0,0.0,0.0,0.0,0.0,0.0,0.0,0.0,0.0,0.0,0.0,0.0,0.0,0.0,0.0,0.0,0.0,0.0,0.0,0.0,0.0,0.0,0.0,0.0,0.0,0.0,0.0,0.0,0.0,0.0,0.0,0.0,0.0,0.0,0.0,0.0,0.0,0.0,0.0,0.0,0.0,0.0,0.0,0.0,0.0,0.0,0.0,0.0,0.0,0.0,0.0,0.0,0.0,0.0,0.0,0.0,0.0,0.0,0.0,0.0,0.0,0.0,0.0,0.0,0.0,0.0,0.0,0.0,0.0,0.0,0.0,0.0,0.0,0.0,0.0,0.0,0.0,0.0,0.0,0.0,0.0,0.0,0.0,0.0,0.0,0.0,0.0,0.0,0.0,0.0,0.0,0.0,0.0,0.0,0.0,0.0,0.0,0.0,0.0,0.0,0.0,0.0,0.0,0.0,0.0,0.0,0.0,0.0,0.0,0.0,0.0,0.0,0.0,0.0,0.0,0.0,0.0,0.0,0.0,0.0,0.0,0.0,0.0
2006-09-30,0.0,0.0,0.0,0.0,0.0,0.0,0.0,0.0,0.0,0.0,0.0,0.0,0.0,0.0,0.0,0.0,0.0,0.0,0.0,0.0,0.0,0.0,0.0,0.0,0.0,0.0,0.0,0.0,0.0,0.0,0.0,0.0,0.0,0.0,0.0,0.0,0.0,0.0,0.0,0.0,0.0,0.0,0.0,0.0,0.0,0.0,0.0,0.0,0.0,0.0,0.0,0.0,0.0,0.0,0.0,0.0,0.0,0.0,0.0,0.0,0.0,0.0,0.0,0.0,0.0,0.0,0.0,0.0,0.0,0.0,0.0,0.0,0.0,0.0,0.0,0.0,0.0,0.0,0.0,0.0,0.0,0.0,0.0,0.0,0.0,0.0,0.0,0.0,0.0,0.0,0.0,0.0,0.0,0.0,0.0,0.0,0.0,0.0,0.0,0.0,0.0,0.0,0.0,0.0,0.0,0.0,0.0,0.0,0.0,0.0,0.0,0.0,0.0,0.0,0.0,0.0,0.0,0.0,0.0,0.0,0.0,0.0,0.0,0.0,0.0,0.0,0.0
2006-10-31,0.0,0.0,0.0,0.0,0.0,0.0,0.0,0.0,0.0,0.0,0.0,0.0,0.0,0.0,0.0,0.0,0.0,0.0,0.0,0.0,0.0,0.0,0.0,0.0,0.0,0.0,0.0,0.0,0.0,0.0,0.0,0.0,0.0,0.0,0.0,0.0,0.0,0.0,0.0,0.0,0.0,0.0,0.0,0.0,0.0,0.0,0.0,0.0,0.0,0.0,0.0,0.0,0.0,0.0,0.0,0.0,0.0,0.0,0.0,0.0,0.0,0.0,0.0,0.0,0.0,0.0,0.0,0.0,0.0,0.0,0.0,0.0,0.0,0.0,0.0,0.0,0.0,0.0,0.0,0.0,0.0,0.0,0.0,0.0,0.0,0.0,0.0,0.0,0.0,0.0,0.0,0.0,0.0,0.0,0.0,0.0,0.0,0.0,0.0,0.0,0.0,0.0,0.0,0.0,0.0,0.0,0.0,0.0,0.0,0.0,0.0,0.0,0.0,0.0,0.0,0.0,0.0,0.0,0.0,0.0,0.0,0.0,0.0,0.0,0.0,0.0,0.0
2006-11-30,0.0,0.0,0.0,0.0,0.0,0.0,0.0,0.0,0.0,0.0,0.0,0.0,0.0,0.0,0.0,0.0,0.0,0.0,0.0,0.0,0.0,0.0,0.0,0.0,0.0,0.0,0.0,0.0,0.0,0.0,0.0,0.0,0.0,0.0,0.0,0.0,0.0,0.0,0.0,0.0,0.0,0.0,0.0,0.0,0.0,0.0,0.0,0.0,0.0,0.0,0.0,0.0,0.0,0.0,0.0,0.0,0.0,0.0,0.0,0.0,0.0,0.0,0.0,0.0,0.0,0.0,0.0,0.0,0.0,0.0,0.0,0.0,0.0,0.0,0.0,0.0,0.0,0.0,0.0,0.0,0.0,0.0,0.0,0.0,0.0,0.0,0.0,0.0,0.0,0.0,0.0,0.0,0.0,0.0,0.0,0.0,0.0,0.0,0.0,0.0,0.0,0.0,0.0,0.0,0.0,0.0,0.0,0.0,0.0,0.0,0.0,0.0,0.0,0.0,0.0,0.0,0.0,0.0,0.0,0.0,0.0,0.0,0.0,0.0,0.0,0.0,0.0
2006-12-31,0.0,0.0,0.0,0.0,0.0,0.0,0.0,0.0,0.0,0.0,0.0,0.0,0.0,0.0,0.0,0.0,0.0,0.0,0.0,0.0,0.0,0.0,0.0,0.0,0.0,0.0,0.0,0.0,0.0,0.0,0.0,0.0,0.0,0.0,0.0,0.0,0.0,0.0,0.0,0.0,0.0,0.0,0.0,0.0,0.0,0.0,0.0,0.0,0.0,0.0,0.0,0.0,0.0,0.0,0.0,0.0,0.0,0.0,0.0,0.0,0.0,0.0,0.0,0.0,0.0,0.0,0.0,0.0,0.0,0.0,0.0,0.0,0.0,0.0,0.0,0.0,0.0,0.0,0.0,0.0,0.0,0.0,0.0,0.0,0.0,0.0,0.0,0.0,0.0,0.0,0.0,0.0,0.0,0.0,0.0,0.0,0.0,0.0,0.0,0.0,0.0,0.0,0.0,0.0,0.0,0.0,0.0,0.0,0.0,0.0,0.0,0.0,0.0,0.0,0.0,0.0,0.0,0.0,0.0,0.0,0.0,0.0,0.0,0.0,0.0,0.0,0.0
2007-01-31,0.0,0.0,0.0,0.0,0.0,0.0,0.0,0.0,0.0,0.0,0.0,0.0,0.0,0.0,0.0,0.0,0.0,0.0,0.0,0.0,0.0,0.0,0.0,0.0,0.0,0.0,0.0,0.0,0.0,0.0,0.0,0.0,0.0,0.0,0.0,0.0,0.0,0.0,0.0,0.0,0.0,0.0,0.0,0.0,0.0,0.0,0.0,0.0,0.0,0.0,0.0,0.0,0.0,0.0,0.0,0.0,0.0,0.0,0.0,0.0,0.0,0.0,0.0,0.0,0.0,0.0,0.0,0.0,0.0,0.0,0.0,0.0,0.0,0.0,0.0,0.0,0.0,0.0,0.0,0.0,0.0,0.0,0.0,0.0,0.0,0.0,0.0,0.0,0.0,0.0,0.0,0.0,0.0,0.0,0.0,0.0,0.0,0.0,0.0,0.0,0.0,0.0,0.0,0.0,0.0,0.0,0.0,0.0,0.0,0.0,0.0,0.0,0.0,0.0,0.0,0.0,0.0,0.0,0.0,0.0,0.0,0.0,0.0,0.0,0.0,0.0,0.0
2007-02-28,0.0,0.0,0.0,0.0,0.0,0.0,0.0,0.0,0.0,0.0,0.0,0.0,0.0,0.0,0.0,0.0,0.0,0.0,0.0,0.0,0.0,0.0,0.0,0.0,0.0,0.0,0.0,0.0,0.0,0.0,0.0,0.0,0.0,0.0,0.0,0.0,0.0,0.0,0.0,0.0,0.0,0.0,0.0,0.0,0.0,0.0,0.0,0.0,0.0,0.0,0.0,0.0,0.0,0.0,0.0,0.0,0.0,0.0,0.0,0.0,0.0,0.0,0.0,0.0,0.0,0.0,0.0,0.0,0.0,0.0,0.0,0.0,0.0,0.0,0.0,0.0,0.0,0.0,0.0,0.0,0.0,0.0,0.0,0.0,0.0,0.0,0.0,0.0,0.0,0.0,0.0,0.0,0.0,0.0,0.0,0.0,0.0,0.0,0.0,0.0,0.0,0.0,0.0,0.0,0.0,0.0,0.0,0.0,0.0,0.0,0.0,0.0,0.0,0.0,0.0,0.0,0.0,0.0,0.0,0.0,0.0,0.0,0.0,0.0,0.0,0.0,0.0
2007-03-31,0.0,0.0,0.0,0.0,0.0,0.0,0.0,0.0,0.0,0.0,0.0,0.0,0.0,0.0,0.0,0.0,0.0,0.0,0.0,0.0,0.0,0.0,0.0,0.0,0.0,0.0,0.0,0.0,0.0,0.0,0.0,0.0,0.0,0.0,0.0,0.0,0.0,0.0,0.0,0.0,0.0,0.0,0.0,0.0,0.0,0.0,0.0,0.0,0.0,0.0,0.0,0.0,0.0,0.0,0.0,0.0,0.0,0.0,0.0,0.0,0.0,0.0,0.0,0.0,0.0,0.0,0.0,0.0,0.0,0.0,0.0,0.0,0.0,0.0,0.0,0.0,0.0,0.0,0.0,0.0,0.0,0.0,0.0,0.0,0.0,0.0,0.0,0.0,0.0,0.0,0.0,0.0,0.0,0.0,0.0,0.0,0.0,0.0,0.0,0.0,0.0,0.0,0.0,0.0,0.0,0.0,0.0,0.0,0.0,0.0,0.0,0.0,0.0,0.0,0.0,0.0,0.0,0.0,0.0,0.0,0.0,0.0,0.0,0.0,0.0,0.0,0.0
2007-04-30,0.0,0.0,0.0,0.0,0.0,0.0,0.0,0.0,0.0,0.0,0.0,0.0,0.0,0.0,0.0,0.0,0.0,0.0,0.0,0.0,0.0,0.0,0.0,0.0,0.0,0.0,0.0,0.0,0.0,0.0,0.0,0.0,0.0,0.0,0.0,0.0,0.0,0.0,0.0,0.0,0.0,0.0,0.0,0.0,0.0,0.0,0.0,0.0,0.0,0.0,0.0,0.0,0.0,0.0,0.0,0.0,0.0,0.0,0.0,0.0,0.0,0.0,0.0,0.0,0.0,0.0,0.0,0.0,0.0,0.0,0.0,0.0,0.0,0.0,0.0,0.0,0.0,0.0,0.0,0.0,0.0,0.0,0.0,0.0,0.0,0.0,0.0,0.0,0.0,0.0,0.0,0.0,0.0,0.0,0.0,0.0,0.0,0.0,0.0,0.0,0.0,0.0,0.0,0.0,0.0,0.0,0.0,0.0,0.0,0.0,0.0,0.0,0.0,0.0,0.0,0.0,0.0,0.0,0.0,0.0,0.0,0.0,0.0,0.0,0.0,0.0,0.0
2007-05-31,0.0,0.0,0.0,0.0,0.0,0.0,0.0,0.0,0.0,0.0,0.0,0.0,0.0,0.0,0.0,0.0,0.0,0.0,0.0,0.0,0.0,0.0,0.0,0.0,0.0,0.0,0.0,0.0,0.0,0.0,0.0,0.0,0.0,0.0,0.0,0.0,0.0,0.0,0.0,0.0,0.0,0.0,0.0,0.0,0.0,0.0,0.0,0.0,0.0,0.0,0.0,0.0,0.0,0.0,0.0,0.0,0.0,0.0,0.0,0.0,0.0,0.0,0.0,0.0,0.0,0.0,0.0,0.0,0.0,0.0,0.0,0.0,0.0,0.0,0.0,0.0,0.0,0.0,0.0,0.0,0.0,0.0,0.0,0.0,0.0,0.0,0.0,0.0,0.0,0.0,0.0,0.0,0.0,0.0,0.0,0.0,0.0,0.0,0.0,0.0,0.0,0.0,0.0,0.0,0.0,0.0,0.0,0.0,0.0,0.0,0.0,0.0,0.0,0.0,0.0,0.0,0.0,0.0,0.0,0.0,0.0,0.0,0.0,0.0,0.0,0.0,0.0
2007-06-30,0.0,0.0,0.0,0.0,0.0,0.0,0.0,0.0,0.0,0.0,0.0,0.0,0.0,0.0,0.0,0.0,0.0,0.0,0.0,0.0,0.0,0.0,0.0,0.0,0.0,0.0,0.0,0.0,0.0,0.0,0.0,0.0,0.0,0.0,0.0,0.0,0.0,0.0,0.0,0.0,0.0,0.0,0.0,0.0,0.0,0.0,0.0,0.0,0.0,0.0,0.0,0.0,0.0,0.0,0.0,0.0,0.0,0.0,0.0,0.0,0.0,0.0,0.0,0.0,0.0,0.0,0.0,0.0,0.0,0.0,0.0,0.0,0.0,0.0,0.0,0.0,0.0,0.0,0.0,0.0,0.0,0.0,0.0,0.0,0.0,0.0,0.0,0.0,0.0,0.0,0.0,0.0,0.0,0.0,0.0,0.0,0.0,0.0,0.0,0.0,0.0,0.0,0.0,0.0,0.0,0.0,0.0,0.0,0.0,0.0,0.0,0.0,0.0,0.0,0.0,0.0,0.0,0.0,0.0,0.0,0.0,0.0,0.0,0.0,0.0,0.0,0.0
2007-07-31,0.0,0.0,0.0,0.0,0.0,0.0,0.0,0.0,0.0,0.0,0.0,0.0,0.0,0.0,0.0,0.0,0.0,0.0,0.0,0.0,0.0,0.0,0.0,0.0,0.0,0.0,0.0,0.0,0.0,0.0,0.0,0.0,0.0,0.0,0.0,0.0,0.0,0.0,0.0,0.0,0.0,0.0,0.0,0.0,0.0,0.0,0.0,0.0,0.0,0.0,0.0,0.0,0.0,0.0,0.0,0.0,0.0,0.0,0.0,0.0,0.0,0.0,0.0,0.0,0.0,0.0,0.0,0.0,0.0,0.0,0.0,0.0,0.0,0.0,0.0,0.0,0.0,0.0,0.0,0.0,0.0,0.0,0.0,0.0,0.0,0.0,0.0,0.0,0.0,0.0,0.0,0.0,0.0,0.0,0.0,0.0,0.0,0.0,0.0,0.0,0.0,0.0,0.0,0.0,0.0,0.0,0.0,0.0,0.0,0.0,0.0,0.0,0.0,0.0,0.0,0.0,0.0,0.0,0.0,0.0,0.0,0.0,0.0,0.0,0.0,0.0,0.0
2007-08-31,0.0,0.0,0.0,0.0,0.0,0.0,0.0,0.0,0.0,0.0,0.0,0.0,0.0,0.0,0.0,0.0,0.0,0.0,0.0,0.0,0.0,0.0,0.0,0.0,0.0,0.0,0.0,0.0,0.0,0.0,0.0,0.0,0.0,0.0,0.0,0.0,0.0,0.0,0.0,0.0,0.0,0.0,0.0,0.0,0.0,0.0,0.0,0.0,0.0,0.0,0.0,0.0,0.0,0.0,0.0,0.0,0.0,0.0,0.0,0.0,0.0,0.0,0.0,0.0,0.0,0.0,0.0,0.0,0.0,0.0,0.0,0.0,0.0,0.0,0.0,0.0,0.0,0.0,0.0,0.0,0.0,0.0,0.0,0.0,0.0,0.0,0.0,0.0,0.0,0.0,0.0,0.0,0.0,0.0,0.0,0.0,0.0,0.0,0.0,0.0,0.0,0.0,0.0,0.0,0.0,0.0,0.0,0.0,0.0,0.0,0.0,0.0,0.0,0.0,0.0,0.0,0.0,0.0,0.0,0.0,0.0,0.0,0.0,0.0,0.0,0.0,0.0
2007-09-30,0.0,0.0,0.0,0.0,0.0,0.0,0.0,0.0,0.0,0.0,0.0,0.0,0.0,0.0,0.0,0.0,0.0,0.0,0.0,0.0,0.0,0.0,0.0,0.0,0.0,0.0,0.0,0.0,0.0,0.0,0.0,0.0,0.0,0.0,0.0,0.0,0.0,0.0,0.0,0.0,0.0,0.0,0.0,0.0,0.0,0.0,0.0,0.0,0.0,0.0,0.0,0.0,0.0,0.0,0.0,0.0,0.0,0.0,0.0,0.0,0.0,0.0,0.0,0.0,0.0,0.0,0.0,0.0,0.0,0.0,0.0,0.0,0.0,0.0,0.0,0.0,0.0,0.0,0.0,0.0,0.0,0.0,0.0,0.0,0.0,0.0,0.0,0.0,0.0,0.0,0.0,0.0,0.0,0.0,0.0,0.0,0.0,0.0,0.0,0.0,0.0,0.0,0.0,0.0,0.0,0.0,0.0,0.0,0.0,0.0,0.0,0.0,0.0,0.0,0.0,0.0,0.0,0.0,0.0,0.0,0.0,0.0,0.0,0.0,0.0,0.0,0.0
2007-10-31,0.0,0.0,0.0,0.0,0.0,0.0,0.0,0.0,0.0,0.0,0.0,0.0,0.0,0.0,0.0,0.0,0.0,0.0,0.0,0.0,0.0,0.0,0.0,0.0,0.0,0.0,0.0,0.0,0.0,0.0,0.0,0.0,0.0,0.0,0.0,0.0,0.0,0.0,0.0,0.0,0.0,0.0,0.0,0.0,0.0,0.0,0.0,0.0,0.0,0.0,0.0,0.0,0.0,0.0,0.0,0.0,0.0,0.0,0.0,0.0,0.0,0.0,0.0,0.0,0.0,0.0,0.0,0.0,0.0,0.0,0.0,0.0,0.0,0.0,0.0,0.0,0.0,0.0,0.0,0.0,0.0,0.0,0.0,0.0,0.0,0.0,0.0,0.0,0.0,0.0,0.0,0.0,0.0,0.0,0.0,0.0,0.0,0.0,0.0,0.0,0.0,0.0,0.0,0.0,0.0,0.0,0.0,0.0,0.0,0.0,0.0,0.0,0.0,0.0,0.0,0.0,0.0,0.0,0.0,0.0,0.0,0.0,0.0,0.0,0.0,0.0,0.0
2007-11-30,0.0,0.0,0.0,0.0,0.0,0.0,0.0,0.0,0.0,0.0,0.0,0.0,0.0,0.0,0.0,0.0,0.0,0.0,0.0,0.0,0.0,0.0,0.0,0.0,0.0,0.0,0.0,0.0,0.0,0.0,0.0,0.0,0.0,0.0,0.0,0.0,0.0,0.0,0.0,0.0,0.0,0.0,0.0,0.0,0.0,0.0,0.0,0.0,0.0,0.0,0.0,0.0,0.0,0.0,0.0,0.0,0.0,0.0,0.0,0.0,0.0,0.0,0.0,0.0,0.0,0.0,0.0,0.0,0.0,0.0,0.0,0.0,0.0,0.0,0.0,0.0,0.0,0.0,0.0,0.0,0.0,0.0,0.0,0.0,0.0,0.0,0.0,0.0,0.0,0.0,0.0,0.0,0.0,0.0,0.0,0.0,0.0,0.0,0.0,0.0,0.0,0.0,0.0,0.0,0.0,0.0,0.0,0.0,0.0,0.0,0.0,0.0,0.0,0.0,0.0,0.0,0.0,0.0,0.0,0.0,0.0,0.0,0.0,0.0,0.0,0.0,0.0
2007-12-31,0.0,0.0,0.0,0.0,0.0,0.0,0.0,0.0,0.0,0.0,0.0,0.0,0.0,0.0,0.0,0.0,0.0,0.0,0.0,0.0,0.0,0.0,0.0,0.0,0.0,0.0,0.0,0.0,0.0,0.0,0.0,0.0,0.0,0.0,0.0,0.0,0.0,0.0,0.0,0.0,0.0,0.0,0.0,0.0,0.0,0.0,0.0,0.0,0.0,0.0,0.0,0.0,0.0,0.0,0.0,0.0,0.0,0.0,0.0,0.0,0.0,0.0,0.0,0.0,0.0,0.0,0.0,0.0,0.0,0.0,0.0,0.0,0.0,0.0,0.0,0.0,0.0,0.0,0.0,0.0,0.0,0.0,0.0,0.0,0.0,0.0,0.0,0.0,0.0,0.0,0.0,0.0,0.0,0.0,0.0,0.0,0.0,0.0,0.0,0.0,0.0,0.0,0.0,0.0,0.0,0.0,0.0,0.0,0.0,0.0,0.0,0.0,0.0,0.0,0.0,0.0,0.0,0.0,0.0,0.0,0.0,0.0,0.0,0.0,0.0,0.0,0.0
2008-01-31,0.0,0.0,0.0,0.0,0.0,0.0,0.0,0.0,0.0,0.0,0.0,0.0,0.0,0.0,0.0,0.0,0.0,0.0,0.0,0.0,0.0,0.0,0.0,0.0,0.0,0.0,0.0,0.0,0.0,0.0,0.0,0.0,0.0,0.0,0.0,0.0,0.0,0.0,0.0,0.0,0.0,0.0,0.0,0.0,0.0,0.0,0.0,0.0,0.0,0.0,0.0,0.0,0.0,0.0,0.0,0.0,0.0,0.0,0.0,0.0,0.0,0.0,0.0,0.0,0.0,0.0,0.0,0.0,0.0,0.0,0.0,0.0,0.0,0.0,0.0,0.0,0.0,0.0,0.0,0.0,0.0,0.0,0.0,0.0,0.0,0.0,0.0,0.0,0.0,0.0,0.0,0.0,0.0,0.0,0.0,0.0,0.0,0.0,0.0,0.0,0.0,0.0,0.0,0.0,0.0,0.0,0.0,0.0,0.0,0.0,0.0,0.0,0.0,0.0,0.0,0.0,0.0,0.0,0.0,0.0,0.0,0.0,0.0,0.0,0.0,0.0,0.0
2008-02-29,0.0,0.0,0.0,0.0,0.0,0.0,0.0,0.0,0.0,0.0,0.0,0.0,0.0,0.0,0.0,0.0,0.0,0.0,0.0,0.0,0.0,0.0,0.0,0.0,0.0,0.0,0.0,0.0,0.0,0.0,0.0,0.0,0.0,0.0,0.0,0.0,0.0,0.0,0.0,0.0,0.0,0.0,0.0,0.0,0.0,0.0,0.0,0.0,0.0,0.0,0.0,0.0,0.0,0.0,0.0,0.0,0.0,0.0,0.0,0.0,0.0,0.0,0.0,0.0,0.0,0.0,0.0,0.0,0.0,0.0,0.0,0.0,0.0,0.0,0.0,0.0,0.0,0.0,0.0,0.0,0.0,0.0,0.0,0.0,0.0,0.0,0.0,0.0,0.0,0.0,0.0,0.0,0.0,0.0,0.0,0.0,0.0,0.0,0.0,0.0,0.0,0.0,0.0,0.0,0.0,0.0,0.0,0.0,0.0,0.0,0.0,0.0,0.0,0.0,0.0,0.0,0.0,0.0,0.0,0.0,0.0,0.0,0.0,0.0,0.0,0.0,0.0
2008-03-31,0.0,0.0,0.0,0.0,0.0,0.0,0.0,0.0,0.0,0.0,0.0,0.0,0.0,0.0,0.0,0.0,0.0,0.0,0.0,0.0,0.0,0.0,0.0,0.0,0.0,0.0,0.0,0.0,0.0,0.0,0.0,0.0,0.0,0.0,0.0,0.0,0.0,0.0,0.0,0.0,0.0,0.0,0.0,0.0,0.0,0.0,0.0,0.0,0.0,0.0,0.0,0.0,0.0,0.0,0.0,0.0,0.0,0.0,0.0,0.0,0.0,0.0,0.0,0.0,0.0,0.0,0.0,0.0,0.0,0.0,0.0,0.0,0.0,0.0,0.0,0.0,0.0,0.0,0.0,0.0,0.0,0.0,0.0,0.0,0.0,0.0,0.0,0.0,0.0,0.0,0.0,0.0,0.0,0.0,0.0,0.0,0.0,0.0,0.0,0.0,0.0,0.0,0.0,0.0,0.0,0.0,0.0,0.0,0.0,0.0,0.0,0.0,0.0,0.0,0.0,0.0,0.0,0.0,0.0,0.0,0.0,0.0,0.0,0.0,0.0,0.0,0.0
2008-04-30,0.0,0.0,0.0,0.0,0.0,0.0,0.0,0.0,0.0,0.0,0.0,0.0,0.0,0.0,0.0,0.0,0.0,0.0,0.0,0.0,0.0,0.0,0.0,0.0,0.0,0.0,0.0,0.0,0.0,0.0,0.0,0.0,0.0,0.0,0.0,0.0,0.0,0.0,0.0,0.0,0.0,0.0,0.0,0.0,0.0,0.0,0.0,0.0,0.0,0.0,0.0,0.0,0.0,0.0,0.0,0.0,0.0,0.0,0.0,0.0,0.0,0.0,0.0,0.0,0.0,0.0,0.0,0.0,0.0,0.0,0.0,0.0,0.0,0.0,0.0,0.0,0.0,0.0,0.0,0.0,0.0,0.0,0.0,0.0,0.0,0.0,0.0,0.0,0.0,0.0,0.0,0.0,0.0,0.0,0.0,0.0,0.0,0.0,0.0,0.0,0.0,0.0,0.0,0.0,0.0,0.0,0.0,0.0,0.0,0.0,0.0,0.0,0.0,0.0,0.0,0.0,0.0,0.0,0.0,0.0,0.0,0.0,0.0,0.0,0.0,0.0,0.0
2008-05-31,0.0,0.0,0.0,0.0,0.0,0.0,0.0,0.0,0.0,0.0,0.0,0.0,0.0,0.0,0.0,0.0,0.0,0.0,0.0,0.0,0.0,0.0,0.0,0.0,0.0,0.0,0.0,0.0,0.0,0.0,0.0,0.0,0.0,0.0,0.0,0.0,0.0,0.0,0.0,0.0,0.0,0.0,0.0,0.0,0.0,0.0,0.0,0.0,0.0,0.0,0.0,0.0,0.0,0.0,0.0,0.0,0.0,0.0,0.0,0.0,0.0,0.0,0.0,0.0,0.0,0.0,0.0,0.0,0.0,0.0,0.0,0.0,0.0,0.0,0.0,0.0,0.0,0.0,0.0,0.0,0.0,0.0,0.0,0.0,0.0,0.0,0.0,0.0,0.0,0.0,0.0,0.0,0.0,0.0,0.0,0.0,0.0,0.0,0.0,0.0,0.0,0.0,0.0,0.0,0.0,0.0,0.0,0.0,0.0,0.0,0.0,0.0,0.0,0.0,0.0,0.0,0.0,0.0,0.0,0.0,0.0,0.0,0.0,0.0,0.0,0.0,0.0
2008-06-30,0.0,0.0,0.0,0.0,0.0,0.0,0.0,0.0,0.0,0.0,0.0,0.0,0.0,0.0,0.0,0.0,0.0,0.0,0.0,0.0,0.0,0.0,0.0,0.0,0.0,0.0,0.0,0.0,0.0,0.0,0.0,0.0,0.0,0.0,0.0,0.0,0.0,0.0,0.0,0.0,0.0,0.0,0.0,0.0,0.0,0.0,0.0,0.0,0.0,0.0,0.0,0.0,0.0,0.0,0.0,0.0,0.0,0.0,0.0,0.0,0.0,0.0,0.0,0.0,0.0,0.0,0.0,0.0,0.0,0.0,0.0,0.0,0.0,0.0,0.0,0.0,0.0,0.0,0.0,0.0,0.0,0.0,0.0,0.0,0.0,0.0,0.0,0.0,0.0,0.0,0.0,0.0,0.0,0.0,0.0,0.0,0.0,0.0,0.0,0.0,0.0,0.0,0.0,0.0,0.0,0.0,0.0,0.0,0.0,0.0,0.0,0.0,0.0,0.0,0.0,0.0,0.0,0.0,0.0,0.0,0.0,0.0,0.0,0.0,0.0,0.0,0.0
2008-07-31,0.0,0.0,0.0,0.0,0.0,0.0,0.0,0.0,0.0,0.0,0.0,0.0,0.0,0.0,0.0,0.0,0.0,0.0,0.0,0.0,0.0,0.0,0.0,0.0,0.0,0.0,0.0,0.0,0.0,0.0,0.0,0.0,0.0,0.0,0.0,0.0,0.0,0.0,0.0,0.0,0.0,0.0,0.0,0.0,0.0,0.0,0.0,0.0,0.0,0.0,0.0,0.0,0.0,0.0,0.0,0.0,0.0,0.0,0.0,0.0,0.0,0.0,0.0,0.0,0.0,0.0,0.0,0.0,0.0,0.0,0.0,0.0,0.0,0.0,0.0,0.0,0.0,0.0,0.0,0.0,0.0,0.0,0.0,0.0,0.0,0.0,0.0,0.0,0.0,0.0,0.0,0.0,0.0,0.0,0.0,0.0,0.0,0.0,0.0,0.0,0.0,0.0,0.0,0.0,0.0,0.0,0.0,0.0,0.0,0.0,0.0,0.0,0.0,0.0,0.0,0.0,0.0,0.0,0.0,0.0,0.0,0.0,0.0,0.0,0.0,0.0,0.0
2008-08-31,0.0,0.0,0.0,0.0,0.0,0.0,0.0,0.0,0.0,0.0,0.0,0.0,0.0,0.0,0.0,0.0,0.0,0.0,0.0,0.0,0.0,0.0,0.0,0.0,0.0,0.0,0.0,0.0,0.0,0.0,0.0,0.0,0.0,0.0,0.0,0.0,0.0,0.0,0.0,0.0,0.0,0.0,0.0,0.0,0.0,0.0,0.0,0.0,0.0,0.0,0.0,0.0,0.0,0.0,0.0,0.0,0.0,0.0,0.0,0.0,0.0,0.0,0.0,0.0,0.0,0.0,0.0,0.0,0.0,0.0,0.0,0.0,0.0,0.0,0.0,0.0,0.0,0.0,0.0,0.0,0.0,0.0,0.0,0.0,0.0,0.0,0.0,0.0,0.0,0.0,0.0,0.0,0.0,0.0,0.0,0.0,0.0,0.0,0.0,0.0,0.0,0.0,0.0,0.0,0.0,0.0,0.0,0.0,0.0,0.0,0.0,0.0,0.0,0.0,0.0,0.0,0.0,0.0,0.0,0.0,0.0,0.0,0.0,0.0,0.0,0.0,0.0
2008-09-30,0.0,0.0,0.0,0.0,0.0,0.0,0.0,0.0,0.0,0.0,0.0,0.0,0.0,0.0,0.0,0.0,0.0,0.0,0.0,0.0,0.0,0.0,0.0,0.0,0.0,0.0,0.0,0.0,0.0,0.0,0.0,0.0,0.0,0.0,0.0,0.0,0.0,0.0,0.0,0.0,0.0,0.0,0.0,0.0,0.0,0.0,0.0,0.0,0.0,0.0,0.0,0.0,0.0,0.0,0.0,0.0,0.0,0.0,0.0,0.0,0.0,0.0,0.0,0.0,0.0,0.0,0.0,0.0,0.0,0.0,0.0,0.0,0.0,0.0,0.0,0.0,0.0,0.0,0.0,0.0,0.0,0.0,0.0,0.0,0.0,0.0,0.0,0.0,0.0,0.0,0.0,0.0,0.0,0.0,0.0,0.0,0.0,0.0,0.0,0.0,0.0,0.0,0.0,0.0,0.0,0.0,0.0,0.0,0.0,0.0,0.0,0.0,0.0,0.0,0.0,0.0,0.0,0.0,0.0,0.0,0.0,0.0,0.0,0.0,0.0,0.0,0.0
2008-10-31,0.0,0.0,0.0,0.0,0.0,0.0,0.0,0.0,0.0,0.0,0.0,0.0,0.0,0.0,0.0,0.0,0.0,0.0,0.0,0.0,0.0,0.0,0.0,0.0,0.0,0.0,0.0,0.0,0.0,0.0,0.0,0.0,0.0,0.0,0.0,0.0,0.0,0.0,0.0,0.0,0.0,0.0,0.0,0.0,0.0,0.0,0.0,0.0,0.0,0.0,0.0,0.0,0.0,0.0,0.0,0.0,0.0,0.0,0.0,0.0,0.0,0.0,0.0,0.0,0.0,0.0,0.0,0.0,0.0,0.0,0.0,0.0,0.0,0.0,0.0,0.0,0.0,0.0,0.0,0.0,0.0,0.0,0.0,0.0,0.0,0.0,0.0,0.0,0.0,0.0,0.0,0.0,0.0,0.0,0.0,0.0,0.0,0.0,0.0,0.0,0.0,0.0,0.0,0.0,0.0,0.0,0.0,0.0,0.0,0.0,0.0,0.0,0.0,0.0,0.0,0.0,0.0,0.0,0.0,0.0,0.0,0.0,0.0,0.0,0.0,0.0,0.0
2008-11-30,0.0,0.0,0.0,0.0,0.0,0.0,0.0,0.0,0.0,0.0,0.0,0.0,0.0,0.0,0.0,0.0,0.0,0.0,0.0,0.0,0.0,0.0,0.0,0.0,0.0,0.0,0.0,0.0,0.0,0.0,0.0,0.0,0.0,0.0,0.0,0.0,0.0,0.0,0.0,0.0,0.0,0.0,0.0,0.0,0.0,0.0,0.0,0.0,0.0,0.0,0.0,0.0,0.0,0.0,0.0,0.0,0.0,0.0,0.0,0.0,0.0,0.0,0.0,0.0,0.0,0.0,0.0,0.0,0.0,0.0,0.0,0.0,0.0,0.0,0.0,0.0,0.0,0.0,0.0,0.0,0.0,0.0,0.0,0.0,0.0,0.0,0.0,0.0,0.0,0.0,0.0,0.0,0.0,0.0,0.0,0.0,0.0,0.0,0.0,0.0,0.0,0.0,0.0,0.0,0.0,0.0,0.0,0.0,0.0,0.0,0.0,0.0,0.0,0.0,0.0,0.0,0.0,0.0,0.0,0.0,0.0,0.0,0.0,0.0,0.0,0.0,0.0
2008-12-31,0.0,0.0,0.0,0.0,0.0,0.0,0.0,0.0,0.0,0.0,0.0,0.0,0.0,0.0,0.0,0.0,0.0,0.0,0.0,0.0,0.0,0.0,0.0,0.0,0.0,0.0,0.0,0.0,0.0,0.0,0.0,0.0,0.0,0.0,0.0,0.0,0.0,0.0,0.0,0.0,0.0,0.0,0.0,0.0,0.0,0.0,0.0,0.0,0.0,0.0,0.0,0.0,0.0,0.0,0.0,0.0,0.0,0.0,0.0,0.0,0.0,0.0,0.0,0.0,0.0,0.0,0.0,0.0,0.0,0.0,0.0,0.0,0.0,0.0,0.0,0.0,0.0,0.0,0.0,0.0,0.0,0.0,0.0,0.0,0.0,0.0,0.0,0.0,0.0,0.0,0.0,0.0,0.0,0.0,0.0,0.0,0.0,0.0,0.0,0.0,0.0,0.0,0.0,0.0,0.0,0.0,0.0,0.0,0.0,0.0,0.0,0.0,0.0,0.0,0.0,0.0,0.0,0.0,0.0,0.0,0.0,0.0,0.0,0.0,0.0,0.0,0.0
2009-01-31,0.0,0.0,0.0,0.0,0.0,0.0,0.0,0.0,0.0,0.0,0.0,0.0,0.0,0.0,0.0,0.0,0.0,0.0,0.0,0.0,0.0,0.0,0.0,0.0,0.0,0.0,0.0,0.0,0.0,0.0,0.0,0.0,0.0,0.0,0.0,0.0,0.0,0.0,0.0,0.0,0.0,0.0,0.0,0.0,0.0,0.0,0.0,0.0,0.0,0.0,0.0,0.0,0.0,0.0,0.0,0.0,0.0,0.0,0.0,0.0,0.0,0.0,0.0,0.0,0.0,0.0,0.0,0.0,0.0,0.0,0.0,0.0,0.0,0.0,0.0,0.0,0.0,0.0,0.0,0.0,0.0,0.0,0.0,0.0,0.0,0.0,0.0,0.0,0.0,0.0,0.0,0.0,0.0,0.0,0.0,0.0,0.0,0.0,0.0,0.0,0.0,0.0,0.0,0.0,0.0,0.0,0.0,0.0,0.0,0.0,0.0,0.0,0.0,0.0,0.0,0.0,0.0,0.0,0.0,0.0,0.0,0.0,0.0,0.0,0.0,0.0,0.0
2009-02-28,0.0,0.0,0.0,0.0,0.0,0.0,0.0,0.0,0.0,0.0,0.0,0.0,0.0,0.0,0.0,0.0,0.0,0.0,0.0,0.0,0.0,0.0,0.0,0.0,0.0,0.0,0.0,0.0,0.0,0.0,0.0,0.0,0.0,0.0,0.0,0.0,0.0,0.0,0.0,0.0,0.0,0.0,0.0,0.0,0.0,0.0,0.0,0.0,0.0,0.0,0.0,0.0,0.0,0.0,0.0,0.0,0.0,0.0,0.0,0.0,0.0,0.0,0.0,0.0,0.0,0.0,0.0,0.0,0.0,0.0,0.0,0.0,0.0,0.0,0.0,0.0,0.0,0.0,0.0,0.0,0.0,0.0,0.0,0.0,0.0,0.0,0.0,0.0,0.0,0.0,0.0,0.0,0.0,0.0,0.0,0.0,0.0,0.0,0.0,0.0,0.0,0.0,0.0,0.0,0.0,0.0,0.0,0.0,0.0,0.0,0.0,0.0,0.0,0.0,0.0,0.0,0.0,0.0,0.0,0.0,0.0,0.0,0.0,0.0,0.0,0.0,0.0
2009-03-31,0.0,0.0,0.0,0.0,0.0,0.0,0.0,0.0,0.0,0.0,0.0,0.0,0.0,0.0,0.0,0.0,0.0,0.0,0.0,0.0,0.0,0.0,0.0,0.0,0.0,0.0,0.0,0.0,0.0,0.0,0.0,0.0,0.0,0.0,0.0,0.0,0.0,0.0,0.0,0.0,0.0,0.0,0.0,0.0,0.0,0.0,0.0,0.0,0.0,0.0,0.0,0.0,0.0,0.0,0.0,0.0,0.0,0.0,0.0,0.0,0.0,0.0,0.0,0.0,0.0,0.0,0.0,0.0,0.0,0.0,0.0,0.0,0.0,0.0,0.0,0.0,0.0,0.0,0.0,0.0,0.0,0.0,0.0,0.0,0.0,0.0,0.0,0.0,0.0,0.0,0.0,0.0,0.0,0.0,0.0,0.0,0.0,0.0,0.0,0.0,0.0,0.0,0.0,0.0,0.0,0.0,0.0,0.0,0.0,0.0,0.0,0.0,0.0,0.0,0.0,0.0,0.0,0.0,0.0,0.0,0.0,0.0,0.0,0.0,0.0,0.0,0.0
2009-04-30,0.0,0.0,0.0,0.0,0.0,0.0,0.0,0.0,0.0,0.0,0.0,0.0,0.0,0.0,0.0,0.0,0.0,0.0,0.0,0.0,0.0,0.0,0.0,0.0,0.0,0.0,0.0,0.0,0.0,0.0,0.0,0.0,0.0,0.0,0.0,0.0,0.0,0.0,0.0,0.0,0.0,0.0,0.0,0.0,0.0,0.0,0.0,0.0,0.0,0.0,0.0,0.0,0.0,0.0,0.0,0.0,0.0,0.0,0.0,0.0,0.0,0.0,0.0,0.0,0.0,0.0,0.0,0.0,0.0,0.0,0.0,0.0,0.0,0.0,0.0,0.0,0.0,0.0,0.0,0.0,0.0,0.0,0.0,0.0,0.0,0.0,0.0,0.0,0.0,0.0,0.0,0.0,0.0,0.0,0.0,0.0,0.0,0.0,0.0,0.0,0.0,0.0,0.0,0.0,0.0,0.0,0.0,0.0,0.0,0.0,0.0,0.0,0.0,0.0,0.0,0.0,0.0,0.0,0.0,0.0,0.0,0.0,0.0,0.0,0.0,0.0,0.0
2009-05-31,0.0,0.0,0.0,0.0,0.0,0.0,0.0,0.0,0.0,0.0,0.0,0.0,0.0,0.0,0.0,0.0,0.0,0.0,0.0,0.0,0.0,0.0,0.0,0.0,0.0,0.0,0.0,0.0,0.0,0.0,0.0,0.0,0.0,0.0,0.0,0.0,0.0,0.0,0.0,0.0,0.0,0.0,0.0,0.0,0.0,0.0,0.0,0.0,0.0,0.0,0.0,0.0,0.0,0.0,0.0,0.0,0.0,0.0,0.0,0.0,0.0,0.0,0.0,0.0,0.0,0.0,0.0,0.0,0.0,0.0,0.0,0.0,0.0,0.0,0.0,0.0,0.0,0.0,0.0,0.0,0.0,0.0,0.0,0.0,0.0,0.0,0.0,0.0,0.0,0.0,0.0,0.0,0.0,0.0,0.0,0.0,0.0,0.0,0.0,0.0,0.0,0.0,0.0,0.0,0.0,0.0,0.0,0.0,0.0,0.0,0.0,0.0,0.0,0.0,0.0,0.0,0.0,0.0,0.0,0.0,0.0,0.0,0.0,0.0,0.0,0.0,0.0
2009-06-30,0.0,0.0,0.0,0.0,0.0,0.0,0.0,0.0,0.0,0.0,0.0,0.0,0.0,0.0,0.0,0.0,0.0,0.0,0.0,0.0,0.0,0.0,0.0,0.0,0.0,0.0,0.0,0.0,0.0,0.0,0.0,0.0,0.0,0.0,0.0,0.0,0.0,0.0,0.0,0.0,0.0,0.0,0.0,0.0,0.0,0.0,0.0,0.0,0.0,0.0,0.0,0.0,0.0,0.0,0.0,0.0,0.0,0.0,0.0,0.0,0.0,0.0,0.0,0.0,0.0,0.0,0.0,0.0,0.0,0.0,0.0,0.0,0.0,0.0,0.0,0.0,0.0,0.0,0.0,0.0,0.0,0.0,0.0,0.0,0.0,0.0,0.0,0.0,0.0,0.0,0.0,0.0,0.0,0.0,0.0,0.0,0.0,0.0,0.0,0.0,0.0,0.0,0.0,0.0,0.0,0.0,0.0,0.0,0.0,0.0,0.0,0.0,0.0,0.0,0.0,0.0,0.0,0.0,0.0,0.0,0.0,0.0,0.0,0.0,0.0,0.0,0.0
2009-07-31,0.0,0.0,0.0,0.0,0.0,0.0,0.0,0.0,0.0,0.0,0.0,0.0,0.0,0.0,0.0,0.0,0.0,0.0,0.0,0.0,0.0,0.0,0.0,0.0,0.0,0.0,0.0,0.0,0.0,0.0,0.0,0.0,0.0,0.0,0.0,0.0,0.0,0.0,0.0,0.0,0.0,0.0,0.0,0.0,0.0,0.0,0.0,0.0,0.0,0.0,0.0,0.0,0.0,0.0,0.0,0.0,0.0,0.0,0.0,0.0,0.0,0.0,0.0,0.0,0.0,0.0,0.0,0.0,0.0,0.0,0.0,0.0,0.0,0.0,0.0,0.0,0.0,0.0,0.0,0.0,0.0,0.0,0.0,0.0,0.0,0.0,0.0,0.0,0.0,0.0,0.0,0.0,0.0,0.0,0.0,0.0,0.0,0.0,0.0,0.0,0.0,0.0,0.0,0.0,0.0,0.0,0.0,0.0,0.0,0.0,0.0,0.0,0.0,0.0,0.0,0.0,0.0,0.0,0.0,0.0,0.0,0.0,0.0,0.0,0.0,0.0,0.0
2009-08-31,0.0,0.0,0.0,0.0,0.0,0.0,0.0,0.0,0.0,0.0,0.0,0.0,0.0,0.0,0.0,0.0,0.0,0.0,0.0,0.0,0.0,0.0,0.0,0.0,0.0,0.0,0.0,0.0,0.0,0.0,0.0,0.0,0.0,0.0,0.0,0.0,0.0,0.0,0.0,0.0,0.0,0.0,0.0,0.0,0.0,0.0,0.0,0.0,0.0,0.0,0.0,0.0,0.0,0.0,0.0,0.0,0.0,0.0,0.0,0.0,0.0,0.0,0.0,0.0,0.0,0.0,0.0,0.0,0.0,0.0,0.0,0.0,0.0,0.0,0.0,0.0,0.0,0.0,0.0,0.0,0.0,0.0,0.0,0.0,0.0,0.0,0.0,0.0,0.0,0.0,0.0,0.0,0.0,0.0,0.0,0.0,0.0,0.0,0.0,0.0,0.0,0.0,0.0,0.0,0.0,0.0,0.0,0.0,0.0,0.0,0.0,0.0,0.0,0.0,0.0,0.0,0.0,0.0,0.0,0.0,0.0,0.0,0.0,0.0,0.0,0.0,0.0
2009-09-30,0.0,0.0,0.0,0.0,0.0,0.0,0.0,0.0,0.0,0.0,0.0,0.0,0.0,0.0,0.0,0.0,0.0,0.0,0.0,0.0,0.0,0.0,0.0,0.0,0.0,0.0,0.0,0.0,0.0,0.0,0.0,0.0,0.0,0.0,0.0,0.0,0.0,0.0,0.0,0.0,0.0,0.0,0.0,0.0,0.0,0.0,0.0,0.0,0.0,0.0,0.0,0.0,0.0,0.0,0.0,0.0,0.0,0.0,0.0,0.0,0.0,0.0,0.0,0.0,0.0,0.0,0.0,0.0,0.0,0.0,0.0,0.0,0.0,0.0,0.0,0.0,0.0,0.0,0.0,0.0,0.0,0.0,0.0,0.0,0.0,0.0,0.0,0.0,0.0,0.0,0.0,0.0,0.0,0.0,0.0,0.0,0.0,0.0,0.0,0.0,0.0,0.0,0.0,0.0,0.0,0.0,0.0,0.0,0.0,0.0,0.0,0.0,0.0,0.0,0.0,0.0,0.0,0.0,0.0,0.0,0.0,0.0,0.0,0.0,0.0,0.0,0.0
2009-10-31,0.0,0.0,0.0,0.0,0.0,0.0,0.0,0.0,0.0,0.0,0.0,0.0,0.0,0.0,0.0,0.0,0.0,0.0,0.0,0.0,0.0,0.0,0.0,0.0,0.0,0.0,0.0,0.0,0.0,0.0,0.0,0.0,0.0,0.0,0.0,0.0,0.0,0.0,0.0,0.0,0.0,0.0,0.0,0.0,0.0,0.0,0.0,0.0,0.0,0.0,0.0,0.0,0.0,0.0,0.0,0.0,0.0,0.0,0.0,0.0,0.0,0.0,0.0,0.0,0.0,0.0,0.0,0.0,0.0,0.0,0.0,0.0,0.0,0.0,0.0,0.0,0.0,0.0,0.0,0.0,0.0,0.0,0.0,0.0,0.0,0.0,0.0,0.0,0.0,0.0,0.0,0.0,0.0,0.0,0.0,0.0,0.0,0.0,0.0,0.0,0.0,0.0,0.0,0.0,0.0,0.0,0.0,0.0,0.0,0.0,0.0,0.0,0.0,0.0,0.0,0.0,0.0,0.0,0.0,0.0,0.0,0.0,0.0,0.0,0.0,0.0,0.0
2009-11-30,0.0,0.0,0.0,0.0,0.0,0.0,0.0,0.0,0.0,0.0,0.0,0.0,0.0,0.0,0.0,0.0,0.0,0.0,0.0,0.0,0.0,0.0,0.0,0.0,0.0,0.0,0.0,0.0,0.0,0.0,0.0,0.0,0.0,0.0,0.0,0.0,0.0,0.0,0.0,0.0,0.0,0.0,0.0,0.0,0.0,0.0,0.0,0.0,0.0,0.0,0.0,0.0,0.0,0.0,0.0,0.0,0.0,0.0,0.0,0.0,0.0,0.0,0.0,0.0,0.0,0.0,0.0,0.0,0.0,0.0,0.0,0.0,0.0,0.0,0.0,0.0,0.0,0.0,0.0,0.0,0.0,0.0,0.0,0.0,0.0,0.0,0.0,0.0,0.0,0.0,0.0,0.0,0.0,0.0,0.0,0.0,0.0,0.0,0.0,0.0,0.0,0.0,0.0,0.0,0.0,0.0,0.0,0.0,0.0,0.0,0.0,0.0,0.0,0.0,0.0,0.0,0.0,0.0,0.0,0.0,0.0,0.0,0.0,0.0,0.0,0.0,0.0
2009-12-31,0.0,0.0,0.0,0.0,0.0,0.0,0.0,0.0,0.0,0.0,0.0,0.0,0.0,0.0,0.0,0.0,0.0,0.0,0.0,0.0,0.0,0.0,0.0,0.0,0.0,0.0,0.0,0.0,0.0,0.0,0.0,0.0,0.0,0.0,0.0,0.0,0.0,0.0,0.0,0.0,0.0,0.0,0.0,0.0,0.0,0.0,0.0,0.0,0.0,0.0,0.0,0.0,0.0,0.0,0.0,0.0,0.0,0.0,0.0,0.0,0.0,0.0,0.0,0.0,0.0,0.0,0.0,0.0,0.0,0.0,0.0,0.0,0.0,0.0,0.0,0.0,0.0,0.0,0.0,0.0,0.0,0.0,0.0,0.0,0.0,0.0,0.0,0.0,0.0,0.0,0.0,0.0,0.0,0.0,0.0,0.0,0.0,0.0,0.0,0.0,0.0,0.0,0.0,0.0,0.0,0.0,0.0,0.0,0.0,0.0,0.0,0.0,0.0,0.0,0.0,0.0,0.0,0.0,0.0,0.0,0.0,0.0,0.0,0.0,0.0,0.0,0.0
2010-01-31,0.0,0.0,0.0,0.0,0.0,0.0,0.0,0.0,0.0,0.0,0.0,0.0,0.0,0.0,0.0,0.0,0.0,0.0,0.0,0.0,0.0,0.0,0.0,0.0,0.0,0.0,0.0,0.0,0.0,0.0,0.0,0.0,0.0,0.0,0.0,0.0,0.0,0.0,0.0,0.0,0.0,0.0,0.0,0.0,0.0,0.0,0.0,0.0,0.0,0.0,0.0,0.0,0.0,0.0,0.0,0.0,0.0,0.0,0.0,0.0,0.0,0.0,0.0,0.0,0.0,0.0,0.0,0.0,0.0,0.0,0.0,0.0,0.0,0.0,0.0,0.0,0.0,0.0,0.0,0.0,0.0,0.0,0.0,0.0,0.0,0.0,0.0,0.0,0.0,0.0,0.0,0.0,0.0,0.0,0.0,0.0,0.0,0.0,0.0,0.0,0.0,0.0,0.0,0.0,0.0,0.0,0.0,0.0,0.0,0.0,0.0,0.0,0.0,0.0,0.0,0.0,0.0,0.0,0.0,0.0,0.0,0.0,0.0,0.0,0.0,0.0,0.0
2010-02-28,0.0,0.0,0.0,0.0,0.0,0.0,0.0,0.0,0.0,0.0,0.0,0.0,0.0,0.0,0.0,0.0,0.0,0.0,0.0,0.0,0.0,0.0,0.0,0.0,0.0,0.0,0.0,0.0,0.0,0.0,0.0,0.0,0.0,0.0,0.0,0.0,0.0,0.0,0.0,0.0,0.0,0.0,0.0,0.0,0.0,0.0,0.0,0.0,0.0,0.0,0.0,0.0,0.0,0.0,0.0,0.0,0.0,0.0,0.0,0.0,0.0,0.0,0.0,0.0,0.0,0.0,0.0,0.0,0.0,0.0,0.0,0.0,0.0,0.0,0.0,0.0,0.0,0.0,0.0,0.0,0.0,0.0,0.0,0.0,0.0,0.0,0.0,0.0,0.0,0.0,0.0,0.0,0.0,0.0,0.0,0.0,0.0,0.0,0.0,0.0,0.0,0.0,0.0,0.0,0.0,0.0,0.0,0.0,0.0,0.0,0.0,0.0,0.0,0.0,0.0,0.0,0.0,0.0,0.0,0.0,0.0,0.0,0.0,0.0,0.0,0.0,0.0
2010-03-31,0.0,0.0,0.0,0.0,0.0,0.0,0.0,0.0,0.0,0.0,0.0,0.0,0.0,0.0,0.0,0.0,0.0,0.0,0.0,0.0,0.0,0.0,0.0,0.0,0.0,0.0,0.0,0.0,0.0,0.0,0.0,0.0,0.0,0.0,0.0,0.0,0.0,0.0,0.0,0.0,0.0,0.0,0.0,0.0,0.0,0.0,0.0,0.0,0.0,0.0,0.0,0.0,0.0,0.0,0.0,0.0,0.0,0.0,0.0,0.0,0.0,0.0,0.0,0.0,0.0,0.0,0.0,0.0,0.0,0.0,0.0,0.0,0.0,0.0,0.0,0.0,0.0,0.0,0.0,0.0,0.0,0.0,0.0,0.0,0.0,0.0,0.0,0.0,0.0,0.0,0.0,0.0,0.0,0.0,0.0,0.0,0.0,0.0,0.0,0.0,0.0,0.0,0.0,0.0,0.0,0.0,0.0,0.0,0.0,0.0,0.0,0.0,0.0,0.0,0.0,0.0,0.0,0.0,0.0,0.0,0.0,0.0,0.0,0.0,0.0,0.0,0.0
2010-04-30,0.0,0.0,0.0,0.0,0.0,0.0,0.0,0.0,0.0,0.0,0.0,0.0,0.0,0.0,0.0,0.0,0.0,0.0,0.0,0.0,0.0,0.0,0.0,0.0,0.0,0.0,0.0,0.0,0.0,0.0,0.0,0.0,0.0,0.0,0.0,0.0,0.0,0.0,0.0,0.0,0.0,0.0,0.0,0.0,0.0,0.0,0.0,0.0,0.0,0.0,0.0,0.0,0.0,0.0,0.0,0.0,0.0,0.0,0.0,0.0,0.0,0.0,0.0,0.0,0.0,0.0,0.0,0.0,0.0,0.0,0.0,0.0,0.0,0.0,0.0,0.0,0.0,0.0,0.0,0.0,0.0,0.0,0.0,0.0,0.0,0.0,0.0,0.0,0.0,0.0,0.0,0.0,0.0,0.0,0.0,0.0,0.0,0.0,0.0,0.0,0.0,0.0,0.0,0.0,0.0,0.0,0.0,0.0,0.0,0.0,0.0,0.0,0.0,0.0,0.0,0.0,0.0,0.0,0.0,0.0,0.0,0.0,0.0,0.0,0.0,0.0,0.0
2010-05-31,0.0,0.0,0.0,0.0,0.0,0.0,0.0,0.0,0.0,0.0,0.0,0.0,0.0,0.0,0.0,0.0,0.0,0.0,0.0,0.0,0.0,0.0,0.0,0.0,0.0,0.0,0.0,0.0,0.0,0.0,0.0,0.0,0.0,0.0,0.0,0.0,0.0,0.0,0.0,0.0,0.0,0.0,0.0,0.0,0.0,0.0,0.0,0.0,0.0,0.0,0.0,0.0,0.0,0.0,0.0,0.0,0.0,0.0,0.0,0.0,0.0,0.0,0.0,0.0,0.0,0.0,0.0,0.0,0.0,0.0,0.0,0.0,0.0,0.0,0.0,0.0,0.0,0.0,0.0,0.0,0.0,0.0,0.0,0.0,0.0,0.0,0.0,0.0,0.0,0.0,0.0,0.0,0.0,0.0,0.0,0.0,0.0,0.0,0.0,0.0,0.0,0.0,0.0,0.0,0.0,0.0,0.0,0.0,0.0,0.0,0.0,0.0,0.0,0.0,0.0,0.0,0.0,0.0,0.0,0.0,0.0,0.0,0.0,0.0,0.0,0.0,0.0
2010-06-30,0.0,0.0,0.0,0.0,0.0,0.0,0.0,0.0,0.0,0.0,0.0,0.0,0.0,0.0,0.0,0.0,0.0,0.0,0.0,0.0,0.0,0.0,0.0,0.0,0.0,0.0,0.0,0.0,0.0,0.0,0.0,0.0,0.0,0.0,0.0,0.0,0.0,0.0,0.0,0.0,0.0,0.0,0.0,0.0,0.0,0.0,0.0,0.0,0.0,0.0,0.0,0.0,0.0,0.0,0.0,0.0,0.0,0.0,0.0,0.0,0.0,0.0,0.0,0.0,0.0,0.0,0.0,0.0,0.0,0.0,0.0,0.0,0.0,0.0,0.0,0.0,0.0,0.0,0.0,0.0,0.0,0.0,0.0,0.0,0.0,0.0,0.0,0.0,0.0,0.0,0.0,0.0,0.0,0.0,0.0,0.0,0.0,0.0,0.0,0.0,0.0,0.0,0.0,0.0,0.0,0.0,0.0,0.0,0.0,0.0,0.0,0.0,0.0,0.0,0.0,0.0,0.0,0.0,0.0,0.0,0.0,0.0,0.0,0.0,0.0,0.0,0.0
2010-07-31,0.0,0.0,0.0,0.0,0.0,0.0,0.0,0.0,0.0,0.0,0.0,0.0,0.0,0.0,0.0,0.0,0.0,0.0,0.0,0.0,0.0,0.0,0.0,0.0,0.0,0.0,0.0,0.0,0.0,0.0,0.0,0.0,0.0,0.0,0.0,0.0,0.0,0.0,0.0,0.0,0.0,0.0,0.0,0.0,0.0,0.0,0.0,0.0,0.0,0.0,0.0,0.0,0.0,0.0,0.0,0.0,0.0,0.0,0.0,0.0,0.0,0.0,0.0,0.0,0.0,0.0,0.0,0.0,0.0,0.0,0.0,0.0,0.0,0.0,0.0,0.0,0.0,0.0,0.0,0.0,0.0,0.0,0.0,0.0,0.0,0.0,0.0,0.0,0.0,0.0,0.0,0.0,0.0,0.0,0.0,0.0,0.0,0.0,0.0,0.0,0.0,0.0,0.0,0.0,0.0,0.0,0.0,0.0,0.0,0.0,0.0,0.0,0.0,0.0,0.0,0.0,0.0,0.0,0.0,0.0,0.0,0.0,0.0,0.0,0.0,0.0,0.0
2010-08-31,0.0,0.0,0.0,0.0,0.0,0.0,0.0,0.0,0.0,0.0,0.0,0.0,0.0,0.0,0.0,0.0,0.0,0.0,0.0,0.0,0.0,0.0,0.0,0.0,0.0,0.0,0.0,0.0,0.0,0.0,0.0,0.0,0.0,0.0,0.0,0.0,0.0,0.0,0.0,0.0,0.0,0.0,0.0,0.0,0.0,0.0,0.0,0.0,0.0,0.0,0.0,0.0,0.0,0.0,0.0,0.0,0.0,0.0,0.0,0.0,0.0,0.0,0.0,0.0,0.0,0.0,0.0,0.0,0.0,0.0,0.0,0.0,0.0,0.0,0.0,0.0,0.0,0.0,0.0,0.0,0.0,0.0,0.0,0.0,0.0,0.0,0.0,0.0,0.0,0.0,0.0,0.0,0.0,0.0,0.0,0.0,0.0,0.0,0.0,0.0,0.0,0.0,0.0,0.0,0.0,0.0,0.0,0.0,0.0,0.0,0.0,0.0,0.0,0.0,0.0,0.0,0.0,0.0,0.0,0.0,0.0,0.0,0.0,0.0,0.0,0.0,0.0
2010-09-30,0.0,0.0,0.0,0.0,0.0,0.0,0.0,0.0,0.0,0.0,0.0,0.0,0.0,0.0,0.0,0.0,0.0,0.0,0.0,0.0,0.0,0.0,0.0,0.0,0.0,0.0,0.0,0.0,0.0,0.0,0.0,0.0,0.0,0.0,0.0,0.0,0.0,0.0,0.0,0.0,0.0,0.0,0.0,0.0,0.0,0.0,0.0,0.0,0.0,0.0,0.0,0.0,0.0,0.0,0.0,0.0,0.0,0.0,0.0,0.0,0.0,0.0,0.0,0.0,0.0,0.0,0.0,0.0,0.0,0.0,0.0,0.0,0.0,0.0,0.0,0.0,0.0,0.0,0.0,0.0,0.0,0.0,0.0,0.0,0.0,0.0,0.0,0.0,0.0,0.0,0.0,0.0,0.0,0.0,0.0,0.0,0.0,0.0,0.0,0.0,0.0,0.0,0.0,0.0,0.0,0.0,0.0,0.0,0.0,0.0,0.0,0.0,0.0,0.0,0.0,0.0,0.0,0.0,0.0,0.0,0.0,0.0,0.0,0.0,0.0,0.0,0.0
2010-10-31,0.0,0.0,0.0,0.0,0.0,0.0,0.0,0.0,0.0,0.0,0.0,0.0,0.0,0.0,0.0,0.0,0.0,0.0,0.0,0.0,0.0,0.0,0.0,0.0,0.0,0.0,0.0,0.0,0.0,0.0,0.0,0.0,0.0,0.0,0.0,0.0,0.0,0.0,0.0,0.0,0.0,0.0,0.0,0.0,0.0,0.0,0.0,0.0,0.0,0.0,0.0,0.0,0.0,0.0,0.0,0.0,0.0,0.0,0.0,0.0,0.0,0.0,0.0,0.0,0.0,0.0,0.0,0.0,0.0,0.0,0.0,0.0,0.0,0.0,0.0,0.0,0.0,0.0,0.0,0.0,0.0,0.0,0.0,0.0,0.0,0.0,0.0,0.0,0.0,0.0,0.0,0.0,0.0,0.0,0.0,0.0,0.0,0.0,0.0,0.0,0.0,0.0,0.0,0.0,0.0,0.0,0.0,0.0,0.0,0.0,0.0,0.0,0.0,0.0,0.0,0.0,0.0,0.0,0.0,0.0,0.0,0.0,0.0,0.0,0.0,0.0,0.0
2010-11-30,0.0,0.0,0.0,0.0,0.0,0.0,0.0,0.0,0.0,0.0,0.0,0.0,0.0,0.0,0.0,0.0,0.0,0.0,0.0,0.0,0.0,0.0,0.0,0.0,0.0,0.0,0.0,0.0,0.0,0.0,0.0,0.0,0.0,0.0,0.0,0.0,0.0,0.0,0.0,0.0,0.0,0.0,0.0,0.0,0.0,0.0,0.0,0.0,0.0,0.0,0.0,0.0,0.0,0.0,0.0,0.0,0.0,0.0,0.0,0.0,0.0,0.0,0.0,0.0,0.0,0.0,0.0,0.0,0.0,0.0,0.0,0.0,0.0,0.0,0.0,0.0,0.0,0.0,0.0,0.0,0.0,0.0,0.0,0.0,0.0,0.0,0.0,0.0,0.0,0.0,0.0,0.0,0.0,0.0,0.0,0.0,0.0,0.0,0.0,0.0,0.0,0.0,0.0,0.0,0.0,0.0,0.0,0.0,0.0,0.0,0.0,0.0,0.0,0.0,0.0,0.0,0.0,0.0,0.0,0.0,0.0,0.0,0.0,0.0,0.0,0.0,0.0
2010-12-31,0.0,0.0,0.0,0.0,0.0,0.0,0.0,0.0,0.0,0.0,0.0,0.0,0.0,0.0,0.0,0.0,0.0,0.0,0.0,0.0,0.0,0.0,0.0,0.0,0.0,0.0,0.0,0.0,0.0,0.0,0.0,0.0,0.0,0.0,0.0,0.0,0.0,0.0,0.0,0.0,0.0,0.0,0.0,0.0,0.0,0.0,0.0,0.0,0.0,0.0,0.0,0.0,0.0,0.0,0.0,0.0,0.0,0.0,0.0,0.0,0.0,0.0,0.0,0.0,0.0,0.0,0.0,0.0,0.0,0.0,0.0,0.0,0.0,0.0,0.0,0.0,0.0,0.0,0.0,0.0,0.0,0.0,0.0,0.0,0.0,0.0,0.0,0.0,0.0,0.0,0.0,0.0,0.0,0.0,0.0,0.0,0.0,0.0,0.0,0.0,0.0,0.0,0.0,0.0,0.0,0.0,0.0,0.0,0.0,0.0,0.0,0.0,0.0,0.0,0.0,0.0,0.0,0.0,0.0,0.0,0.0,0.0,0.0,0.0,0.0,0.0,0.0
2011-01-31,0.0,0.0,0.0,0.0,0.0,0.0,0.0,0.0,0.0,0.0,0.0,0.0,0.0,0.0,0.0,0.0,0.0,0.0,0.0,0.0,0.0,0.0,0.0,0.0,0.0,0.0,0.0,0.0,0.0,0.0,0.0,0.0,0.0,0.0,0.0,0.0,0.0,0.0,0.0,0.0,0.0,0.0,0.0,0.0,0.0,0.0,0.0,0.0,0.0,0.0,0.0,0.0,0.0,0.0,0.0,0.0,0.0,0.0,0.0,0.0,0.0,0.0,0.0,0.0,0.0,0.0,0.0,0.0,0.0,0.0,0.0,0.0,0.0,0.0,0.0,0.0,0.0,0.0,0.0,0.0,0.0,0.0,0.0,0.0,0.0,0.0,0.0,0.0,0.0,0.0,0.0,0.0,0.0,0.0,0.0,0.0,0.0,0.0,0.0,0.0,0.0,0.0,0.0,0.0,0.0,0.0,0.0,0.0,0.0,0.0,0.0,0.0,0.0,0.0,0.0,0.0,0.0,0.0,0.0,0.0,0.0,0.0,0.0,0.0,0.0,0.0,0.0
2011-02-28,0.0,0.0,0.0,0.0,0.0,0.0,0.0,0.0,0.0,0.0,0.0,0.0,0.0,0.0,0.0,0.0,0.0,0.0,0.0,0.0,0.0,0.0,0.0,0.0,0.0,0.0,0.0,0.0,0.0,0.0,0.0,0.0,0.0,0.0,0.0,0.0,0.0,0.0,0.0,0.0,0.0,0.0,0.0,0.0,0.0,0.0,0.0,0.0,0.0,0.0,0.0,0.0,0.0,0.0,0.0,0.0,0.0,0.0,0.0,0.0,0.0,0.0,0.0,0.0,0.0,0.0,0.0,0.0,0.0,0.0,0.0,0.0,0.0,0.0,0.0,0.0,0.0,0.0,0.0,0.0,0.0,0.0,0.0,0.0,0.0,0.0,0.0,0.0,0.0,0.0,0.0,0.0,0.0,0.0,0.0,0.0,0.0,0.0,0.0,0.0,0.0,0.0,0.0,0.0,0.0,0.0,0.0,0.0,0.0,0.0,0.0,0.0,0.0,0.0,0.0,0.0,0.0,0.0,0.0,0.0,0.0,0.0,0.0,0.0,0.0,0.0,0.0
2011-03-31,0.0,0.0,0.0,0.0,0.0,0.0,0.0,0.0,0.0,0.0,0.0,0.0,0.0,0.0,0.0,0.0,0.0,0.0,0.0,0.0,0.0,0.0,0.0,0.0,0.0,0.0,0.0,0.0,0.0,0.0,0.0,0.0,0.0,0.0,0.0,0.0,0.0,0.0,0.0,0.0,0.0,0.0,0.0,0.0,0.0,0.0,0.0,0.0,0.0,0.0,0.0,0.0,0.0,0.0,0.0,0.0,0.0,0.0,0.0,0.0,0.0,0.0,0.0,0.0,0.0,0.0,0.0,0.0,0.0,0.0,0.0,0.0,0.0,0.0,0.0,0.0,0.0,0.0,0.0,0.0,0.0,0.0,0.0,0.0,0.0,0.0,0.0,0.0,0.0,0.0,0.0,0.0,0.0,0.0,0.0,0.0,0.0,0.0,0.0,0.0,0.0,0.0,0.0,0.0,0.0,0.0,0.0,0.0,0.0,0.0,0.0,0.0,0.0,0.0,0.0,0.0,0.0,0.0,0.0,0.0,0.0,0.0,0.0,0.0,0.0,0.0,0.0
2011-04-30,0.0,0.0,0.0,0.0,0.0,0.0,0.0,0.0,0.0,0.0,0.0,0.0,0.0,0.0,0.0,0.0,0.0,0.0,0.0,0.0,0.0,0.0,0.0,0.0,0.0,0.0,0.0,0.0,0.0,0.0,0.0,0.0,0.0,0.0,0.0,0.0,0.0,0.0,0.0,0.0,0.0,0.0,0.0,0.0,0.0,0.0,0.0,0.0,0.0,0.0,0.0,0.0,0.0,0.0,0.0,0.0,0.0,0.0,0.0,0.0,0.0,0.0,0.0,0.0,0.0,0.0,0.0,0.0,0.0,0.0,0.0,0.0,0.0,0.0,0.0,0.0,0.0,0.0,0.0,0.0,0.0,0.0,0.0,0.0,0.0,0.0,0.0,0.0,0.0,0.0,0.0,0.0,0.0,0.0,0.0,0.0,0.0,0.0,0.0,0.0,0.0,0.0,0.0,0.0,0.0,0.0,0.0,0.0,0.0,0.0,0.0,0.0,0.0,0.0,0.0,0.0,0.0,0.0,0.0,0.0,0.0,0.0,0.0,0.0,0.0,0.0,0.0
2011-05-31,0.0,0.0,0.0,0.0,0.0,0.0,0.0,0.0,0.0,0.0,0.0,0.0,0.0,0.0,0.0,0.0,0.0,0.0,0.0,0.0,0.0,0.0,0.0,0.0,0.0,0.0,0.0,0.0,0.0,0.0,0.0,0.0,0.0,0.0,0.0,0.0,0.0,0.0,0.0,0.0,0.0,0.0,0.0,0.0,0.0,0.0,0.0,0.0,0.0,0.0,0.0,0.0,0.0,0.0,0.0,0.0,0.0,0.0,0.0,0.0,0.0,0.0,0.0,0.0,0.0,0.0,0.0,0.0,0.0,0.0,0.0,0.0,0.0,0.0,0.0,0.0,0.0,0.0,0.0,0.0,0.0,0.0,0.0,0.0,0.0,0.0,0.0,0.0,0.0,0.0,0.0,0.0,0.0,0.0,0.0,0.0,0.0,0.0,0.0,0.0,0.0,0.0,0.0,0.0,0.0,0.0,0.0,0.0,0.0,0.0,0.0,0.0,0.0,0.0,0.0,0.0,0.0,0.0,0.0,0.0,0.0,0.0,0.0,0.0,0.0,0.0,0.0
2011-06-30,0.0,0.0,0.0,0.0,0.0,0.0,0.0,0.0,0.0,0.0,0.0,0.0,0.0,0.0,0.0,0.0,0.0,0.0,0.0,0.0,0.0,0.0,0.0,0.0,0.0,0.0,0.0,0.0,0.0,0.0,0.0,0.0,0.0,0.0,0.0,0.0,0.0,0.0,0.0,0.0,0.0,0.0,0.0,0.0,0.0,0.0,0.0,0.0,0.0,0.0,0.0,0.0,0.0,0.0,0.0,0.0,0.0,0.0,0.0,0.0,0.0,0.0,0.0,0.0,0.0,0.0,0.0,0.0,0.0,0.0,0.0,0.0,0.0,0.0,0.0,0.0,0.0,0.0,0.0,0.0,0.0,0.0,0.0,0.0,0.0,0.0,0.0,0.0,0.0,0.0,0.0,0.0,0.0,0.0,0.0,0.0,0.0,0.0,0.0,0.0,0.0,0.0,0.0,0.0,0.0,0.0,0.0,0.0,0.0,0.0,0.0,0.0,0.0,0.0,0.0,0.0,0.0,0.0,0.0,0.0,0.0,0.0,0.0,0.0,0.0,0.0,0.0
2011-07-31,0.0,0.0,0.0,0.0,0.0,0.0,0.0,0.0,0.0,0.0,0.0,0.0,0.0,0.0,0.0,0.0,0.0,0.0,0.0,0.0,0.0,0.0,0.0,0.0,0.0,0.0,0.0,0.0,0.0,0.0,0.0,0.0,0.0,0.0,0.0,0.0,0.0,0.0,0.0,0.0,0.0,0.0,0.0,0.0,0.0,0.0,0.0,0.0,0.0,0.0,0.0,0.0,0.0,0.0,0.0,0.0,0.0,0.0,0.0,0.0,0.0,0.0,0.0,0.0,0.0,0.0,0.0,0.0,0.0,0.0,0.0,0.0,0.0,0.0,0.0,0.0,0.0,0.0,0.0,0.0,0.0,0.0,0.0,0.0,0.0,0.0,0.0,0.0,0.0,0.0,0.0,0.0,0.0,0.0,0.0,0.0,0.0,0.0,0.0,0.0,0.0,0.0,0.0,0.0,0.0,0.0,0.0,0.0,0.0,0.0,0.0,0.0,0.0,0.0,0.0,0.0,0.0,0.0,0.0,0.0,0.0,0.0,0.0,0.0,0.0,0.0,0.0
2011-08-31,0.0,0.0,0.0,0.0,0.0,0.0,0.0,0.0,0.0,0.0,0.0,0.0,0.0,0.0,0.0,0.0,0.0,0.0,0.0,0.0,0.0,0.0,0.0,0.0,0.0,0.0,0.0,0.0,0.0,0.0,0.0,0.0,0.0,0.0,0.0,0.0,0.0,0.0,0.0,0.0,0.0,0.0,0.0,0.0,0.0,0.0,0.0,0.0,0.0,0.0,0.0,0.0,0.0,0.0,0.0,0.0,0.0,0.0,0.0,0.0,0.0,0.0,0.0,0.0,0.0,0.0,0.0,0.0,0.0,0.0,0.0,0.0,0.0,0.0,0.0,0.0,0.0,0.0,0.0,0.0,0.0,0.0,0.0,0.0,0.0,0.0,0.0,0.0,0.0,0.0,0.0,0.0,0.0,0.0,0.0,0.0,0.0,0.0,0.0,0.0,0.0,0.0,0.0,0.0,0.0,0.0,0.0,0.0,0.0,0.0,0.0,0.0,0.0,0.0,0.0,0.0,0.0,0.0,0.0,0.0,0.0,0.0,0.0,0.0,0.0,0.0,0.0
2011-09-30,0.0,0.0,0.0,0.0,0.0,0.0,0.0,0.0,0.0,0.0,0.0,0.0,0.0,0.0,0.0,0.0,0.0,0.0,0.0,0.0,0.0,0.0,0.0,0.0,0.0,0.0,0.0,0.0,0.0,0.0,0.0,0.0,0.0,0.0,0.0,0.0,0.0,0.0,0.0,0.0,0.0,0.0,0.0,0.0,0.0,0.0,0.0,0.0,0.0,0.0,0.0,0.0,0.0,0.0,0.0,0.0,0.0,0.0,0.0,0.0,0.0,0.0,0.0,0.0,0.0,0.0,0.0,0.0,0.0,0.0,0.0,0.0,0.0,0.0,0.0,0.0,0.0,0.0,0.0,0.0,0.0,0.0,0.0,0.0,0.0,0.0,0.0,0.0,0.0,0.0,0.0,0.0,0.0,0.0,0.0,0.0,0.0,0.0,0.0,0.0,0.0,0.0,0.0,0.0,0.0,0.0,0.0,0.0,0.0,0.0,0.0,0.0,0.0,0.0,0.0,0.0,0.0,0.0,0.0,0.0,0.0,0.0,0.0,0.0,0.0,0.0,0.0
2011-10-31,0.0,0.0,0.0,0.0,0.0,0.0,0.0,0.0,0.0,0.0,0.0,0.0,0.0,0.0,0.0,0.0,0.0,0.0,0.0,0.0,0.0,0.0,0.0,0.0,0.0,0.0,0.0,0.0,0.0,0.0,0.0,0.0,0.0,0.0,0.0,0.0,0.0,0.0,0.0,0.0,0.0,0.0,0.0,0.0,0.0,0.0,0.0,0.0,0.0,0.0,0.0,0.0,0.0,0.0,0.0,0.0,0.0,0.0,0.0,0.0,0.0,0.0,0.0,0.0,0.0,0.0,0.0,0.0,0.0,0.0,0.0,0.0,0.0,0.0,0.0,0.0,0.0,0.0,0.0,0.0,0.0,0.0,0.0,0.0,0.0,0.0,0.0,0.0,0.0,0.0,0.0,0.0,0.0,0.0,0.0,0.0,0.0,0.0,0.0,0.0,0.0,0.0,0.0,0.0,0.0,0.0,0.0,0.0,0.0,0.0,0.0,0.0,0.0,0.0,0.0,0.0,0.0,0.0,0.0,0.0,0.0,0.0,0.0,0.0,0.0,0.0,0.0
2011-11-30,0.0,0.0,0.0,0.0,0.0,0.0,0.0,0.0,0.0,0.0,0.0,0.0,0.0,0.0,0.0,0.0,0.0,0.0,0.0,0.0,0.0,0.0,0.0,0.0,0.0,0.0,0.0,0.0,0.0,0.0,0.0,0.0,0.0,0.0,0.0,0.0,0.0,0.0,0.0,0.0,0.0,0.0,0.0,0.0,0.0,0.0,0.0,0.0,0.0,0.0,0.0,0.0,0.0,0.0,0.0,0.0,0.0,0.0,0.0,0.0,0.0,0.0,0.0,0.0,0.0,0.0,0.0,0.0,0.0,0.0,0.0,0.0,0.0,0.0,0.0,0.0,0.0,0.0,0.0,0.0,0.0,0.0,0.0,0.0,0.0,0.0,0.0,0.0,0.0,0.0,0.0,0.0,0.0,0.0,0.0,0.0,0.0,0.0,0.0,0.0,0.0,0.0,0.0,0.0,0.0,0.0,0.0,0.0,0.0,0.0,0.0,0.0,0.0,0.0,0.0,0.0,0.0,0.0,0.0,0.0,0.0,0.0,0.0,0.0,0.0,0.0,0.0
2011-12-31,0.0,0.0,0.0,0.0,0.0,0.0,0.0,0.0,0.0,0.0,0.0,0.0,0.0,0.0,0.0,0.0,0.0,0.0,0.0,0.0,0.0,0.0,0.0,0.0,0.0,0.0,0.0,0.0,0.0,0.0,0.0,0.0,0.0,0.0,0.0,0.0,0.0,0.0,0.0,0.0,0.0,0.0,0.0,0.0,0.0,0.0,0.0,0.0,0.0,0.0,0.0,0.0,0.0,0.0,0.0,0.0,0.0,0.0,0.0,0.0,0.0,0.0,0.0,0.0,0.0,0.0,0.0,0.0,0.0,0.0,0.0,0.0,0.0,0.0,0.0,0.0,0.0,0.0,0.0,0.0,0.0,0.0,0.0,0.0,0.0,0.0,0.0,0.0,0.0,0.0,0.0,0.0,0.0,0.0,0.0,0.0,0.0,0.0,0.0,0.0,0.0,0.0,0.0,0.0,0.0,0.0,0.0,0.0,0.0,0.0,0.0,0.0,0.0,0.0,0.0,0.0,0.0,0.0,0.0,0.0,0.0,0.0,0.0,0.0,0.0,0.0,0.0
2012-01-31,0.0,0.0,0.0,0.0,0.0,0.0,0.0,0.0,0.0,0.0,0.0,0.0,0.0,0.0,0.0,0.0,0.0,0.0,0.0,0.0,0.0,0.0,0.0,0.0,0.0,0.0,0.0,0.0,0.0,0.0,0.0,0.0,0.0,0.0,0.0,0.0,0.0,0.0,0.0,0.0,0.0,0.0,0.0,0.0,0.0,0.0,0.0,0.0,0.0,0.0,0.0,0.0,0.0,0.0,0.0,0.0,0.0,0.0,0.0,0.0,0.0,0.0,0.0,0.0,0.0,0.0,0.0,0.0,0.0,0.0,0.0,0.0,0.0,0.0,0.0,0.0,0.0,0.0,0.0,0.0,0.0,0.0,0.0,0.0,0.0,0.0,0.0,0.0,0.0,0.0,0.0,0.0,0.0,0.0,0.0,0.0,0.0,0.0,0.0,0.0,0.0,0.0,0.0,0.0,0.0,0.0,0.0,0.0,0.0,0.0,0.0,0.0,0.0,0.0,0.0,0.0,0.0,0.0,0.0,0.0,0.0,0.0,0.0,0.0,0.0,0.0,0.0
2012-02-29,0.0,0.0,0.0,0.0,0.0,0.0,0.0,0.0,0.0,0.0,0.0,0.0,0.0,0.0,0.0,0.0,0.0,0.0,0.0,0.0,0.0,0.0,0.0,0.0,0.0,0.0,0.0,0.0,0.0,0.0,0.0,0.0,0.0,0.0,0.0,0.0,0.0,0.0,0.0,0.0,0.0,0.0,0.0,0.0,0.0,0.0,0.0,0.0,0.0,0.0,0.0,0.0,0.0,0.0,0.0,0.0,0.0,0.0,0.0,0.0,0.0,0.0,0.0,0.0,0.0,0.0,0.0,0.0,0.0,0.0,0.0,0.0,0.0,0.0,0.0,0.0,0.0,0.0,0.0,0.0,0.0,0.0,0.0,0.0,0.0,0.0,0.0,0.0,0.0,0.0,0.0,0.0,0.0,0.0,0.0,0.0,0.0,0.0,0.0,0.0,0.0,0.0,0.0,0.0,0.0,0.0,0.0,0.0,0.0,0.0,0.0,0.0,0.0,0.0,0.0,0.0,0.0,0.0,0.0,0.0,0.0,0.0,0.0,0.0,0.0,0.0,0.0
2012-03-31,0.0,0.0,0.0,0.0,0.0,0.0,0.0,0.0,0.0,0.0,0.0,0.0,0.0,0.0,0.0,0.0,0.0,0.0,0.0,0.0,0.0,0.0,0.0,0.0,0.0,0.0,0.0,0.0,0.0,0.0,0.0,0.0,0.0,0.0,0.0,0.0,0.0,0.0,0.0,0.0,0.0,0.0,0.0,0.0,0.0,0.0,0.0,0.0,0.0,0.0,0.0,0.0,0.0,0.0,0.0,0.0,0.0,0.0,0.0,0.0,0.0,0.0,0.0,0.0,0.0,0.0,0.0,0.0,0.0,0.0,0.0,0.0,0.0,0.0,0.0,0.0,0.0,0.0,0.0,0.0,0.0,0.0,0.0,0.0,0.0,0.0,0.0,0.0,0.0,0.0,0.0,0.0,0.0,0.0,0.0,0.0,0.0,0.0,0.0,0.0,0.0,0.0,0.0,0.0,0.0,0.0,0.0,0.0,0.0,0.0,0.0,0.0,0.0,0.0,0.0,0.0,0.0,0.0,0.0,0.0,0.0,0.0,0.0,0.0,0.0,0.0,0.0
2012-04-30,0.20102059046674228,0.0,0.0,0.0,0.0,0.0,0.0,0.2270829902744054,0.19365088175397865,0.0,0.0,0.22812666861894676,0.19416711565172,0.0,0.0,0.0,0.0,0.0,0.18551539334554312,0.0,0.0,0.17249840076058628,0.22999866570084454,0.0,0.0,0.0,0.0,0.0,0.23145614518288687,0.0,0.0,0.2345648438644219,0.0,0.19402465349339346,0.0,0.0,0.0,0.0,0.0,0.0,0.0,0.0,0.054310270854879175,0.0,0.23820587360431375,0.22971431609892218,0.23262113552238592,0.0,0.0,0.0,0.19483571833990204,0.18274625536498998,0.0,0.0,0.0,0.19506300284599393,0.0,0.0,0.0,0.09431806006150509,0.0,0.0,0.0,0.0,0.14354532108278598,0.0,0.22712194569557548,0.0,0.22952842436511128,0.0,0.0,0.15501124481960182,0.22710383914531193,0.0,0.0,0.0,0.0,0.0,0.0,0.0,0.0,0.0,0.22971176264731397,0.17662581991856086,0.0,0.0,0.0,0.0,0.0,0.0,0.20530439032165554,0.1748609490263895,0.22714453135400417,0.0,0.0,0.19330631004883927,0.0,0.1947034206395831,0.0,0.0,0.1959131576837257,0.0,0.0,0.0,0.0,0.0,0.0,0.0,0.0,0.0,0.0,0.2928604711698107,0.0,0.0,0.0,0.0,0.24163100390674172,0.0,0.0,0.0,0.0,0.0,0.0,0.0,0.0,0.19382267651458018,0.19767144256401456
2012-05-31,0.25053428893058954,0.0,0.0,0.0,0.12690623208573532,0.0,0.0,0.1961376772789641,0.3750240502424829,0.0,0.0,0.16586929381926385,0.2820016381980019,0.0,0.0,0.0,0.0,0.0,0.15330352867289862,0.0,0.0,0.18977866537068577,0.2965500597362671,0.0,0.0,0.0,0.0,0.0,0.2824373790431482,0.0,0.0,0.21341247420970788,0.0,0.3641354362251682,0.0,0.0,0.0,0.0,0.0,0.0,0.0,0.0,0.28712845864109915,0.0,0.22676611686243833,0.37822829317412615,0.19879388795317884,0.0,0.0,0.0,0.3959792987800921,0.14937875337038897,0.0,0.0,0.0,0.2789217351620158,0.35322359378072743,0.09901625882612644,0.37707702763516265,0.3990790726140214,0.0,0.15631444358118163,0.0,0.0,0.3752020080393871,0.0,0.37741478364367514,0.0,0.2890853544272224,0.0,0.0,0.396348540882201,0.33516392846537035,0.0,0.0,0.0,0.0,0.0,0.0,0.0,0.0,0.0,0.3806863873465616,0.24709868719702327,0.0,0.0,0.0,0.0,0.0,0.0,0.2342200329452728,0.21883416596600586,0.2326328153773028,0.0,0.09559413244953656,0.3590973674288447,0.0,0.390859526509919,0.0,0.0,0.20627038488919452,0.0,0.0,0.0,0.0,0.0,0.1946454972777795,0.0,0.0,0.0,0.0,0.2907616879711132,0.0,0.0,0.0,0.0,0.2617469037603809,0.0,0.0,0.0,0.0,0.0,0.0,0.0,0.0,0.38740252242998036,0.13358497558734977
2012-06-30,0.2899507639910018,0.0,0.0,0.0,0.4221991813522612,0.0,0.0,0.2715928198587935,0.3834335386141673,0.0,0.0,0.14967341756034794,0.3145731320886167,0.0,0.0,0.0,0.0,0.0,0.14193862515214792,0.0,0.0,0.3228109448584737,0.23136225499068794,0.0,0.0,0.0,0.0,0.0,0.2507582668919967,0.0,0.0,0.2326797611708332,0.08554983529995608,0.3380387996719414,0.0,0.0,0.0,0.0,0.0,0.0,0.0,0.0,0.21357259977500878,0.0,0.22130814197107124,0.24745813093009003,0.1934215525310834,0.0,0.0,0.0,0.40534645617534454,0.14958160902967177,0.0,0.0,0.0,0.2742168720971751,0.40898320708863223,0.2733436295556224,0.38503049910728154,0.3942067246600162,0.0,0.28414018929021373,0.0,0.0,0.31263930736563367,0.0,0.3849518382921359,0.0,0.2520065502283761,0.0,0.0,0.29437128454442296,0.335794751957813,0.0,0.0,0.0,0.0,0.0,0.0,0.0,0.0,0.0,0.3817806566301503,0.2097214673404421,0.0,0.0,0.0,0.0,0.0,0.0,0.2812171101023244,0.3737843949717335,0.2354983066020296,0.0,0.09015222299391176,0.3505069602142628,0.0,0.4020701638862475,0.0,0.0,0.20661756103680948,0.0,0.0,0.0,0.0,0.0,0.3497624385938579,0.0,0.0,0.0,0.0,0.2896813477797837,0.0,0.0,0.0,0.0,0.49969682599940524,0.0,0.0,0.0,0.0,0.0,0.0,0.0,0.0,0.38933431532857415,0.16812903827558873
2012-07-31,0.2896137215416145,0.0,0.0,0.0,0.4254879812380213,0.0,0.0,0.22910723277295827,0.417455032205813,0.21098169800966918,0.0,0.20980970229021104,0.2608474723818802,0.0,0.0,0.0,0.0,0.0,0.2018359560197538,0.0,0.0,0.30574477686000523,0.21359445630752713,0.0,0.0,0.0,0.0,0.0,0.29536756170916495,0.0,0.0,0.2840113787877313,0.08644150982824475,0.32207803379531247,0.0,0.0,0.0,0.0,0.19278613480088916,0.0,0.0,0.0,0.2589456935803459,0.0,0.2892252303697703,0.20056816992195578,0.3265027840010405,0.0,0.0,0.0,0.47911797451912014,0.21152647177302028,0.0,0.0,0.0,0.22884098901746117,0.38871818755360515,0.1836817411207014,0.3780748938165167,0.4650601260891485,0.0,0.18430325440983925,0.0,0.0,0.33676226038515306,0.0,0.409962931808528,0.0,0.2304523530515123,0.0,0.0,0.2320360048239068,0.27123627370994835,0.0,0.0,0.0,0.0,0.0,0.0,0.0,0.0,0.0,0.4257347792858261,0.14560037752241625,0.0,0.0,0.20895428924027648,0.0,0.0,0.0,0.27686498649145164,0.30437361873372415,0.20321248249559365,0.0,0.16291279913829534,0.3519620167729657,0.0,0.35828752272782116,0.0,0.0,0.2051645606871039,0.0,0.0,0.0,0.0,0.0,0.34497025756345534,0.0,0.0,0.0,0.0,0.2879692244080709,0.0,0.0,0.0,0.0,0.5016761143543411,0.0,0.0,0.0,0.0,0.0,0.0,0.0,0.0,0.4248139078862266,0.1170130840238254
2012-08-31,0.28860023194256895,0.0,0.0,0.0,0.37714056871916973,0.0,0.0,0.20919139390417146,0.3534606867489493,0.1928777317551338,0.0,0.21261093580933604,0.23542957730089428,0.0,0.0,0.0,0.0,0.0,0.20387818390757279,0.0,0.0,0.3017683538732603,0.20653686494724402,0.0,0.0,0.0,0.0,0.0,0.29101554816775677,0.0,0.0,0.2830866264152884,0.08430438000992228,0.2706434148923736,0.0,0.0,0.0,0.0,0.1860216940974593,0.0,0.0,0.0,0.2552290630816734,0.0,0.28631341701684554,0.19829564064212732,0.31484836852508774,0.0,0.0,0.0,0.45959085934743743,0.21483328531172693,0.0,0.0,0.0,0.21162499152968475,0.29670576751815286,0.15507993681576532,0.2854684525795647,0.4254716272921866,0.0,0.16786476679283704,0.0,0.0,0.24583361592423994,0.0,0.30202780892506137,0.0,0.20778135784084437,0.0,0.0,0.20699736741725014,0.2509006755920398,0.0,0.0,0.0,0.0,0.0,0.0,0.0,0.0,0.0,0.36847942746502066,0.1368022262403428,0.0,0.0,0.2030167051085475,0.0,0.0,0.0,0.2757670271509613,0.3004186189165129,0.20325494322104298,0.0,0.1378183888272226,0.27546364558653524,0.0,0.2888763753415455,0.0,0.0,0.20355206426589284,0.0,0.0,0.0,0.0,0.0,0.2620983325666618,0.0,0.0,0.0,0.0,0.2875601630446575,0.0,0.0,0.0,0.0,0.5141934450257304,0.0,0.0,0.0,0.0,0.0,0.0,0.0,0.0,0.3574461895516719,0.11766500487043902
2012-09-30,0.2878717878253308,0.0,0.0,0.20258697774918313,0.3096303524345354,0.0,0.0,0.2062775356711464,0.31644267300307494,0.1857087972842242,0.0,0.23776428224095722,0.23415322467902616,0.0,0.18419538080335587,0.0,0.0,0.0,0.19464187939793484,0.0,0.0,0.29974516257015577,0.20504603817393358,0.0,0.0,0.0,0.0,0.0,0.28918182390070546,0.0,0.0,0.2772954463380723,0.07449380555591818,0.26374070152811785,0.0,0.0,0.0,0.0,0.21549575037925697,0.0,0.0,0.0,0.2548867207562536,0.0,0.2844701907672819,0.2694335378723097,0.2936206215484493,0.0,0.0,0.0,0.4297043379316187,0.2183075758721707,0.0,0.0,0.0,0.2100006024184985,0.24476125804509583,0.32529644052015694,0.24174729544654597,0.32078674723792094,0.0,0.1669235406621787,0.0,0.0,0.21557336917812384,0.0,0.27179169885299265,0.0,0.20621181580274328,0.0,0.0,0.2059986924117129,0.23306528604161625,0.0,0.0,0.0,0.0,0.0,0.0,0.0,0.0,0.0,0.3379366461405969,0.2881561210231731,0.0,0.0,0.23124523713973472,0.0,0.0,0.0,0.274853196795871,0.2991486473918992,0.20181754309117042,0.0,0.1296218284797812,0.2841751410082713,0.0,0.2433717491793371,0.0,0.0,0.2024137493425644,0.0,0.0,0.0,0.0,0.0,0.23360973158238127,0.0,0.0,0.0,0.0,0.2871043831780116,0.0,0.0,0.0,0.0,0.5152257549595333,0.0,0.0,0.0,0.0,0.0,0.0,0.0,0.0,0.3108275235500574,0.09626566369866471
2012-10-31,0.234016303344751,0.0,0.0,0.3576979162833452,0.27629502103394915,0.0,0.0,0.22282504763817707,0.4564793818276608,0.23114006940331508,0.0,0.3164870665232742,0.3856283167301204,0.0,0.2430074894205882,0.0,0.0,0.0,0.2240822195994267,0.0,0.0,0.297431777117348,0.2970990316410324,0.0,0.0,0.0,0.0,0.0,0.31882995772647604,0.0,0.0,0.30805931207662385,0.05895141606714359,0.40081014182580654,0.0,0.0,0.0,0.0,0.23617333666255955,0.0,0.0,0.0,0.3170905649068883,0.0,0.28248186059060015,0.1777708460601149,0.2860254402856574,0.0,0.25802600894842825,0.0,0.3997292629530936,0.19148152253266,0.0,0.0,0.0,0.3433583821248998,0.3756352231219337,0.21442458106801593,0.22720940883347174,0.3453544842102289,0.2591457917365112,0.325097236278698,0.0,0.0,0.2269559951055208,0.0,0.33611072644254136,0.0,0.32259328044710095,0.0,0.0,0.2546192018009332,0.3263431020586897,0.0,0.0,0.0,0.0,0.0,0.0,0.0,0.0,0.0,0.4210765782762596,0.29195984358621724,0.0,0.0,0.2289875403710304,0.0,0.0,0.0,0.1835187842144638,0.3017181660192291,0.2033928300172644,0.0,0.13625341732894408,0.35808575613134785,0.0,0.22264231989480424,0.0,0.0,0.20118977402112107,0.0,0.3822171647785874,0.0,0.0,0.0,0.3367536668441791,0.0,0.0,0.0,0.0,0.18630528371834346,0.0,0.0,0.0,0.0,0.4258328452177845,0.0,0.0,0.0,0.0,0.0,0.0,0.0,0.0,0.3996015614815247,0.10145672837631294
2012-11-30,0.27665999892011445,0.0,0.0,0.3422805854729434,0.2650913982334186,0.0,0.0,0.23350393276584147,0.5025204667178484,0.2869650972436579,0.0,0.45127002140057193,0.4637817292008562,0.0,0.20894473360808188,0.0,0.0,0.0,0.21874161846152365,0.0,0.0,0.2939359503182395,0.28795290467776014,0.0,0.0,0.0,0.0,0.0,0.43930246169206993,0.0,0.0,0.20492505869309943,0.047543866404837876,0.43388989521566046,0.0,0.0,0.0,0.0,0.24287106582434728,0.0,0.0,0.0,0.3519771371885631,0.0,0.28157825183627294,0.3724128529911101,0.27809622641181964,0.0,0.4219660990788414,0.0,0.46547122883758096,0.1920162891568365,0.0,0.0,0.0,0.437564657817873,0.4279949719137234,0.33589622941968816,0.22152106771105562,0.45531131962618027,0.4145634900550064,0.37866937839786924,0.0,0.0,0.3405792971818749,0.0,0.4629484889130452,0.0,0.4207812530944635,0.0,0.0,0.36670156612722643,0.44692445618016946,0.07705425937891794,0.0,0.0,0.0,0.0,0.0,0.0,0.0,0.0,0.47662574782971523,0.2850730159503653,0.0,0.0,0.22779665980641758,0.0,0.0,0.0,0.2702518513437525,0.326069588457832,0.3743603345429724,0.0,0.14134827848519035,0.41665702782457936,0.10291489015577587,0.3415079880662299,0.0,0.0,0.19997782153678872,0.0,0.4030833266722848,0.0,0.0,0.0,0.40336049525628936,0.0,0.0,0.0,0.0,0.3492837434411174,0.0,0.0,0.0,0.0,0.39012268883080475,0.0,0.0,0.0,0.0,0.0,0.0,0.0,0.0,0.4320685609229354,0.13343183307691614
2012-12-31,0.23805726610749142,0.0,0.0,0.26597115937809074,0.2663852792701158,0.0,0.0,0.22768455286842448,0.4960141257111489,0.2787549117945515,0.0,0.42130923276994076,0.4554158349133269,0.0,0.20732131969123338,0.0,0.0,0.0,0.2189126023395328,0.0,0.0,0.2926281277444845,0.26580468289959486,0.0,0.0,0.0,0.0,0.0,0.3777556876568599,0.0,0.0,0.2996110763635255,0.0475150774620709,0.43253940796787727,0.0,0.0,0.0,0.0,0.23839055250134378,0.0,0.0,0.0,0.32372978001082525,0.0,0.2806013818681533,0.36178983153511335,0.2637905849625552,0.0,0.4236409482636106,0.0,0.47686123490237803,0.1929386322471411,0.0,0.0,0.0,0.4308373818600697,0.4362556306748318,0.31279705522152595,0.22105941117932754,0.44630625077120145,0.4183307017944466,0.37675096027504873,0.0,0.3888917135031192,0.2966893741171461,0.0,0.4534350316712691,0.0,0.42358641959643695,0.0,0.0,0.347870410989206,0.4450310688326951,0.048621474202798616,0.0,0.0,0.0,0.0,0.0,0.0,0.0,0.0,0.47253727243368493,0.27744416380595216,0.0,0.0,0.22715082251640242,0.0,0.0,0.0,0.23210011115447365,0.27814540788344083,0.27703392858246423,0.0,0.13851473979570975,0.4109490436760592,0.07511693147929158,0.31811366803051433,0.0,0.0,0.20001080035569416,0.0,0.3768166237482815,0.0,0.0,0.0,0.40376807782441815,0.0,0.0,0.0,0.0,0.33107672901057683,0.0,0.0,0.0,0.0,0.3921016147238688,0.0,0.0,0.0,0.0,0.0,0.0,0.0,0.0,0.42794995129494445,0.11393518692600038
2013-01-31,0.21756466441863848,0.0,0.0,0.262103649573829,0.2669480607001321,0.0,0.0,0.22721212471296187,0.48794844267899173,0.25750311337439147,0.0,0.40619545603016355,0.44639396886869587,0.0,0.20606815077960866,0.0,0.0,0.0,0.22087517036694176,0.0,0.0,0.29083968362997026,0.2648835392048869,0.0,0.0,0.0,0.0,0.0,0.37009560497851746,0.0,0.0,0.29039922030049586,0.04643823574113126,0.4274967275642145,0.0,0.0,0.0,0.0,0.23706999864244735,0.0,0.0,0.0,0.2982664885750398,0.0,0.27894116484663756,0.33439648198426636,0.2588348739841539,0.0,0.41329817632931665,0.0,0.46705803339161583,0.19373467542287728,0.0,0.0,0.0,0.4171749823175339,0.43644604407534154,0.29858926987958423,0.21951689593110485,0.4098979624635215,0.40922807230049224,0.3637632429454545,0.0,0.36128012983503094,0.2558180656362113,0.0,0.43544929250358666,0.0,0.42663169002249374,0.0,0.0,0.3110626286552747,0.44270027175364646,0.0471764388960165,0.0,0.0,0.0,0.0,0.0,0.0,0.0,0.0,0.4681503662766271,0.27446318868263986,0.0,0.0,0.22619670750888296,0.0,0.0,0.0,0.21441952161034036,0.26608471436358716,0.24589317304674826,0.0,0.13911044617472923,0.3912768848798028,0.05605911770728056,0.30265384630719133,0.0,0.0,0.19940176236754822,0.0,0.35902421477770485,0.0,0.0,0.0,0.40428691518143794,0.0,0.0,0.0,0.0,0.3314457861794,0.0,0.0,0.0,0.0,0.3969803145467462,0.0,0.0,0.0,0.0,0.0,0.0,0.0,0.0,0.4182747096704912,0.11412130670397146
2013-02-28,0.30434353288637717,0.0,0.0,0.33410733608039306,0.49089043515326364,0.0,0.0,0.23772608386361027,0.4800482877777681,0.2359496028316791,0.0,0.37099379144032535,0.4372991224877102,0.0,0.20510878929890836,0.0,0.0,0.0,0.2928381105852173,0.0,0.0,0.2351843485045268,0.35638486165008365,0.0,0.0,0.0,0.0,0.0,0.3641364014907343,0.0,0.0,0.2606370027139596,0.10212208677623019,0.42024578180279987,0.0,0.0,0.0,0.0,0.14544324523855096,0.0,0.0,0.0,0.31479466380506316,0.0,0.19683041497360548,0.42019828996181224,0.18059193994991418,0.0,0.3928741223295092,0.0,0.4528351380308671,0.22109902154412944,0.0,0.0,0.0,0.4503363287786367,0.436155680491303,0.2913523811295446,0.21988156121597194,0.4396992850278791,0.38993737755101954,0.34028498854238726,0.0,0.346342626259343,0.29853562448979926,0.0,0.4491513142801985,0.0,0.4273779386325854,0.0,0.0,0.3526189061668511,0.43051704543412506,0.09149889352327287,0.0,0.0,0.0,0.0,0.0,0.0,0.0,0.0,0.46545105949437043,0.19007692150242048,0.0,0.0,0.14303697638758556,0.0,0.0,0.0,0.23941109482457662,0.31799993533209037,0.35068680251211914,0.0,0.17092958101059771,0.36741466674044154,0.12861814200266827,0.2964434302661706,0.0,0.0,0.21373867346415046,0.0,0.4111495523560705,0.0,0.0,0.0,0.4034399607493059,0.0,0.0,0.0,0.0,0.3883098615502998,0.0,0.0,0.0,0.0,0.4639829438823645,0.0764424220756569,0.0,0.0,0.0,0.0,0.0,0.0,0.0,0.40212772703797006,0.14167130296538322
2013-03-31,0.2904229475810869,0.0,0.0,0.3212936945790229,0.47657355890929515,0.0,0.0,0.23934211217595586,0.47582878076554314,0.2198242175733482,0.0,0.3258834877639877,0.4291196011157893,0.0,0.2044855118568767,0.0,0.0,0.0,0.2879645197126425,0.0,0.0,0.2529516847468106,0.3451998864582469,0.0,0.17418906752430488,0.0,0.0,0.0,0.36731229140263294,0.0,0.0,0.23572702041856264,0.09989196379440506,0.40637209103967364,0.0,0.0,0.0,0.0,0.14557600281275396,0.0,0.0,0.0,0.3035272292898906,0.0,0.20014897192154218,0.4063046873316976,0.18339027995076565,0.0,0.3751296589146878,0.0,0.4358635324081951,0.22051400945954097,0.0,0.0,0.0,0.443195295534794,0.4371734488816254,0.29056391715434016,0.22249031867383268,0.401684496719027,0.35372302681824,0.3117269487499709,0.0,0.340604889334962,0.27404174882895427,0.0,0.4292378842295015,0.0,0.42371576937617883,0.0,0.0,0.32176144021156194,0.3947257562327817,0.0855303807062801,0.0,0.0,0.0,0.0,0.0,0.0,0.0,0.0,0.4631141048542832,0.1907916529229828,0.0,0.0,0.14643249221585147,0.0,0.0,0.0,0.23690189171774595,0.29858729736983863,0.3036738149873835,0.0,0.1680560789790764,0.344617972926343,0.1108639062835125,0.29533799032648206,0.0,0.0,0.19739855945951815,0.0,0.394300069511663,0.0,0.0,0.0,0.40099477914197507,0.0,0.0,0.0,0.0,0.38744179141662266,0.0,0.0,0.0,0.0,0.44091597572947444,0.07861489089915111,0.0,0.0,0.0,0.0,0.0,0.0,0.0,0.3796894782244545,0.17039363461599447
2013-04-30,0.2517645680168811,0.0,0.0,0.30762788413315706,0.4893708752652421,0.0,0.0,0.24275052830202903,0.46790936741093875,0.2092526672585893,0.0,0.2996020140621604,0.4151129531700301,0.0,0.20366854110208152,0.0,0.0,0.0,0.22731324842900566,0.0,0.0,0.27087389826298525,0.3305879988408294,0.0,0.3269786717095459,0.0,0.0,0.0,0.3610414319406635,0.0,0.0,0.21727815823393004,0.1030285479307515,0.3840719432485339,0.0,0.0,0.0,0.0,0.23787118450678404,0.0,0.0,0.0,0.2975872513251264,0.0,0.19929035048691018,0.3923026134240668,0.27586842350388546,0.0,0.3589359419413263,0.0,0.3086697874698999,0.2223937931966941,0.0,0.0,0.0,0.35892086232887604,0.43382949218597106,0.29125016221110905,0.2252794803182187,0.4232489269601814,0.19413880045452656,0.2855689320024817,0.0,0.33019664330770554,0.2879676083589294,0.0,0.4270985718988408,0.0,0.4144751333214375,0.0,0.0,0.3476542021754802,0.2826626637283938,0.262357643288833,0.0,0.0,0.0,0.0,0.0,0.0,0.20672549056992834,0.0,0.4308425909791825,0.19216462797440392,0.0,0.0,0.14935357807264127,0.0,0.0,0.0,0.24156501348671902,0.28922584284951663,0.25730204160404063,0.0,0.1554860532520541,0.328321412967963,0.16128285909481951,0.2521942103507579,0.0,0.0,0.2088362437115616,0.0,0.3264458738409856,0.0,0.0,0.0,0.31211452471668205,0.0,0.0,0.0,0.0,0.36360465940019754,0.0,0.0,0.0,0.0,0.506659330715322,0.21291510231135755,0.0,0.0,0.0,0.0,0.0,0.0,0.0,0.3722043168799894,0.15406200266770895
2013-05-31,0.25312420160730487,0.0,0.0,0.2797254392004516,0.4850539088087278,0.0,0.0,0.2463814009620685,0.4573030813093728,0.20358563386312775,0.0,0.2919487180833732,0.39252964175510774,0.0,0.20263388576528404,0.0,0.0,0.0,0.23108517606645815,0.0,0.0,0.28086097437670443,0.3275603924154843,0.0,0.38553839350749375,0.0,0.0,0.0,0.3533534332564156,0.0,0.0,0.2155571799321118,0.09942798291882,0.36019486117808447,0.0,0.0,0.0,0.0,0.2361376876044656,0.0,0.0,0.0,0.29524747908322163,0.0,0.19999669524511396,0.3741565013338169,0.27350876699174353,0.0,0.33773042729664293,0.0,0.2834656283772967,0.22489588820923134,0.0,0.0,0.0,0.3344182729207241,0.4231582953941649,0.29341118801809596,0.228440094217643,0.3822199125672766,0.1645924248391999,0.26734366104885626,0.0,0.38107628466718513,0.2739645213272962,0.0,0.40452510709215334,0.0,0.39925459669441216,0.0,0.0,0.32881650359704134,0.26288341169842616,0.2515165517710164,0.0,0.0,0.0,0.0,0.0,0.0,0.20225948565436253,0.0,0.41282563755249163,0.1928165187440546,0.0,0.0,0.15098149990179313,0.0,0.0,0.0,0.2494898877272313,0.28429840787419763,0.2560913328888721,0.0,0.15839912459475264,0.31984349097863096,0.14938045135138683,0.25166983099851314,0.0,0.0,0.22015547995381143,0.0,0.2745560586978699,0.0,0.0,0.0,0.28698197383593105,0.0,0.0,0.0,0.0,0.31630978402564736,0.0,0.0,0.0,0.0,0.47499740975556626,0.1822391739906778,0.0,0.0,0.0,0.0,0.0,0.0,0.0,0.35895517712912567,0.15943848218877515
2013-06-30,0.32602963723314293,0.0,0.0,0.41354441635167954,0.505598708701774,0.0,0.0,0.29303133593254976,0.4415465141565362,0.20123416025882285,0.0,0.41368552093370475,0.4114049969075213,0.0,0.1348577810650847,0.25660396144323894,0.0,0.0,0.33256310439296854,0.0,0.0,0.3301377992410711,0.417596067852518,0.0,0.40009529851435716,0.0,0.0,0.0,0.434443672266971,0.0,0.0,0.31770459901012743,0.0950099465683997,0.411961516500923,0.0,0.0,0.0,0.0,0.23729131893703104,0.0,0.0,0.0,0.2952260120179242,0.0,0.21757827434076923,0.41225253773334736,0.21753229541934205,0.0,0.3523555973123284,0.0,0.25155155987073013,0.2870949509261876,0.0,0.0,0.0,0.3371410273834344,0.4064309497239997,0.32788406829725814,0.2590090274969213,0.49500795216280885,0.2996403403049332,0.2627440055447741,0.0,0.3780430374472468,0.3122592944483814,0.0,0.4603063940270347,0.0,0.39106395986422177,0.0,0.0,0.3362525896610664,0.4173717304725978,0.22563791641538516,0.0,0.0,0.0,0.0,0.0,0.0,0.2636659912260121,0.0,0.38531732859777806,0.22597284252700928,0.2336161661066315,0.0,0.16609671831128742,0.0,0.0,0.0,0.3471729390597107,0.3956329109491704,0.3921391728539368,0.0,0.19975831473748892,0.34487334040576184,0.1581886841457665,0.29807639699134736,0.0,0.0,0.26547037353603387,0.0,0.307171851809751,0.0,0.0,0.0,0.3612686623555255,0.0,0.07889713191597617,0.0,0.0,0.3683639108554566,0.0,0.0,0.0,0.0,0.566887737956645,0.18711291186561801,0.0,0.0,0.0,0.10425597374724982,0.0,0.0,0.0,0.36035857474370553,0.1954308899064375
2013-07-31,0.3196851321027478,0.0,0.0,0.39307567798853377,0.495153902773131,0.0,0.0,0.2837676201372153,0.43797017201883426,0.2016554408282973,0.0,0.4035189888896757,0.40902066265832276,0.0,0.13278644584581006,0.21684210530694892,0.0,0.0,0.3184003981435905,0.0,0.0,0.33063054267315317,0.3960984232779914,0.0,0.38952369026089445,0.0,0.0,0.0,0.43157844463234235,0.0,0.0,0.29523046341672815,0.09632169930596518,0.3956811731500267,0.0,0.0,0.0,0.0,0.18763413720640462,0.0,0.0,0.0,0.2975878715952143,0.0,0.21930982159319704,0.4052366821055015,0.2134470013711856,0.0,0.3469234191383689,0.0,0.24656576680392678,0.281538162715943,0.0,0.0,0.0,0.3340266248715446,0.38839577487009613,0.3315183123131224,0.27646608854618243,0.4694839554589927,0.26256613450866756,0.24797804003839818,0.0,0.38491451199841364,0.30531087236751064,0.0,0.4527142128117768,0.0,0.37861824436638075,0.0,0.0,0.32682588213266783,0.39970994758880596,0.2233601384670368,0.0,0.0,0.0,0.0,0.0,0.0,0.26286998154841673,0.0,0.3684317103045535,0.22353168588391817,0.25101821186557377,0.0,0.17301421412861032,0.0,0.0,0.0,0.3307689310951734,0.37697178198941056,0.3466969894439584,0.0,0.1903994823770872,0.32982111211046444,0.15490764662986573,0.3005036207481744,0.0,0.0,0.27436868010361026,0.0,0.281355595036552,0.0,0.0,0.0,0.362831613945259,0.0,0.03308443185088157,0.0,0.0,0.32867127228392734,0.0,0.0,0.0,0.0,0.5341034256383501,0.1951522070199008,0.0,0.0,0.0,0.05898676671359544,0.0,0.0,0.0,0.3503079424951214,0.226716638531034
2013-08-31,0.3205085569924951,0.0,0.0,0.3932877749858953,0.48627348327490355,0.0,0.0,0.3136989845802713,0.4315201218341575,0.20300057506770974,0.0,0.422245701104754,0.4014166124579239,0.0,0.17233618878052692,0.3150271369116133,0.0,0.0,0.3329296455410031,0.0,0.0,0.3653881128959321,0.4055865464149136,0.0,0.38274175591150866,0.0,0.0,0.0,0.4292362966505794,0.0,0.0,0.3174341283305794,0.12603160239192993,0.38004251607464024,0.0,0.0,0.0,0.0,0.16336334337709368,0.0,0.0,0.22901823948203787,0.3255780006992242,0.0,0.22427533746005057,0.41334010607253907,0.24333277413740045,0.0,0.3372776390527368,0.0,0.2469413164849223,0.3440398034363403,0.0,0.0,0.0,0.33281273059079003,0.36748880829631453,0.3233910554183599,0.30354175500061886,0.44947348845714774,0.22650546967902319,0.23541677385342152,0.0,0.38864527007571753,0.30521204028733034,0.0,0.4518373380526881,0.0,0.36909503249932263,0.0,0.0,0.3179927653885979,0.37277842251795645,0.22139730684759676,0.0,0.0,0.0,0.0,0.0,0.0,0.23292117534177686,0.0,0.36252378980713884,0.288946987202092,0.25095588827143545,0.0,0.18532624287657332,0.0,0.0,0.0,0.39947163761665266,0.3511658562999234,0.35390864929565885,0.0,0.21786077322853223,0.3182924670156886,0.1963833825818776,0.3044193578397236,0.0,0.0,0.30206029336049794,0.0,0.33499858386587666,0.0,0.0,0.0,0.3619668262881239,0.2508847704518835,0.22778893910030623,0.13439197522022697,0.194703695865482,0.39171091892458615,0.0,0.0,0.0,0.0,0.5046709747953804,0.2056883647738952,0.0,0.0,0.0,0.04954501667588417,0.0,0.0,0.0,0.34029305475566357,0.21871682716452806
2013-09-30,0.3249867572742287,0.0,0.0,0.39279264512312395,0.4853603599938153,0.0,0.0,0.3047007386206206,0.43446784150999046,0.20627569748277041,0.0,0.41233222536208186,0.3932619957850602,0.0,0.17289555072625998,0.2933725435098646,0.0,0.0,0.32592120672731256,0.0,0.0,0.3651703443035593,0.392941386743876,0.0,0.34374351379693147,0.0,0.0,0.0,0.43518235351135226,0.0,0.0,0.2983071976650889,0.11425673925743485,0.36712747353551856,0.0,0.0,0.0,0.0,0.1574504045441952,0.0,0.0,0.2606959401459239,0.3257654222985862,0.0,0.2281916390755971,0.41241183891673067,0.24819981328478186,0.0,0.325054803003412,0.0,0.24636774337918868,0.3302420128538862,0.0,0.0,0.0,0.32874931103648275,0.3638468793821348,0.318780912530134,0.28415578522548596,0.4319709934006431,0.20059375507322202,0.229853650017585,0.0,0.3890331107488212,0.3095898359554367,0.0,0.449938142634285,0.0,0.3642641262892714,0.0,0.0,0.31888169244157255,0.34926020738172603,0.225812903312649,0.0,0.0,0.0,0.0,0.0,0.0,0.16186393815861252,0.0,0.36354058752118157,0.2816184709335553,0.24350809635478332,0.0,0.19320156114352238,0.0,0.0,0.0,0.3838751706757778,0.3284055960670536,0.32931866347017336,0.0,0.2117129594580087,0.29149260488222134,0.1829729491370285,0.3112967250252378,0.0,0.0,0.3113213372200827,0.0,0.29257721960982064,0.0,0.0,0.0,0.35915436766315556,0.2467851631248599,0.21588826987506984,0.13563109688250688,0.1947242358006086,0.361174645058999,0.0,0.0,0.0,0.0,0.491927663414424,0.20708121109963865,0.0,0.0,0.0,0.050197673240840374,0.0,0.0,0.0,0.3391598961363024,0.22110799631201994
2013-10-31,0.35486078681562133,0.0,0.0,0.3879830949966463,0.4799850508901753,0.0,0.0,0.3186725085715437,0.43246413646798487,0.20981505402232398,0.0,0.4313972145672747,0.377661879915055,0.0,0.20495787647942298,0.2918483512644514,0.0,0.0,0.3581154722962003,0.0,0.0,0.3754021000961442,0.4145461907936497,0.0,0.4555395517117796,0.0,0.0,0.0,0.4353839841056865,0.0,0.0,0.29383083465519905,0.13639625803049144,0.3610898792511366,0.0760393633694654,0.0,0.0,0.0,0.22133475853085746,0.0,0.0,0.24655131233686461,0.3281037549985176,0.0,0.2616375824871347,0.40539331082406443,0.28457004685583837,0.0,0.3083628741832143,0.0,0.2514782971977486,0.3479874712555603,0.0,0.0,0.0,0.32405531879328575,0.3544868343582105,0.32645542850039244,0.32038153870708797,0.40443021721370076,0.23870730062857792,0.22734667415160884,0.0,0.4789588797305113,0.3037773669121807,0.0,0.45648116162756314,0.0,0.3618762616324,0.0,0.0,0.3178209164156762,0.33302274406756627,0.2604366237910893,0.0,0.0,0.0,0.0,0.0,0.0,0.14585761892452945,0.0,0.386768802017782,0.30053043389363543,0.244301976222416,0.0,0.23242934558596548,0.0,0.0,0.0,0.3721185046219432,0.27636028167002663,0.34935428329163476,0.0,0.23876098489710423,0.29030498224864437,0.1756518795577586,0.3121723053890313,0.0,0.0,0.3205768619174998,0.0,0.27448340095860124,0.0,0.0,0.0,0.32931920279876575,0.2600232428251908,0.202904977866061,0.136679980496427,0.26623400530946834,0.404824982230564,0.0,0.0,0.0,0.0,0.48781435307743704,0.3112479336802743,0.0,0.0,0.0,0.08133536152395948,0.0,0.0,0.0,0.34047726780941406,0.2386864429320563
2013-11-30,0.3567183212665554,0.0,0.0,0.38316838411318277,0.475778677029773,0.0,0.0,0.313023518748499,0.43009699162653353,0.21378817532380967,0.0,0.4185413778717736,0.3634043169540383,0.0,0.20456933780117986,0.1982848964133097,0.0,0.0,0.3503604466526662,0.0,0.0,0.3752396642803488,0.4026556840519617,0.0,0.4761296841375369,0.0,0.0,0.0,0.4338549412562413,0.0,0.0,0.2953538628394548,0.126178667301558,0.36007308016069545,0.05608732232872411,0.0,0.0,0.0,0.20636722899059806,0.0,0.0,0.17398838405968206,0.3320038364809834,0.0,0.2698300581229618,0.39641794261870555,0.2914421875019899,0.0,0.2946136251133289,0.0,0.257253657803389,0.33881517092512325,0.0,0.0,0.0,0.31791044006157543,0.34705909992114176,0.32919694710708103,0.3016295390402643,0.3837804930143267,0.22058117419866957,0.23053189556722392,0.0,0.46939915933732673,0.30729870910805124,0.0,0.450323091040812,0.0,0.3630726740670882,0.0,0.0,0.32248578846453885,0.3216131418401528,0.2647495540785119,0.0,0.0,0.0,0.0,0.0,0.0,0.14501334767334761,0.0,0.38854915128835643,0.2966924040177531,0.24588317094225665,0.0,0.23605080084998548,0.0,0.0,0.0,0.36685457122279325,0.2604401190562487,0.3323485560979192,0.0,0.23277365199735447,0.2920109754694968,0.17388421021865283,0.3200684948826608,0.0,0.0,0.3256339376291234,0.0,0.2447283402133184,0.0,0.0,0.0,0.3190657475695317,0.2618977749465678,0.18930800743733978,0.13875682016646118,0.2442073314870465,0.37765383055292445,0.0,0.0,0.0,0.0,0.48927048290231717,0.27495062666454956,0.0,0.0,0.0,0.08091289271228835,0.0,0.0,0.0,0.3442035253341702,0.27141681722358324
2013-12-31,0.36057819183862266,0.0,0.0,0.3745930533633417,0.46651496484172306,0.0,0.0,0.3108213960368158,0.4275975461881937,0.21784807456587696,0.0,0.3994651649725033,0.35236693803424113,0.0,0.2078866146019976,0.15228592178006806,0.0,0.0,0.3454961264972047,0.0,0.0,0.37660372258061764,0.39144516195773754,0.0,0.44915962924989056,0.0,0.0,0.0,0.43051689046386404,0.0,0.0,0.299532365857932,0.1205924803019348,0.36215466887879244,0.03568866362519496,0.0,0.0,0.0,0.20429192060426507,0.0,0.0,0.14031377491330704,0.33716462133298536,0.0,0.2778294204091503,0.3833639726031565,0.29828047090177817,0.0,0.2843542300826977,0.0,0.2637707616248503,0.33233070597582665,0.0,0.0,0.0,0.31007606033715085,0.34009016260741726,0.3333356643651617,0.28784011485539546,0.3707738387009677,0.21137661019458454,0.23576221823845614,0.0,0.4624999262935298,0.3123929298397453,0.0,0.4401365751096931,0.0,0.3660071073461827,0.0,0.0,0.3291837267033056,0.31867996423607203,0.2708390080836451,0.0,0.0,0.0,0.0,0.0,0.0,0.14593633036533027,0.0,0.39310998039672035,0.294470546386881,0.2447419912769544,0.0,0.24049225506225672,0.0,0.0,0.0,0.36581128855315953,0.2462689840263106,0.32425778349283557,0.0,0.2307354171373916,0.295176824589127,0.1746309837239169,0.3291243334060926,0.0,0.0,0.33083037768180157,0.0,0.2178083263498427,0.0,0.0,0.0,0.30705809274902657,0.24186234377669147,0.17132991543893678,0.14053180469864734,0.23830687907873827,0.3647648341640997,0.0,0.0,0.0,0.0,0.49197613874526464,0.2519020556029478,0.0,0.0,0.0,0.08222382080893997,0.0,0.0,0.0,0.3498877139775873,0.2769154723743956
2014-01-31,0.3482512551851415,0.0,0.0,0.36203433992685463,0.451787739528363,0.0,0.0,0.3488222860532381,0.42526184000664513,0.22177249890624903,0.0,0.37841384943474576,0.34617224169184246,0.0,0.2238312049845678,0.3197983556646344,0.0,0.0,0.38596587505398955,0.0,0.0,0.3788542795888312,0.4225363753233289,0.0,0.4063646143179386,0.0,0.0,0.0,0.422961547594387,0.0,0.0,0.33098738878209244,0.1164911244187541,0.362536962482493,0.030006127656562933,0.0,0.0,0.0,0.24440411850357058,0.0,0.0,0.12850736101527266,0.3330831585557223,0.0,0.3004501955099682,0.3664250022909179,0.31982989997619443,0.0,0.27492718586058884,0.0,0.25148566117550986,0.3369417456411451,0.18153153781513534,0.0,0.0,0.36043210362036004,0.33376173266161696,0.362544752262152,0.2993864056006929,0.36182740507800015,0.2081196586926543,0.2291176171470418,0.0,0.45659470344220543,0.34453304771020626,0.0,0.4254158066260512,0.0,0.3700490373498756,0.07359202668028327,0.0,0.3371598637481314,0.3209612646480833,0.2786278120888526,0.0,0.0,0.0,0.0,0.0,0.0,0.14719300526807494,0.0,0.37455109059413977,0.3405873393302294,0.21473946996073162,0.0,0.2781801831310528,0.0,0.0,0.0,0.36770641909673046,0.34020523285162363,0.3213607260774264,0.0,0.2663056471517344,0.2355334594025492,0.17741143702326675,0.36396439625908245,0.0,0.0,0.33549944131684195,0.0,0.2650271688471851,0.0,0.0,0.0,0.2794100096943638,0.2616392872972295,0.1527733270849858,0.14166820104916952,0.332110353929243,0.36210930866452334,0.0,0.2349270390993084,0.0,0.0,0.49441494916828865,0.337552296726822,0.2762395066529304,0.0,0.0,0.0982786958251501,0.0,0.0,0.0,0.32699633238257964,0.2863929939875626
2014-02-28,0.33889310249626764,0.0,0.0,0.35478229863709554,0.4437313035609136,0.0,0.0,0.3474622661069692,0.4380655801277336,0.2258207381520582,0.0,0.3648794870799187,0.3453650035413685,0.0,0.22974210464341455,0.2910950336834012,0.0,0.0,0.38380813694485005,0.0,0.0,0.3823791288821687,0.412329274434919,0.0,0.392359755105134,0.0,0.0,0.0,0.4159372224885832,0.0,0.0,0.33335497435974887,0.13612417090569173,0.33099072842739913,0.030190380516957743,0.0,0.0,0.0,0.27150196940122545,0.0,0.0,0.12556407377295892,0.322980680193822,0.0,0.3069495325660265,0.3571144453372785,0.32995940464963847,0.0,0.2760927145775025,0.0,0.25932853792219224,0.3504831426604209,0.17916961264964953,0.0,0.0,0.35192851027897476,0.33245593421149366,0.37298974838013094,0.2907682936546261,0.3633319007184726,0.20856557782298982,0.23100250219608198,0.0,0.45453310128696356,0.3357601172306884,0.0,0.4127169672414216,0.0,0.36305815099043937,0.07489484221582327,0.0,0.34587777553459254,0.3550066551402373,0.2891067367219293,0.0,0.0,0.0,0.0,0.0,0.0,0.23703042198500632,0.0,0.38235601761830834,0.3241810639680812,0.15848143910751208,0.0,0.28007446812181364,0.0,0.0,0.0,0.3722150274489067,0.3379277102771683,0.32300835608443806,0.0,0.26089678279556944,0.2400819523228629,0.182134567482276,0.37498576297948927,0.0,0.0,0.34951471756425184,0.0,0.26394240590248785,0.0,0.0,0.0,0.2738578787048274,0.39823980887771493,0.14214004445477801,0.14375231917573186,0.3713934386237831,0.3654382635671612,0.0,0.22775723870555606,0.0,0.0,0.49756806151352334,0.29322761333981484,0.26151338227100146,0.0,0.0,0.09198921472313304,0.0,0.0,0.0,0.29633117797846087,0.28838571563344306
2014-03-31,0.39526880108335344,0.0,0.0,0.4076255753006395,0.4350085022229115,0.0,0.0,0.3689041579522056,0.46686625740569937,0.22987284610933306,0.0,0.3570307187937948,0.374728097323133,0.0,0.28958115159789294,0.23115089568491232,0.0,0.0,0.4086553361817334,0.0,0.0,0.3948559802425599,0.4977994088990106,0.0,0.46430802329632903,0.0,0.0,0.0,0.40901963110003137,0.0,0.0,0.4065265066411574,0.13389269087905734,0.3864022174233825,0.03216674919367869,0.0,0.23717153917811,0.0,0.27084515208942056,0.0,0.0,0.12641831027757014,0.354000210309571,0.0,0.3736591819870985,0.4740009849328664,0.3890339939417477,0.0,0.2658517412381373,0.0,0.30259514278946337,0.4244691737289049,0.17926373630105297,0.0,0.0,0.44851896490291526,0.33123296051240747,0.3793385022500294,0.3878666877634063,0.38233181530275684,0.21075893394147685,0.32220169620318284,0.22733904633266666,0.4243846248934426,0.33597569101338876,0.0,0.4009855883889087,0.0,0.3989138370861856,0.07610627445756105,0.41840376346690983,0.3822268889501862,0.40182202343624923,0.346253559128488,0.0,0.0,0.0,0.0,0.0,0.4362294132675117,0.23868301522860585,0.0,0.4083953528608413,0.4159998390823642,0.1358819871238767,0.0,0.3689195273732144,0.0,0.0,0.0,0.40022456480445007,0.41574821603926393,0.4164274385008562,0.0,0.32023402958409164,0.2460637754724236,0.19439222126408426,0.40841320640302553,0.0,0.0,0.37222345804002593,0.0,0.32551441518480984,0.0,0.2595049312416536,0.0,0.2711714476389482,0.42065733308591596,0.17303174779972677,0.14573977911321492,0.33067461993854746,0.5008316082682298,0.0,0.38130911320829564,0.0,0.0,0.4982008006361723,0.4285201041909238,0.4192809826354649,0.0,0.0,0.16789813757548425,0.2310385794280832,0.0,0.0,0.34981438485369654,0.31799907202075356
2014-04-30,0.4234687225488184,0.0,0.0,0.39696042260386666,0.4246263535915179,0.0,0.0,0.37194794854684854,0.45170050696565606,0.24508016000719168,0.0,0.368847386183127,0.30966084475288336,0.0,0.29250311420051156,0.24185367412817263,0.0,0.20240340032343265,0.40582486128134704,0.0,0.0,0.4056997508864771,0.506786489540237,0.0,0.5042408270371773,0.0,0.0,0.0,0.3928090749815453,0.0,0.0,0.41589660181790405,0.1646958655262907,0.3782515320409248,0.07021247484761782,0.0,0.25199993176287,0.0,0.33694046656331617,0.0,0.0,0.2898829690819206,0.2963989691715145,0.0,0.3681414875023539,0.4801588999207257,0.38750907853710675,0.0,0.27182652137242097,0.0,0.3196399519103542,0.416384958375608,0.17902092153598337,0.0,0.0,0.43701157769807747,0.29703281260098346,0.3694113232251651,0.40062979421592587,0.37716386540591607,0.21401026968089965,0.214059836862479,0.1847009383105888,0.4015943519084125,0.3760800256380211,0.0,0.3908189785727527,0.0,0.35261054729954344,0.06869500308845077,0.3222920802207179,0.42053651030255657,0.44816410556819464,0.3790941189165964,0.0,0.0,0.0,0.0,0.0,0.3536344261875294,0.33630792870601284,0.0,0.39299708710125125,0.40315519568792857,0.3003784329753148,0.0,0.35880787164500866,0.0,0.0,0.0,0.4019933406011041,0.42038167157792616,0.41629310718261725,0.0,0.3202768066510081,0.250592937920998,0.20031280800697987,0.3961856188821222,0.0,0.0,0.3951806029113507,0.0,0.37719041726262525,0.0,0.4301611684046379,0.0,0.27120392787958475,0.41204827741356914,0.1699830038237831,0.14711928212683695,0.3102175127274301,0.40659577192670787,0.0,0.37917895089694864,0.0,0.0,0.5670548752839963,0.3997558436005478,0.4107828693106637,0.0,0.0,0.22933616709167431,0.24265526191392875,0.0,0.0,0.3275039810757639,0.30605062963016694
2014-05-31,0.420463820766615,0.0,0.0,0.41580066477960886,0.42269391449538185,0.0,0.0,0.3436625213192801,0.45389939943003954,0.2424660752453171,0.0,0.33503304368182785,0.31259025968328646,0.0,0.2863610965848141,0.2286144550881375,0.0,0.2019535818317636,0.42104762881685254,0.0,0.0,0.41818160614865346,0.45750750613394675,0.0,0.5065822567679137,0.0,0.0,0.0,0.38979108724884615,0.0,0.0,0.38839590030979565,0.2104732701377433,0.36044777145877555,0.15803205396707015,0.0,0.2562398770670019,0.0,0.32623033956889247,0.0,0.0,0.28407264401709803,0.3052262061078061,0.0,0.36920599251477976,0.4910429767418675,0.3898017855338056,0.0,0.27967326115536584,0.0,0.31972134822539344,0.4086093720648503,0.17958584316674076,0.0,0.0,0.43174617736258963,0.297685592896186,0.3753639792780933,0.38930866218760773,0.3651221234268581,0.21847401023606555,0.19449470268452373,0.0757756898218291,0.40052735530889666,0.36755284453315656,0.0,0.3857463323614323,0.0,0.3577918572559461,0.04629129066535863,0.234478578638106,0.41990995919621343,0.43184396067172504,0.3029380346131428,0.0,0.0,0.0,0.0,0.0,0.2828850854703622,0.3163992024984722,0.0,0.396467074159443,0.3992348314081459,0.25948592701096174,0.0,0.35374445866801235,0.0,0.0,0.0,0.4045982467673097,0.4249525235442786,0.4091383016400086,0.0,0.30702377388206,0.25572002973389674,0.20823695679222357,0.3991008113211368,0.0,0.0,0.3955025650585593,0.0,0.3597657968533912,0.0,0.41621546215186533,0.0,0.27404199255867606,0.3818373245486082,0.1732539217215912,0.150831663875835,0.30376449313549264,0.35001304590427956,0.0,0.37656730561173424,0.0,0.0,0.5130949262586901,0.38377956839044935,0.3867594547576474,0.0,0.0,0.286878865420812,0.24900840176609845,0.0,0.0,0.3347910966911877,0.2767998336752454
2014-06-30,0.421245077882775,0.0,0.0,0.41813560958393936,0.42817651714132154,0.0,0.0,0.3439785274820896,0.45695351174689797,0.23047615301985286,0.0,0.3380594600176061,0.30594910321320185,0.0,0.2873943587432601,0.24591629962495082,0.0,0.2027061371394004,0.4233319090130298,0.0,0.0,0.42192684652769896,0.45664199621680535,0.0,0.49449955454592337,0.0,0.0,0.0,0.3897863111703144,0.0,0.0,0.38860986046426443,0.18817433316988624,0.36350908201290194,0.2163002503189679,0.0,0.3154864048231987,0.0,0.31108724315135483,0.0,0.0,0.27935939912249697,0.314106941327164,0.0,0.37290889522747306,0.49238869792749346,0.39372162095114344,0.0,0.31663536221319627,0.0,0.32314127821553895,0.406525044592372,0.30669583833062347,0.0,0.0,0.4345139681474009,0.3017180145737393,0.38266885810218854,0.376353563702836,0.3723064783614557,0.22123132359816677,0.18747633390416737,0.12124883240915844,0.4012073981438931,0.3650828287481529,0.0,0.3857992049773455,0.0,0.36321591759445837,0.035196637642157774,0.4133924979938069,0.4229924735284996,0.4224146242375992,0.30844784822430166,0.0,0.0,0.0,0.0,0.0,0.31436631436498663,0.3081090594982504,0.0,0.4019419044136099,0.4012543321100807,0.24586868260289796,0.0,0.3560459400968224,0.0,0.0,0.0,0.40992083992848344,0.43096095370374554,0.40095522983268,0.0,0.3008220571813207,0.2612492229044603,0.20287873143651536,0.4037926589442427,0.0,0.0,0.40051323944891154,0.0,0.3460902130856665,0.0,0.43007800090198195,0.0,0.2787663833358051,0.34126878285733364,0.204230525411276,0.15671932780561718,0.31702219915403046,0.3461468197220449,0.0,0.3978470727800232,0.0,0.0,0.50079049365418,0.37515820576785636,0.3512715530532812,0.0,0.0,0.2527707883974079,0.2515477627755919,0.0,0.0,0.3423840018895381,0.27510222810899665
2014-07-31,0.42357879160208217,0.0,0.0,0.4152173695403837,0.4255805183525919,0.0,0.0,0.3456808659641196,0.46041089313931266,0.22052112000111276,0.0,0.34398457337933164,0.311397866698987,0.0,0.29063735157834286,0.26644575460266895,0.0,0.2025695980671804,0.43642464286768035,0.0,0.0,0.4264521290470433,0.45237396541531516,0.0,0.4500378255260486,0.0,0.0,0.0,0.3893140799535331,0.13972399416968034,0.0,0.39215193528327963,0.20255186943293396,0.3676874668861461,0.21519582879958196,0.0,0.3067754954318978,0.0,0.2948479284119496,0.0,0.0,0.27743423561462266,0.3180161128194171,0.0,0.3769259402514603,0.49057744582296575,0.39798008914640254,0.0,0.3475732171847254,0.0,0.3270996156939101,0.4055281144322062,0.2860190127161009,0.0,0.0,0.4308740418033678,0.3043149128624298,0.3898717203989711,0.36798307800499636,0.37811723301073585,0.23303907217666767,0.18152290627362225,0.11988184727428007,0.39546428478427015,0.36587788658080894,0.0,0.38697426792476936,0.0,0.36357601070961304,0.029816934079655057,0.3674104531646029,0.42791092117465773,0.4179891130734222,0.31480312529897675,0.0,0.0,0.0,0.0,0.0,0.26249426074793536,0.307831016447355,0.0,0.40785275467052073,0.40434133604736394,0.2676337015559699,0.0,0.3593366187092077,0.0,0.0,0.0,0.416685702937337,0.4291658671479341,0.3697518891636358,0.0,0.2949222414838009,0.2667976016193508,0.20332492738988622,0.4096586708295194,0.0,0.0,0.4036917437938034,0.0,0.32471221544020706,0.0,0.37079676263795003,0.0,0.28406439943131045,0.3153693263504022,0.21375354467545016,0.1602966849472563,0.31787369671655796,0.3483900688275825,0.0,0.35908873389023643,0.0,0.0,0.4897622932320516,0.3425443102571679,0.3312523049570314,0.0,0.0,0.25454002229030726,0.19758940872610248,0.0,0.0,0.3503227809573895,0.2841172572969331
2014-08-31,0.4269914681766799,0.0,0.0,0.2638998077053539,0.42095957270306883,0.0,0.0,0.3228124033444563,0.46250364534318444,0.21401667902590318,0.0,0.3354984453274287,0.31720428880724966,0.0,0.3234862017423853,0.29174928712815,0.0,0.20295635107010418,0.4104053962140268,0.0,0.0,0.4240775706794048,0.4671623371117519,0.0,0.4325883820420805,0.0,0.0,0.0,0.32002407521155407,0.15482877648920954,0.0,0.3676083968526624,0.41450381371157363,0.3727047281544549,0.21480178493981436,0.0,0.2713728938422124,0.0,0.32117406438744134,0.0,0.0,0.3056042620096752,0.30580869435055935,0.0,0.3717069920261096,0.43602786272782695,0.40605555162999474,0.0,0.36038137507547435,0.0,0.3324108160265555,0.42731455100850707,0.3309889492356115,0.0,0.0,0.4295988208168326,0.3085882188761301,0.39722432781508793,0.3994675965474165,0.38059640783464566,0.2545302099987987,0.17844475632432907,0.19325906167507226,0.3933980084312111,0.3689337499705651,0.0,0.3916700844528321,0.0,0.36905822425896984,0.030124592532724977,0.3721427103044666,0.41775362810126976,0.3825438408066718,0.2991472347440547,0.0,0.0,0.0,0.0,0.0,0.2850714168658296,0.3128679853702169,0.0,0.4324248700733505,0.3674883056140868,0.277677207866424,0.0,0.34619782770141994,0.0,0.0,0.0,0.34948401540636337,0.46006943731928707,0.31868974903352,0.0,0.23641175498978553,0.28514766520670387,0.31863985553926205,0.36520676914323874,0.0,0.0,0.37649823415629086,0.0,0.30843664934552706,0.0,0.34299077549344625,0.0,0.28989050080867074,0.25791445782647016,0.22313497829533918,0.16592007606577255,0.3207245990996116,0.35392751779081144,0.0,0.3275094987894998,0.0,0.0,0.46533757520438324,0.2357746927538287,0.3763627691144922,0.0,0.0,0.2543833692935206,0.30275046401196154,0.0,0.0,0.35763178777355376,0.24500606883219747
2014-09-30,0.43676351317594775,0.0,0.0,0.2591778653115131,0.4529101539758556,0.0,0.0,0.3242589023890049,0.46709211774785797,0.208074651934758,0.0,0.3410120048264891,0.3235772697642502,0.0,0.39063428415906565,0.3028480782824955,0.0,0.20276320851333937,0.416207750716614,0.0,0.0,0.43834249349547827,0.4636572628942426,0.0,0.4335898907371757,0.0,0.0,0.0,0.32063398906764556,0.16689543365762186,0.0,0.37201577834821814,0.4140691839819497,0.38466071627392684,0.21419103815592475,0.0,0.25871272741619805,0.0,0.30748164819392354,0.0,0.0,0.3071058060586447,0.31315314600315,0.0,0.38269561645848843,0.43730873734972736,0.41641113744440145,0.0,0.3727775074822134,0.0,0.33801809976229846,0.4292965506640229,0.3043914509084633,0.0,0.0,0.44219424202572144,0.3124671817290175,0.40964297156488405,0.3931038108135876,0.38330502756123686,0.2967805263201333,0.17524199529326284,0.19037508710633094,0.38160126427831387,0.37870973121602,0.0,0.4014316584540343,0.0,0.37459482382114634,0.06469003494767397,0.33146015713584304,0.4281284601802965,0.3836320734640554,0.3147607264963927,0.0,0.0,0.0,0.0,0.0,0.2708325863410187,0.3789781868001055,0.0,0.43942388818336087,0.3810118587330116,0.2960360598301099,0.0,0.3606726241580519,0.0,0.0,0.0,0.3559786229460914,0.4575680277901071,0.34552355696805137,0.0,0.23611123915460835,0.29110826242911736,0.33159763056396463,0.37610387485612734,0.0,0.0,0.3769426179503418,0.0,0.299215126338933,0.0,0.3277424760042018,0.0,0.2958817894897121,0.2907617942925974,0.23350964670763869,0.17061965458486583,0.32839341369973984,0.3614763021915821,0.0,0.314075438451769,0.0,0.0,0.4932882925269827,0.2659267120006455,0.3610112725310846,0.0,0.0,0.27096289688817365,0.31859053945292076,0.0,0.0,0.3648668552614205,0.24970038680093787
2014-10-31,0.47864245364540475,0.0,0.0,0.23779502134786665,0.43707834770868603,0.0,0.0,0.39302830899728913,0.49252911472882666,0.20044846837506833,0.0,0.3934306374416062,0.37046441826106263,0.0,0.4304028007966033,0.31510411702311775,0.0,0.22740443164047738,0.4388179141272781,0.0,0.0,0.4253204474649488,0.5229710773821089,0.0,0.40245044828408644,0.0,0.0,0.0,0.3647817295751693,0.31977923937358727,0.0,0.3806477395766173,0.3736803580858612,0.3915439976478797,0.2714275662661225,0.0,0.21763548304771052,0.0,0.3681626255389929,0.0,0.1071596401030806,0.3111698689397476,0.4044311469548164,0.0,0.41681404223740287,0.4185640130327691,0.4253293734663721,0.0,0.4142448984409932,0.0,0.4103520652563174,0.4627427050474121,0.4095240034446102,0.0,0.0,0.42870799523677544,0.33561513935759685,0.44776418440491467,0.41876262664440245,0.41915004199324485,0.32770420799818206,0.1705191620506015,0.19866144964946372,0.375592146703924,0.4008931999179869,0.0,0.42324105939687856,0.0,0.4612262056903538,0.1348109934203051,0.36991293723885466,0.4083462204815199,0.42879754247438207,0.3459048710710488,0.0,0.0,0.0,0.0,0.0,0.32118933014447104,0.4991059016209929,0.0,0.451863290531863,0.4491946201024833,0.2878622836534545,0.0,0.38645960803893065,0.22683059302970418,0.0,0.09356275762249883,0.3775942418032056,0.44644562004383215,0.3578079817692785,0.0,0.3302230204932997,0.3337031445912153,0.3781783723371491,0.4176585239763752,0.0,0.0,0.3753276673045934,0.0,0.3703597187430822,0.0,0.38948251322804106,0.0,0.32597990052138887,0.4007844853699692,0.24048575850681392,0.17252772343119757,0.3072979461058236,0.4149096387047192,0.0,0.30991487496438086,0.0,0.0,0.6195081591868579,0.35724684869910944,0.4012838662676769,0.0,0.0,0.42654093524471925,0.35376841927819386,0.24319431496965033,0.0,0.40146404350691495,0.3000807359252065
2014-11-30,0.4696059849295549,0.0,0.0,0.24440985399286716,0.4477080763161326,0.0,0.0,0.38903715220533086,0.49277570235949153,0.20481738099096827,0.0,0.39603228837990245,0.37484804183246123,0.0,0.4252434987141479,0.3110142352332155,0.0,0.2350432400021638,0.4391456172115618,0.0,0.0,0.418586570861996,0.52294314649646,0.0,0.40750389798592995,0.0,0.0,0.0,0.3675364660662938,0.31788531042548085,0.0,0.3831048929020532,0.38191684903108,0.38617630633071093,0.27434162316977406,0.0,0.18061381432047863,0.0,0.3549826979959886,0.0,0.10620624360372816,0.3176191826964849,0.3986481427237926,0.0,0.41744981411213566,0.4187090593511269,0.42707125382601074,0.0,0.4183062032560856,0.0,0.40941042351021995,0.46410941686065005,0.4172695447616426,0.0,0.0,0.4337665814715962,0.34263659449610573,0.45306012637578147,0.41694316330650616,0.4244580800484601,0.31443106707074947,0.17545325442895204,0.1993135637770953,0.3783239104542587,0.3989873025359161,0.0,0.43221876643658735,0.0,0.45546867559415033,0.1190786284116648,0.35986045008390605,0.40546769136654237,0.42541599150384307,0.3475606885932299,0.0,0.0,0.0,0.0,0.0,0.2995769984906345,0.4832281955971559,0.0,0.44772625521788795,0.4524946235067366,0.2921319729238289,0.0,0.3847376070057752,0.23611057047124398,0.0,0.09624663880723665,0.37354107597772646,0.44760977035687816,0.3524143603990447,0.0,0.3218490896985064,0.3393942335792303,0.38588630388093564,0.42215723645550757,0.0,0.0,0.37823782052938626,0.0,0.357044760896205,0.0,0.36529782251711046,0.0,0.299139324862408,0.37652214734078254,0.25290748065849433,0.18354618192037542,0.3100976701760995,0.4119265316537361,0.0,0.3094143131064257,0.0,0.0,0.6211260256135614,0.3488317536929088,0.39168145802568105,0.0,0.0,0.40520667435603663,0.3523697541170164,0.18121802207314017,0.0,0.39646905303329166,0.3010126873136077
2014-12-31,0.47894119858658507,0.0,0.0,0.22714352530101733,0.42155694390556475,0.0,0.0,0.3901639887529895,0.47331760289884556,0.1998371292442017,0.0,0.4068812189284199,0.40075491638771765,0.0,0.46555475571401783,0.30411357444281645,0.0,0.2377697239919492,0.45357046554522257,0.0,0.0,0.44124511690666485,0.5587074087594173,0.0,0.39720876255943216,0.0,0.0,0.0,0.45542966328401463,0.3006519863070072,0.0,0.425283615574503,0.3682420939717841,0.3813609995980637,0.34087247865943443,0.0,0.15023433477872086,0.0,0.3796491775381787,0.0,0.08808624222844641,0.3337354419872448,0.379282516701813,0.08061265088913636,0.4340428523631698,0.3895307461736039,0.44245651932058616,0.0,0.4214607566819436,0.0,0.3930633500491159,0.458331129071595,0.4978986261163119,0.0,0.0,0.47281208090585175,0.3358018441357655,0.4501693127250631,0.42068780608494766,0.41344557221019107,0.3262946611967115,0.21728711422645342,0.20150949810657331,0.3678786198182677,0.40796834369354856,0.0,0.4359288377767607,0.0,0.451974209521842,0.23021490735305455,0.43378418641808836,0.4086710596553048,0.4185210779815558,0.3714900792388037,0.0,0.0,0.0,0.0,0.0,0.34808957041669286,0.4891383187472204,0.0,0.45289825525552085,0.45235891019332164,0.3164472139037549,0.0,0.4554082005137252,0.23052344328031302,0.0,0.09052728930836901,0.4052465731858525,0.4912615276853651,0.389861829476257,0.0,0.3269167282010094,0.34898842548989184,0.41513207511609873,0.4467015337158897,0.0,0.0,0.44759900550387216,0.0,0.3988797745187518,0.0,0.3371305912450518,0.0,0.28384211758655326,0.350896869884344,0.25785906519449164,0.18032265557931,0.32973627732504196,0.4041802129710113,0.0,0.36168130533196463,0.0,0.0,0.615574535919862,0.4039776798887054,0.38180375366894154,0.0,0.0,0.3654004871700984,0.3533111326807014,0.26529244388641593,0.0,0.4043267579765204,0.29541541249126546
2015-01-31,0.5396073466291963,0.0,0.0,0.3333721034378648,0.43805747498057435,0.29380632050936256,0.0,0.4445817008410431,0.48267017857089034,0.2128576174886113,0.0,0.4820671915721148,0.42068730173765656,0.0,0.5216439451187183,0.4652127009329681,0.0,0.2890037139803446,0.4593721059247141,0.0764316744605086,0.0,0.4679018346170884,0.5514884390868754,0.0,0.40176595285892874,0.0,0.0,0.0,0.497951781725073,0.2854757739107255,0.0,0.4799488180766013,0.40843475880965124,0.3916818616583582,0.4540286609608472,0.0,0.1405258679108778,0.0,0.4185834566342901,0.0,0.4206786827679212,0.33785232091172734,0.38607306065229063,0.08306305082968304,0.4819226804265725,0.5289771684071087,0.4989669074918496,0.0,0.3943927273955777,0.0,0.41345348150341393,0.48763257195384035,0.49268425529756177,0.0,0.0,0.4858940896464796,0.3348226162223926,0.4441151197812592,0.4463988136075034,0.4599971109241349,0.32334942595312854,0.2724074310331701,0.33433224299978614,0.3595605040649406,0.441455083843858,0.0,0.4303084761207173,0.0,0.4514360443648634,0.23931215400413264,0.4557910683833519,0.47284048983406357,0.4996954495619159,0.41405610291057393,0.0,0.0,0.0,0.0,0.0,0.4394463017330526,0.5591896879498267,0.0,0.4731420761832394,0.5130143122789766,0.4134717557814187,0.0,0.4741998699731761,0.3524918326834125,0.0,0.16342164586170263,0.4293479048654539,0.5121392086253517,0.5277612182730326,0.0,0.38411857120230153,0.3869458394994089,0.4495831475482761,0.47671227914623837,0.0,0.0,0.4849929134566057,0.0,0.4385885005875019,0.0,0.39169203615968823,0.0,0.2772592429443998,0.37752899209758095,0.34532448726106146,0.23617616840523709,0.3938634434684639,0.4265125153160535,0.0,0.3290436972790492,0.0,0.0,0.606948234405854,0.4278170152188674,0.3820614022743785,0.0,0.0,0.4598204220149952,0.3383984725448539,0.4566099749039717,0.0,0.40340604161796045,0.3100414052136619
2015-02-28,0.5267918917599319,0.0,0.0,0.33413163722664707,0.416942934310688,0.2877714832895823,0.0,0.44940780284319576,0.47931595152410716,0.21132642814690542,0.0,0.4852908446118377,0.40499478184035953,0.0,0.5095366665756764,0.4466613670096878,0.0,0.29518522050046436,0.471623415806039,0.07749346664009174,0.0,0.4629853562321849,0.5654213743765718,0.0,0.39032043281460516,0.0,0.0,0.0,0.469822735331053,0.3849753467227913,0.0,0.4686858383417369,0.3410045325748141,0.38672280228268163,0.4347341583010733,0.0,0.1415483545547254,0.0,0.40893106866735046,0.0,0.36244387419249613,0.2558627246270285,0.3751302654648994,0.0856173240888056,0.47408507405533706,0.5264141179316094,0.4921234724874537,0.0,0.4000712499072694,0.0,0.39739294528289065,0.4893423924781993,0.49163186864981595,0.0,0.0,0.47823979890914764,0.33898777878554104,0.4389838008817638,0.41759455324167777,0.4513569654689622,0.31335640346183397,0.2740756438369287,0.31783095687595997,0.3233912624513075,0.4280692757832258,0.0,0.4332505247684238,0.0,0.45325441897715585,0.21653315445645754,0.46276011322425203,0.4753828490329286,0.4818081045004307,0.39796021659876124,0.0,0.0,0.0,0.0,0.0,0.42881638931696947,0.5541783267876585,0.0,0.46485508045010726,0.5095562007687514,0.393411259779994,0.0,0.4678957031527094,0.348687647717763,0.0,0.13316893950443898,0.4309168570502894,0.5079629368435794,0.5045370549806524,0.0,0.37119040832171707,0.3663799168182217,0.3955367468570914,0.46183885166976957,0.0,0.0,0.4692786093817724,0.0,0.4241269498430606,0.0,0.37425666508601624,0.0,0.2774919275977466,0.37102017473425863,0.3550381450460319,0.24074219605202882,0.37667908075836126,0.41699938444946677,0.0,0.32191187608954025,0.0,0.0,0.6016190252331829,0.4139468677583418,0.3821844174235087,0.0,0.0,0.44041443665465746,0.322804009754351,0.4533797046264188,0.0,0.3903643778427513,0.32545678585583243
2015-03-31,0.523910077161803,0.0,0.0,0.34302220921965587,0.4407057234051718,0.27811577237483404,0.0,0.46901359140935606,0.475233850781746,0.2090447534386008,0.0,0.507144326369416,0.39369358302535995,0.0,0.5249787200672308,0.44958658190113954,0.0,0.30128195871772256,0.5090166181257343,0.0773952811978672,0.0,0.4988163610477349,0.5664344809489377,0.0,0.33989692072435307,0.0,0.0,0.0,0.4895228508000318,0.358137900484747,0.0,0.4936089665622244,0.3994546122594292,0.3911175138647509,0.43226743273042956,0.0,0.24693796514580232,0.0,0.4408079379042831,0.0,0.4308402722529077,0.27068473200133564,0.37436011776863365,0.08673467962712905,0.4932788178468309,0.5261628602878817,0.5152463128991743,0.0,0.36536815367787495,0.0,0.3845632250434725,0.5008131770787759,0.46099572156599505,0.0,0.0,0.48089398502273994,0.34191414620902005,0.45425578561582786,0.4195784293503605,0.4875482188742713,0.38986338323089953,0.27609863547571833,0.32575068985205347,0.3374397524945549,0.43544184580652984,0.0,0.4371352667115378,0.0,0.4559032497600454,0.3943711071975845,0.4689444472796235,0.4689753613151801,0.5223182615975219,0.40752420695932806,0.0,0.0,0.0,0.0,0.0,0.46436197040964144,0.579495987586269,0.0,0.43648147050875424,0.5397500623634047,0.37670202696455324,0.0,0.48229172897111405,0.3436013721765583,0.0,0.11616546620162488,0.40485388712629516,0.49725960076426967,0.5323786435520093,0.0,0.39396938683794724,0.36435446799628096,0.388684294450159,0.466818124371254,0.0,0.0,0.48764768099314226,0.0,0.4564722364676235,0.0,0.3885582869944796,0.0,0.2927931217716123,0.4290498373429296,0.363511822301868,0.24073290667952038,0.43449911000746233,0.4090502311361566,0.0,0.31205805992277275,0.0,0.0,0.6217963329086085,0.4407396518851694,0.4360274724077108,0.0,0.0,0.42243594647600335,0.373235500374853,0.4616139719804808,0.0,0.38238842796141037,0.3372481907709404
2015-04-30,0.5099961303315609,0.0,0.0,0.3707642569516565,0.44303522522618993,0.2492691135151002,0.22528585941803278,0.45316490083686317,0.4740393767441131,0.20733748318484785,0.0,0.48929753139931864,0.4167265156418319,0.0,0.48715248391473903,0.4423942139208466,0.0,0.3095680647094719,0.47574267451466057,0.07266482776572636,0.0,0.5043786191225762,0.5424369773530178,0.0,0.3258939605081482,0.0,0.0,0.0,0.5024611651666713,0.33696390846627133,0.0,0.4826486163099953,0.3985991788638963,0.38923132911857405,0.4327377837204472,0.0,0.2304729384430879,0.0,0.432906220563429,0.0,0.4248034517072096,0.2913929542326481,0.36746550299034586,0.274424634438147,0.48251018122163114,0.4954382096999547,0.4880285264629197,0.0,0.3764578629943053,0.0,0.37765325974634983,0.4790100941936768,0.46688267034444375,0.0,0.0,0.47424080445032396,0.3459284746212785,0.4442515812111483,0.4396121361525728,0.48458037218112915,0.3934018030928784,0.27985541947130665,0.3219740417860003,0.34121870110208885,0.4523022209892712,0.0,0.4662273775500665,0.0,0.45933351106670367,0.40475941635955814,0.41603890622130735,0.4881108465912233,0.5177718024963256,0.38586483137912403,0.0,0.0,0.0,0.0,0.0,0.4219412873592562,0.569442769000287,0.0,0.46159253609814477,0.497365958685153,0.3660013198849548,0.0,0.4783180839198663,0.33883269432637075,0.0,0.11007533061390969,0.39004633640673486,0.5150054979287897,0.510537414955616,0.0,0.3804930266339382,0.35591376242395073,0.3964684495587592,0.4658994728855766,0.0,0.1970448378353533,0.4795564602262185,0.0,0.44454152547091685,0.0,0.34393621850690403,0.0,0.2931481211219724,0.4100183856793689,0.37229183526789,0.24540605854773662,0.39462851922181474,0.405076885831263,0.0,0.30935742329050325,0.0,0.0,0.5647573295844123,0.403447517893038,0.41277674887583565,0.0,0.0,0.3748825977711895,0.36794782409838767,0.4507286161729246,0.0,0.40344081683203964,0.318697932613588
2015-05-31,0.48546586272937403,0.0,0.0,0.36497158046061046,0.38473707661816614,0.2403635229493305,0.27459239471965585,0.446482070659064,0.4734847673468505,0.2057921206456125,0.0,0.4745552031229017,0.41554481469022053,0.0,0.47731600444024713,0.4314236121089217,0.0,0.3176397081378458,0.4493041726797973,0.06452292498358866,0.0,0.4924030724468689,0.5251254902373416,0.0,0.39285758753532046,0.0,0.0,0.0,0.49542639338892563,0.32201802163625604,0.0,0.46122605198350225,0.4314105365195768,0.38929785967717406,0.43721900467509117,0.0,0.23274778286037587,0.0,0.4213112993662551,0.0,0.4065514430420442,0.2904460006372879,0.3641835079115507,0.24201746473979935,0.4729145755467238,0.4955365621939291,0.4809950491320353,0.0,0.3827208969773313,0.0,0.39678306401624897,0.4735976762032821,0.47013453394557125,0.0,0.0,0.47745170279030213,0.34956082050633425,0.438269357891356,0.43938012241663116,0.4702822931744776,0.3818553849306915,0.2853621028821205,0.30507537707758664,0.3413990003158898,0.4363999334455067,0.18593863301393537,0.4707091258712641,0.0,0.46291209568737546,0.387410235209163,0.38034655560844743,0.44131724718215914,0.5010401078588056,0.3702474236777337,0.0,0.0,0.0,0.0,0.0,0.3926452459334849,0.5665013917736961,0.0,0.4630033266568223,0.4617307053377118,0.3582418617365333,0.0,0.46349060436601064,0.3341472118809121,0.0,0.10904231040409809,0.3897808968739215,0.507520588187291,0.48735221538515777,0.0,0.3620507102085877,0.3495792978601141,0.3946923135118392,0.4235104587575474,0.0,0.28153502462846375,0.4640937276261736,0.0,0.42180822762948733,0.0,0.33795804900361676,0.0,0.29496949070119416,0.38680528487093396,0.37981639905611936,0.2494208789675521,0.38198470912176524,0.40331482213394015,0.0,0.3080918059921427,0.0,0.0,0.5608853354651806,0.39190816856811966,0.4068972727719711,0.0,0.0,0.3095992556669095,0.3606663348697433,0.37964196251801474,0.0,0.4017464329226001,0.30708966996971915
2015-06-30,0.5234017011077777,0.0,0.0,0.3971913047764719,0.38046017130476784,0.300222085791169,0.29470429293610206,0.478834659368775,0.4723547401502572,0.21340556764736524,0.0,0.5130095129800263,0.42225889947081635,0.0,0.49176313763940904,0.4376133985990627,0.0,0.33904098364736185,0.5013213790754515,0.05541951766484479,0.0,0.5273162680764698,0.539881646597944,0.0,0.46645852737207744,0.0,0.0,0.0,0.5225140278485119,0.3059283384995736,0.0,0.5213529491976425,0.4894230500044162,0.3985818647329341,0.4512367770116746,0.0,0.3295576145867612,0.08550520501577166,0.433767326752547,0.0,0.3717560203410533,0.3431195873795233,0.36594178827477747,0.2254147447282665,0.49605250778507076,0.5186820160881952,0.4975885848929291,0.0,0.38857399606349097,0.0,0.39738841665699903,0.48293025535551837,0.46790484085094325,0.0,0.0,0.49222131443352096,0.36645790692924257,0.4330072227524161,0.43728613009223855,0.49075966840930857,0.39628692226603424,0.3123332951165416,0.3253138630947912,0.34974338057354815,0.45343416338394515,0.2072436963125393,0.4764567250314245,0.0,0.4665616816500891,0.371491414283433,0.40219504382365534,0.48264882556101313,0.5394763752276223,0.40124733475448476,0.0,0.0,0.19573613180868824,0.0,0.0,0.43479439160151623,0.5889758222169947,0.0,0.45226238417989445,0.5024921759201569,0.42287331549747265,0.0,0.4796997139897839,0.32814504742010686,0.0,0.18650952370966511,0.41708357293388193,0.5622986046611602,0.5315683424557281,0.0,0.40019059180896244,0.3835564843187458,0.42349453451908137,0.4591270292898782,0.0,0.3154990639391254,0.4973201578654928,0.0,0.45368415925565214,0.10373598962281255,0.313030019515393,0.0,0.31648606401137813,0.4097487837608045,0.38520465703154294,0.24446821839517138,0.4027961166602948,0.44911399869946916,0.0,0.2979393571927278,0.0,0.0,0.5631259733132686,0.40775863230683146,0.4019527231328253,0.0,0.0,0.2949580024443029,0.34924668340480153,0.4167780007148765,0.0,0.41480101834761623,0.34471946850972174
2015-07-31,0.5275030271907538,0.2474912676897039,0.0,0.394645453203278,0.38745853570809513,0.325176928145371,0.2897631882766902,0.47300971329906,0.47623977940754914,0.14317184042495343,0.0,0.5189401478093189,0.40309391190260596,0.0,0.49289509224706,0.44964452505920316,0.0,0.3620482152362178,0.4913094437097079,0.05110422662813839,0.0,0.5106521103129762,0.5417230216362932,0.0,0.3939914802007768,0.0,0.0,0.0,0.5048047965667805,0.2931618582475427,0.0,0.5318024219931489,0.49547388916671936,0.4274393343541309,0.45374397715715237,0.0,0.3114107362119015,0.23365497919790346,0.4322337206137545,0.0,0.340288229633956,0.30498014986100963,0.36649882466395284,0.2303656273966935,0.49844480971759947,0.5222440456013576,0.5021174500608759,0.0,0.4308981188678178,0.0,0.39939063629574423,0.48764699880925794,0.47108907263327415,0.0,0.0,0.5097110341976523,0.38343989131798756,0.43203576438413127,0.4115419087540585,0.5146168782471671,0.4023449355637401,0.32148558629316726,0.3149596044500893,0.34859579974075416,0.4485362963016317,0.22689750941689105,0.4726919840221619,0.0,0.47096569451688314,0.37403093730989717,0.4013594452008414,0.4984221789092365,0.5328101383973552,0.4252873633909129,0.0,0.0,0.19535131078154147,0.0,0.0,0.4341761765335864,0.6001173706309718,0.0,0.4805868881771586,0.4945511020481833,0.4315117216406052,0.0,0.4797204066728291,0.2995828544262772,0.0,0.19832168363534802,0.4292211035167553,0.5610387328243283,0.5188452231376904,0.0,0.3973840274601161,0.3673862407580227,0.41105304451629016,0.45422998155738664,0.0,0.31983477651458325,0.49347409703023914,0.0,0.453890636472598,0.051119387955073675,0.29769096233499265,0.0,0.31700127990370947,0.40012394759815395,0.3707569915654033,0.2522242884929517,0.392184262132468,0.4380504451424789,0.0,0.2993024984601095,0.0,0.0,0.6556168361108871,0.4088908660475815,0.39934596290403446,0.0,0.0,0.2535820020591316,0.33681361279351024,0.42701691721693946,0.0,0.41590090206995317,0.33902356181223187
2015-08-31,0.5618698357115802,0.2323336190516316,0.0,0.41217265753290816,0.4549560742332953,0.30945943178298857,0.3923392857164007,0.4660593719197523,0.5213549219214992,0.14181643804345423,0.0,0.535638104860082,0.45628550186321315,0.0,0.5062997186655936,0.4544723234009467,0.0,0.4237717991403374,0.5330364633606723,0.1096862099361703,0.0,0.5229733796167528,0.5466193044123452,0.0,0.42522733860414663,0.0,0.0,0.0,0.4988856623758008,0.28351631379784437,0.0,0.5589815468758973,0.5031816813100163,0.4272514391827509,0.45529959621623506,0.0,0.29916794992321405,0.24105407641757298,0.4544477644581391,0.0,0.41754836258318423,0.3657303777019529,0.3820031191497651,0.25059130241062766,0.5092852731656533,0.5396946953115958,0.5222387035754787,0.0,0.4320444303145043,0.0,0.43342461742049876,0.49058207039332224,0.4677392394630747,0.0,0.0,0.5295509976649495,0.441605831221542,0.4736513555695101,0.40518791848838503,0.5336191925373102,0.4412610792668958,0.3238831058613887,0.3142827058224417,0.48620966619921013,0.48445459829799375,0.23670877581567354,0.4989315415358601,0.0,0.4666518772678033,0.400626004249481,0.39253414922148294,0.5336287495858812,0.5253579966612427,0.4746126330245518,0.0,0.0,0.1947814451533439,0.0,0.21147718759083747,0.42913734916299184,0.5851840099127285,0.0,0.48131940099156256,0.5581338924726151,0.49886017261502846,0.0,0.49870474654353564,0.28455138748655767,0.0,0.2387789017739946,0.47627532344915663,0.5697741074522619,0.5268376860370076,0.0,0.4281599757539375,0.38327440064189017,0.45368683911568924,0.5019885161955839,0.0,0.32223302163060175,0.4989162749285466,0.0,0.45174825558532394,0.3061271047338015,0.321081323407449,0.0,0.31842097019752985,0.41799005273062784,0.38948966596519247,0.2544232719886698,0.38321079747133013,0.48974859383341923,0.0,0.2970006638892047,0.0,0.0,0.6539388025221001,0.40569786983308914,0.4122378003828295,0.0,0.0,0.279072542860389,0.32515349875604593,0.4733894962764227,0.0,0.4147864071200677,0.3699177222983992
2015-09-30,0.5556082576413413,0.2242455652862386,0.0,0.4642979990324378,0.45684574157415747,0.2865297352328001,0.38735452815823307,0.4663816948880537,0.49380745596922443,0.21956994084332204,0.0,0.5371480104599922,0.4395525275335564,0.0,0.5075566106745579,0.45328950328313833,0.0,0.3976865968048027,0.5335820468230896,0.26185737423719535,0.0,0.5234301562344182,0.5516745288032483,0.0,0.4180758187831051,0.0,0.0,0.0,0.49925198741642934,0.2759043792698945,0.28369902756593235,0.5507505522274275,0.5121303076218928,0.43649868905944306,0.4591981125207124,0.0,0.2940817477710137,0.18335316504267352,0.45039205481970707,0.0,0.3951211995235807,0.3688618697209277,0.3460843405565138,0.25062719451378024,0.5114370016075278,0.589682739655002,0.5160984715440659,0.0,0.43950799221663667,0.0,0.44018485064129503,0.4941251331333785,0.47390301967502,0.0,0.0,0.5343375075673382,0.5036680964850121,0.40793887403420515,0.407759590269557,0.5812079446026212,0.4541015323912867,0.35526263224744575,0.31642749832124384,0.4824487451580816,0.46162300903778797,0.25559030374126485,0.4973274137827303,0.0,0.468700599883705,0.40108574013826087,0.3873649083635098,0.4855177770194231,0.5473098456927016,0.4447706522849328,0.0,0.0,0.1951202268963233,0.0,0.22993675770150002,0.42722955207245666,0.5866197843842825,0.0,0.4897171063283867,0.5537644494245205,0.5191112974460659,0.0,0.5002548794835342,0.27353790207927764,0.23896163752542668,0.25467126250717054,0.4604832787992455,0.5721916631351611,0.522131854001053,0.0,0.4143239639033368,0.3587542509913969,0.4618498250020607,0.46082141082827416,0.0,0.31984460490632216,0.502843769662799,0.0,0.4510288946379145,0.1858894996993541,0.3206627417251205,0.0,0.31722935049082457,0.41165935553068417,0.38065399913964165,0.2684396115367832,0.3777459461221853,0.5014696666406049,0.0,0.3105166874234352,0.0,0.0,0.6568123013197583,0.40821229089727673,0.4085971035204736,0.0,0.0,0.31100267593496644,0.3162181807645231,0.45151674755766374,0.0,0.4394342556675274,0.36350256285533433
2015-10-31,0.5511832137543923,0.21899209828653418,0.0,0.462313559160637,0.45899878790305737,0.2658425351040487,0.386155321035071,0.4653051180208837,0.4982219119324143,0.21907190576191404,0.0,0.5368852933643452,0.43120751142020897,0.0,0.5067274523968976,0.466327428769342,0.0,0.4008756253664726,0.545741532158843,0.2581452230338248,0.0,0.5309998186320058,0.5562881050708832,0.0,0.4887857187481661,0.0,0.0,0.0,0.49897939096015415,0.2697965637190269,0.26884969188675345,0.5341822842995236,0.5203353419542747,0.4349870376624763,0.4621622248812335,0.0,0.2941753371128691,0.14596139826938387,0.4432079311661528,0.0,0.3479675058866057,0.36956595073908777,0.3263819684554089,0.2508408015362267,0.5123156597575957,0.5914359267168338,0.5091562398250498,0.0,0.4363702508649209,0.0,0.4098026847538572,0.4965920933310811,0.4625565777868132,0.0,0.0,0.5384085048577494,0.49420886684938464,0.413088007782579,0.4089747237874608,0.5772000256066929,0.4493378364734487,0.35842465312150856,0.31550709750320266,0.4817903808418663,0.45441152540094115,0.27319171754936794,0.49739925029169896,0.0,0.4700393866475477,0.39633305197164087,0.38032827187594564,0.48232939379264433,0.5405370754354784,0.4478743356369515,0.0,0.0,0.2017365977014696,0.0,0.23823786497641694,0.4232377570221831,0.5859005245942059,0.0,0.49062532719238994,0.5326496949874875,0.5076818898980946,0.0,0.5004413307691736,0.26524244697533267,0.23766800807254568,0.27550650977809277,0.4437194528932444,0.5319743740893658,0.5248974098049315,0.0,0.4129461008775839,0.3579859279318577,0.45914315228121794,0.43009825936101836,0.0,0.3047490813390745,0.5059418456855287,0.0,0.4463505898706522,0.40049344696035055,0.3220184171194943,0.0,0.3236146510839774,0.3885305957673852,0.3717883444287549,0.2814229568829832,0.37354755170927023,0.48835168450044086,0.0,0.3221801672460235,0.0,0.0,0.6558324086871916,0.40439877547293573,0.40618990598884697,0.0,0.0,0.29537905690004057,0.310504980222283,0.4449495848787343,0.0,0.4377089799471306,0.36604947179284897
2015-11-30,0.5461002545135119,0.21323614818764802,0.0,0.4552504099521943,0.453564013220385,0.2512167024805211,0.34107077371211614,0.4682701457176293,0.5009320510750671,0.21809305180117053,0.0,0.5402765230530391,0.4246043674002835,0.0,0.50836939898849,0.46485630818242485,0.0,0.4031433395345112,0.5274450515316267,0.2573053757615549,0.0,0.5303104059555376,0.5657276968906899,0.0,0.4863200882151486,0.0,0.0,0.0,0.5101382115914618,0.2645269932274317,0.3263876149112447,0.5333378625810055,0.5228906379465219,0.43969189701738126,0.46384855814083914,0.0,0.29631123571382567,0.14578889695783814,0.44526235394281144,0.0,0.329899772038383,0.3714465988359576,0.3433279445347102,0.24929267390326385,0.5119672386406315,0.5878611137543052,0.5051592300711347,0.0,0.4348629909504907,0.0,0.4116022872695187,0.5180771153930455,0.44190758671701136,0.0,0.0,0.5365025205480379,0.4821710591827311,0.4170737074485007,0.4075189993256694,0.5897750683356233,0.45526304135917955,0.3601653492133557,0.30976127894133754,0.4762362220577819,0.44780231400529946,0.28287716265291096,0.49649713202821727,0.0,0.47187013191563093,0.38450425585704473,0.3731632050370346,0.49765738900231715,0.5168846794690524,0.4658680473056346,0.0,0.0,0.2015188779965304,0.0,0.24368934575952678,0.41784627406496844,0.5819214801529035,0.0,0.4687411972070774,0.5438064918518649,0.4913379915325846,0.0,0.4988434697026428,0.2585337887954007,0.24034372375214344,0.294100672271003,0.4319001274146742,0.5514894052575224,0.5345075953229425,0.0,0.4159045022133051,0.37786037825597674,0.45655908093487346,0.43853565444591647,0.0,0.27836768482634744,0.5068563153895967,0.0,0.43854797952118046,0.3653256421181405,0.32423343641662283,0.0,0.35765093185668934,0.38843519871704946,0.362411462627414,0.28657158402205346,0.393965516454932,0.5147980637981832,0.0,0.32458097944446224,0.0,0.0,0.6481249974274784,0.3971653288235499,0.4004249742314506,0.0,0.0,0.33043433453474164,0.3077501917918909,0.45527865063814493,0.0,0.4375145677728958,0.3769730563818418
2015-12-31,0.5426929944977006,0.2090473993587931,0.0,0.4509995375962188,0.5446737209171386,0.27646537831412415,0.3553260427517108,0.5106792166520079,0.5040968641549032,0.14748927570968037,0.0,0.545964488179429,0.4335166163699397,0.0,0.5176758015108879,0.46245581043254586,0.23061721041182892,0.4321912956961545,0.5407386331605608,0.2869712557190958,0.0,0.5231677571242299,0.5893332658453877,0.33583935312423185,0.505695430137634,0.0,0.0,0.0,0.5434325780268567,0.2598243725595739,0.33934725533519466,0.5793177288192592,0.4811712153158017,0.44983012011052165,0.46621281922464,0.29448812719902057,0.34136088586756447,0.2577943674643416,0.46242948821559493,0.0,0.4052982297216176,0.41165131575475145,0.3067910904104398,0.17742198381447846,0.5034446713282112,0.5842640954547351,0.5120106665849326,0.0,0.43514964693102764,0.0,0.43691173799326694,0.48305043564374306,0.426916279815778,0.0,0.0,0.5361270346659938,0.47401060741543494,0.3939476083601248,0.40584132357280805,0.6116374661293187,0.4421974688014148,0.38388659770395,0.4002470230592078,0.4651350930416574,0.5058279796045431,0.2943868202114478,0.5157787764937981,0.0,0.45290157591576896,0.247854936376385,0.36646118072937317,0.5321874141381009,0.548875728489626,0.5096053483534799,0.0,0.0,0.4337173992068573,0.0,0.25079496684357,0.41042081997976476,0.6063657784864529,0.0,0.48326739922806766,0.5372271528688306,0.5350563525457539,0.0,0.4966372661542348,0.25263457606321116,0.237064228501825,0.28123580490362854,0.43938249473825525,0.563951036970508,0.5430149297734936,0.0,0.44326870710329946,0.33920666617087974,0.5009465053371879,0.481677897135482,0.0,0.19746524469162735,0.4852961534008621,0.0,0.41714561672388045,0.4275665009758865,0.24048084920587912,0.0,0.36263362714141584,0.4050192327822,0.35266816824134,0.29419347560059106,0.4614800927274205,0.545507549397379,0.0,0.3570947025752657,0.0,0.0,0.60061085700784,0.4092762951456431,0.4647087565140462,0.0,0.0,0.43546161570435205,0.34254847292100726,0.4581389441963701,0.0,0.4408867640879946,0.39594408625240085
2016-01-31,0.4720650642018843,0.20355893263499694,0.0,0.45790178206825083,0.5315054536116278,0.2949466677024984,0.32597461902592256,0.5111759193144452,0.44278088663852017,0.23555762000174635,0.0,0.5363627801853287,0.5056019673778692,0.0,0.5151296660849877,0.465763620410554,0.2226654851820214,0.4466311800138343,0.5405210992188344,0.3876339049508044,0.0,0.5204050045370856,0.5883005865442027,0.3882046457659861,0.5049098041185249,0.0,0.33983223222618447,0.0,0.4742284322772345,0.25572524609911246,0.3863191986913595,0.5770832308262559,0.47884377265721256,0.38270753852930356,0.467620443724056,0.29097286997152466,0.33610449997302383,0.28343539360983033,0.4967167064983109,0.0,0.41779691814879716,0.40149285387454814,0.38648598049094135,0.17198409768080392,0.5040617091517836,0.5838082139317236,0.5123763724746931,0.0,0.4953979603764776,0.0,0.4668218185734538,0.4934858066311482,0.3948884225552504,0.0,0.0,0.5297340214025661,0.4516025106416138,0.45322545846589574,0.4018688161850644,0.627511010741932,0.4682657887535062,0.4185608380449937,0.3898255825042771,0.4564202755344211,0.5105160060583219,0.29676040795272646,0.5353489593709071,0.0,0.4815676841502803,0.3182702425885454,0.36143231737639514,0.5558662539168147,0.47828888687518123,0.5329693672423196,0.0,0.0,0.31734600048279893,0.0,0.2541058621497857,0.4041451464195499,0.5671430864276774,0.0,0.4830670387518207,0.5325404790901384,0.5278962613920865,0.0,0.49589199560592795,0.2476834255442569,0.3708135507129503,0.28822683400561955,0.4453087782212819,0.5590929175259174,0.5454503042547221,0.0,0.4246389305153333,0.3845635151446473,0.4931164050771998,0.5163357194013681,0.05292675335230334,0.19489361816204975,0.4849168547954299,0.0,0.34520096458814925,0.4052157787351903,0.23986308355206118,0.0,0.38718612359227483,0.4623380562570532,0.3431746979589588,0.2946637610595603,0.45970552010218907,0.558141607807499,0.0,0.3546695655772251,0.0,0.0,0.5851158927936407,0.40518576497544606,0.4541184306250745,0.0,0.0,0.4264726882401065,0.3386096354722879,0.4853568781060376,0.0,0.4371722639012003,0.40375766758967013
2016-02-29,0.46744798678761573,0.2016668613651162,0.0,0.46378127890989584,0.5305668333108526,0.2835880974377323,0.3103224341663792,0.5121419569876465,0.44672110931017533,0.2509020438083053,0.0,0.5377297026378808,0.4935083540781631,0.0,0.5123291130872275,0.4820779781816972,0.21858573874018558,0.46815680771044577,0.542984934554236,0.3847390167355729,0.0,0.5173871180286846,0.5859949905347338,0.3669953216070974,0.5059960666870467,0.0,0.32807841901289103,0.0,0.4755452910485553,0.2527876791850027,0.39207509178186406,0.5778074367311472,0.4780836385008109,0.39367221737389363,0.47042377360314697,0.2893999073267691,0.335593758416799,0.27160146305875504,0.49073259323772855,0.0,0.42182347810534376,0.3961487627734196,0.38829886519178747,0.17020730338216522,0.5026749489854663,0.5872845250013646,0.5134034933318388,0.0,0.4767591340586119,0.0,0.46340233381284684,0.49568333390754743,0.38841820270521576,0.0,0.0,0.5190469943912654,0.44624235515446076,0.46118379399352527,0.399976180988093,0.6312364889402579,0.46999928222037535,0.41171317852246075,0.3732252539641547,0.4534192729304216,0.5162650374416226,0.30744943881536596,0.5266570177932131,0.0,0.47896855038431607,0.26673519502241866,0.35844241147950967,0.5548753734653838,0.4756661279787583,0.5315227706038305,0.0,0.0,0.2819811706766848,0.0,0.26038834449433346,0.399748216921795,0.5686447223679354,0.0,0.48215329016012526,0.5070766136838266,0.5220403787223332,0.0,0.4964024303718756,0.24403975555959348,0.34842402106139453,0.2940031916028576,0.43999260048380673,0.5248756283347296,0.5717312607180789,0.0,0.4281905615500183,0.3973623659803254,0.50733632957468,0.5049613059658214,0.15580130222689115,0.19023537543655597,0.48571765823688606,0.0,0.34033161101306775,0.3662696743870839,0.2406340953045402,0.0,0.38868075145998504,0.45476512417530685,0.3352623801661482,0.30276879112028254,0.45897168019040974,0.5532517624817866,0.0,0.36192537308412526,0.0,0.0,0.5753341501465407,0.40307055728974495,0.43921793485837607,0.0,0.0,0.4441741543011103,0.3378607136482392,0.4853080944288837,0.0,0.43290886794296446,0.4017249410109113
2016-03-31,0.4616322769431762,0.19926403577994795,0.0,0.46197985696613175,0.5266668740345513,0.2744195637152882,0.29765816006443535,0.5120997914108634,0.45003312161807807,0.2604261710661496,0.0,0.5372659977455068,0.48547104536659974,0.0,0.5076081561161867,0.47879582816605715,0.2157370711245934,0.46818797324147376,0.5446895393173788,0.38457450816418415,0.0,0.5128958047580223,0.5873349664297706,0.26003755688435093,0.5036409988521788,0.0,0.3309671009570215,0.0,0.4753708046604124,0.24985203852544383,0.36488112643334114,0.5780398469084731,0.4754225875259661,0.39529524559236245,0.4728140678093992,0.287944946263804,0.3376731651058864,0.2716471285744171,0.4873984115837974,0.0,0.42398792760520576,0.39292056133382636,0.39005230740836183,0.16843831906282197,0.49911115571751163,0.5865112775330343,0.5140568248251292,0.0,0.46696610911484265,0.0,0.4603946134803971,0.4968661033872267,0.3798942532791432,0.0,0.0,0.5178659382982848,0.44073603221237706,0.4595710859097757,0.3965201146872456,0.6203362086569425,0.4712184314061493,0.4115084356384744,0.3509353083305416,0.44909085157239326,0.5133004125946726,0.3157651904150674,0.5203977980896519,0.0,0.4771404681856869,0.24874983744994755,0.3564059263133894,0.5482788968951786,0.4707954097159608,0.5311374729987092,0.0,0.0,0.27006975883973233,0.0,0.26572983606011075,0.39639918515335776,0.5673871798454443,0.0,0.4811486841282633,0.5050605436843365,0.5132079101435147,0.0,0.49591674547405123,0.2404144185154712,0.3382090956575529,0.29969940246218196,0.43482376628407343,0.5223614043909044,0.5720950438795203,0.0,0.43104483474706023,0.39768901835775433,0.5052523203497233,0.5025380618373253,0.1453932512000425,0.18990563722682727,0.48562181953996053,0.0,0.33439498409151985,0.24638701214706377,0.24204672374759806,0.0,0.39075472063270844,0.4486288719523532,0.3267339669226252,0.3091934566389807,0.45687240855818856,0.5446124659938262,0.0,0.41702226055425967,0.0,0.0,0.5615021965304977,0.3997111776957055,0.42264782017565383,0.0,0.0,0.44467854624388425,0.3391469423711573,0.48071453290572697,0.0,0.4289125779285896,0.4052243010758413
2016-04-30,0.43108140077898766,0.20037931257166888,0.0,0.46853370205961975,0.5332749585245238,0.26974347512519475,0.2688438677711144,0.5121763725663835,0.42520334405339666,0.2743547385273658,0.0,0.5358223487782486,0.475638377707684,0.0,0.5028855842507599,0.47531713871451137,0.21487284547838698,0.43205983295825284,0.5223337064180533,0.3768250685690231,0.0,0.5054462108786411,0.5915527561531732,0.2250260878500565,0.472425077587585,0.0,0.3022857522191095,0.0,0.4789979253433895,0.24805323077051733,0.33190369191300706,0.572563934135087,0.47435373409947107,0.39734576974450275,0.47600007341843664,0.28701984619042487,0.34259191606779243,0.2388687582754183,0.4754606246174792,0.0,0.4250142872975373,0.39242122187982575,0.378695358889498,0.16952014238125512,0.4833408035568506,0.5752170301429201,0.5106224282772371,0.0,0.4561005566563106,0.0,0.44692745590890864,0.49787373487804454,0.3750720651931203,0.0,0.0,0.5241671517134026,0.4439672908295269,0.43118470874349285,0.39524920447055517,0.6042682417069951,0.4592835229979241,0.4044086714724205,0.3296917743333231,0.44948257665698027,0.49747737076747284,0.3294399147840017,0.5046517966166476,0.0,0.47469678388531206,0.23358773762354698,0.3561735425839607,0.5209437192811872,0.4656297182066827,0.511696248200474,0.0,0.0,0.19864538960522699,0.0,0.27292524094391885,0.3952208281114837,0.5363808951907534,0.0,0.4776527708932767,0.4852414907082652,0.5062805719653687,0.0,0.4929247213257079,0.23803795315473916,0.3340263294127003,0.3075929699635749,0.43142782966164045,0.5225586694368741,0.5581902283704704,0.0,0.41386889149922956,0.38840449499520496,0.4926208311353924,0.47431881451556807,0.3108940243441865,0.19268572369073267,0.48642904119857966,0.0,0.33064575180732325,0.2275632865687371,0.24417136505439918,0.0,0.4219108596394979,0.4471758121165206,0.3204736785973754,0.3208106440238697,0.3961731826232948,0.5356919901249715,0.0,0.425692168965681,0.0,0.0,0.553797124037396,0.392007279708564,0.4081220614347742,0.0,0.0,0.4415668204316663,0.34249069494854073,0.43525160675614966,0.0,0.4520515564140382,0.3844682018342271
2016-05-31,0.4616282742358495,0.19817810930690954,0.0,0.504242183376916,0.5284785997742926,0.26601914065917825,0.2610066094535699,0.5110156019936359,0.4329251362433365,0.2777124300030363,0.0,0.5323925420418024,0.5101736279883843,0.0,0.49666243881041006,0.45680591989981195,0.21377289576006653,0.4293928368841281,0.5234138457066219,0.3795507973361553,0.0,0.5006461993800342,0.5978059109657045,0.3596039639243553,0.4617835195186943,0.0,0.267995693714184,0.0,0.47801472541030215,0.2458111340874691,0.30451651706484967,0.5829612056780876,0.4697863985788736,0.39924986446929267,0.4780088548864073,0.2879716791797708,0.34767384315241323,0.3582471940368664,0.47029940100126383,0.0,0.44716038932731655,0.44393578603027634,0.38755801902504816,0.16830714188609552,0.5003543331659027,0.6062995537112038,0.5184739718410313,0.0,0.46182949513118177,0.0,0.440575369269492,0.4975328913296748,0.36765504178910313,0.0,0.0,0.5346870209755034,0.4406884195535154,0.430751677919826,0.3911183760129709,0.605166072930566,0.4708862190465874,0.4435416045156436,0.3067958784413349,0.44411344580946704,0.4872869205415542,0.3348316153251073,0.5284978683370692,0.0,0.489933984297116,0.31213744982118924,0.35641516434307297,0.510029965106888,0.4563046748807508,0.5097481159837979,0.0,0.0,0.20262221175764766,0.0,0.2764698921378443,0.3948710246425461,0.5371981912116696,0.0,0.5113660877993785,0.48252004808456456,0.46755823069990216,0.0,0.4918550093584077,0.2352085317752162,0.34768706154457174,0.3129311431378476,0.4587745618381827,0.5205249770705536,0.5703854206640451,0.0,0.399441782244921,0.3895165110828942,0.5028546815744197,0.48373517958942835,0.31851164912164576,0.19645705321403464,0.48536150658641053,0.0,0.3215434802615396,0.22387045134584901,0.24641352141010228,0.0,0.4389103983588454,0.44669291871196615,0.3131598376919952,0.32521106070849004,0.41754811552128157,0.5255514326181092,0.0,0.4169531708994827,0.0,0.0,0.5415225536637734,0.43397415990907406,0.3930871050448777,0.0,0.0,0.4545199420610817,0.3466811826594713,0.419694560827011,0.0,0.46712055826048665,0.3887840604927805
2016-06-30,0.4740780913031092,0.19559904043390447,0.0,0.5004461397670045,0.5661584950824685,0.2463976974596298,0.25348169822443944,0.5093779538903093,0.4195856303608893,0.2823650004421655,0.0,0.5275359950475532,0.5033828895011855,0.0,0.4945793706559981,0.4594766881611027,0.2128032942359923,0.4266293915271379,0.5479588101512644,0.35185864961019353,0.0,0.5041441706698702,0.5976608792770598,0.36294795440817074,0.44989213864596944,0.0,0.21602656777812052,0.0,0.4765310713108944,0.24366188063379737,0.264442729974106,0.5833455813262447,0.4642533129639743,0.39674236152543235,0.4797973691791079,0.30924391464445794,0.35337355503823703,0.3715326079014214,0.46296926786817083,0.0,0.45130632558966677,0.44907217457664644,0.39824840708448445,0.16706078975096025,0.5043576368174805,0.6051326770775876,0.5246364410879462,0.0,0.4462159837707805,0.0,0.4248884545740049,0.4964868806772182,0.4136955284682696,0.0,0.0,0.5320910521190381,0.4638811233556011,0.3993068275816091,0.3866445247747387,0.5934315336975139,0.48327157646693997,0.4404343870937546,0.29616054894550864,0.43934903335329395,0.47073207077901785,0.338531793200223,0.5160271369075903,0.0,0.4862701555805867,0.32751261396821973,0.35738389920370417,0.4925811477545566,0.4540659018409845,0.499573711132757,0.0,0.0,0.24307130715208278,0.0,0.2791408827215336,0.395525799969503,0.5266595239176146,0.10688069901117705,0.5051042013342446,0.49737899994527385,0.48401051244283033,0.0,0.4994442837089534,0.23251673752167348,0.33482997937674375,0.3179709850613729,0.4784734767414827,0.5461589972329686,0.5629242611263049,0.0,0.4093457363106008,0.41070431599677487,0.5321000336726694,0.47744847146700864,0.29329138299267055,0.2009456457462547,0.4837024995360399,0.0,0.3160412698325962,0.22556769712705532,0.24887333869070052,0.0,0.4371512206812929,0.4396106860810592,0.30613627760403106,0.3283450805461455,0.41837678662579353,0.5142433442838502,0.0,0.4171542210459893,0.0,0.0,0.5298962481355188,0.4191621044080514,0.3787790877755517,0.0,0.0,0.45414424567228273,0.3517016069058634,0.3648159074022549,0.0,0.4580792757178776,0.3882480688565605
2016-07-31,0.4683430462897168,0.1950189146379758,0.0,0.5009747414271822,0.5646530903431509,0.24452149097885484,0.24709244159630367,0.506264210861907,0.4176900354121236,0.2876011622042803,0.0,0.5218635065394418,0.5004155872770466,0.0,0.48922640597260847,0.44833980215142394,0.21241957658275784,0.42364054072501917,0.5446370786559188,0.3542702167052166,0.0,0.5008830958290761,0.599080322475694,0.359249502458019,0.44030576885629397,0.0,0.22613346002369744,0.0,0.4772098827645526,0.24206983439784993,0.25993724306012983,0.5842080150778798,0.4598141225027134,0.39861431116379886,0.4819960370430312,0.2992278174044562,0.35992248666652377,0.3700325540915245,0.4548524613965101,0.0,0.4546584191677902,0.4401347856869725,0.4005198329272849,0.22038262573440726,0.5019582650174123,0.607416210616191,0.5253440365874419,0.0,0.44900419207424636,0.0,0.4268797695305907,0.4953006291362252,0.40750663726503417,0.0,0.0,0.5337627561168908,0.4663843132942591,0.39973871231861735,0.38375042931055464,0.5937761450329745,0.48835154538169795,0.4406102828578173,0.28333354595214877,0.43732637005096914,0.46522923256154985,0.3451171341744408,0.5120979533274614,0.0,0.48625842997403856,0.3208631393273752,0.35910457034466486,0.48942812745343167,0.44964437498629967,0.5041874302553667,0.0,0.0,0.2392258934689577,0.0,0.2829304626345108,0.39711341132526096,0.523882576639337,0.0555024335586963,0.5030861555700815,0.4976407463819317,0.47935840589507306,0.0,0.4984559256692314,0.2304189399614109,0.3349322340512739,0.3238610111632445,0.4733963846473273,0.5436486081576124,0.5655776225854479,0.0,0.41330813690017304,0.41230541483416283,0.531181124595097,0.47784423911558294,0.28840093289672325,0.20627228861839744,0.48248071757443123,0.0,0.3121320146857475,0.2289214395767229,0.25156939921796645,0.0,0.4400123244691748,0.44172151515805663,0.30048715119061353,0.3343123646732659,0.4186912822466268,0.5032965242502975,0.0,0.42175888015090596,0.0,0.0,0.522287873633865,0.4201777217205559,0.3662048389974674,0.0,0.0,0.4522284579516069,0.35739613412776233,0.35775779493810395,0.0,0.4601859874163472,0.3840461544427872
2016-08-31,0.4619189073678667,0.19495978187202223,0.0,0.5028314063219308,0.564575880016129,0.24379722571268683,0.24073228739299368,0.5020547903542151,0.41603777712911705,0.29370952313694465,0.0,0.514783409732064,0.4977269827570872,0.0,0.4828410637626815,0.43590944629725703,0.21207481410859655,0.4205513246225914,0.5452737011050681,0.35593274433570327,0.0,0.4979149008014336,0.6008437998573081,0.3439018509725264,0.43135667041506864,0.0,0.21518732981192426,0.0,0.4785258232811012,0.24055428564382433,0.2527781887954689,0.5849392495925319,0.4550653510008972,0.40082783871887134,0.48456031937490995,0.2951147770773318,0.3675747321527808,0.3602498268779635,0.44507390441431516,0.0,0.45673943146462415,0.43617531270122245,0.40319467145564714,0.13834299392862145,0.5002259336304437,0.610761057107614,0.5261332075152437,0.0,0.4528002698368631,0.0,0.42940298419947465,0.49363564299837304,0.401591199811013,0.19537315609919653,0.0,0.5365475406635974,0.47058860943982306,0.40085379329542753,0.3812307076767691,0.5941029668724213,0.4936927844213987,0.44041656975924887,0.2732015975660926,0.43088326265418636,0.458552047345073,0.3523545865985076,0.5079405520552224,0.0,0.48670164608042327,0.30697274529066937,0.36155260610966905,0.4828696473111391,0.4460410663442385,0.5073861658881336,0.0,0.0,0.2420187262167171,0.0,0.2871328386493787,0.3996023398165656,0.5189532087392914,0.05408845612064364,0.5014710571983881,0.4984630908131098,0.4731425186888431,0.0,0.4972064165503781,0.22834856727659988,0.3381609062527661,0.33029474660719726,0.4680069724818526,0.5442809998689192,0.5678911547975544,0.0,0.41269672373071536,0.4145299821538812,0.5302956752400266,0.4782856212672033,0.28421861891831,0.21276914230059454,0.4809990447503706,0.0,0.3092040837191742,0.23332166836594023,0.25473834755298663,0.0,0.4435947386715552,0.424904416283569,0.29497452060834417,0.3411985022940414,0.41838661149925765,0.5187946380029832,0.0,0.428055848504617,0.0,0.0,0.5155593404909465,0.42153204730101557,0.35359775324092185,0.0,0.0,0.44733673744763247,0.3642168284494101,0.34973347088771123,0.0,0.46306054880539976,0.3814789833166199
2016-09-30,0.45546735656936344,0.1920369877113153,0.0,0.49917610128755374,0.6244206348154131,0.189904217092017,0.2605981475849092,0.5134156674407908,0.4143475899087714,0.29879296424859675,0.0,0.5328509298936112,0.49330285271292146,0.0,0.4902334005524751,0.4239097968788303,0.21060102901037622,0.4168179652709863,0.5442694531345187,0.34654988840860507,0.0,0.5125340696819444,0.603826091440024,0.2977258400058187,0.42187699846279264,0.0,0.20785489405917468,0.0,0.47682981458827184,0.23870559395471755,0.25022239306883326,0.5838286508052616,0.4483820863768459,0.4026809751992703,0.48617526872334665,0.20926094631346456,0.4442952384985546,0.3484494824114799,0.4577157795928518,0.0,0.4557476410508553,0.4633036753600117,0.4030011537994753,0.13354603553807112,0.5120303794664868,0.6127759938633074,0.5235407502526805,0.0,0.4476501850940722,0.0,0.4310483359884284,0.49115158373437884,0.39415914487248704,0.20775965535438423,0.0,0.564625489199502,0.46912895862192583,0.44683141079613664,0.4069206620021034,0.6159922780515797,0.4975329158441719,0.4385828835220762,0.21143551578615621,0.4286337391368494,0.49090174991351493,0.3539950688101401,0.5286452380051992,0.0,0.4871303054005651,0.3335759008145133,0.36389032160986795,0.5149299019033978,0.4868829308393222,0.543420245683476,0.1882799034011281,0.0,0.278588249879832,0.0,0.4638233620892388,0.4022158043389785,0.5119439664452535,0.08695758540948724,0.5000271256852166,0.5426567851373895,0.45629682067146365,0.0,0.5145644611728816,0.22597706279195515,0.3210367025076211,0.3340525015270398,0.47065133253228303,0.5414068643653333,0.5715113632411217,0.0,0.4372505071916716,0.41588709629418946,0.5346336932056495,0.49657271896419236,0.1992602247487836,0.23079644423999995,0.47814507674909984,0.0,0.30707649323596375,0.26783099305759733,0.3159358986066167,0.0,0.44637277834970124,0.42838876647251267,0.2891654147695129,0.34274501193312557,0.42588215449358374,0.5084882748731254,0.0,0.42904552202394386,0.0,0.0,0.5076960335935704,0.47199260830035744,0.3233249068235783,0.0,0.0,0.4390207056844537,0.3998375652271472,0.3896490322252676,0.0,0.4526567351129631,0.4085099132111285
2016-10-31,0.44948100378397843,0.18985776221306286,0.0,0.4862716283694524,0.6152579568325578,0.18991155254970113,0.25569104212066956,0.49698782195641217,0.41331655972760817,0.30394067627980326,0.0,0.5418801516481447,0.4897791626581048,0.0,0.5048994836134818,0.4556072873328645,0.23887202017211717,0.4137736188294583,0.5514346753624728,0.34861013559828324,0.0,0.5157646728843127,0.6029629374079121,0.31378926212573893,0.36298726819435084,0.0,0.20181821971415925,0.0,0.45689994623686336,0.2371933251117083,0.24690125824186618,0.588077640599859,0.4707574194430033,0.4046397313233263,0.48776029277614946,0.2110194016699529,0.4808058728068151,0.3319062908508252,0.44771037757722987,0.0,0.45292470151169884,0.4473345925216833,0.41191574578947343,0.13062743790272008,0.5157059103803767,0.6101238152334497,0.5274803696028793,0.0,0.4503113743764914,0.0,0.43299816472731756,0.49954498980450834,0.38792951892136124,0.21162232195037153,0.0,0.5625394394554464,0.4692704298486066,0.4448932887710159,0.43376795226443676,0.6119331275194952,0.5008222324984486,0.436932009805521,0.26531597009493146,0.4893822497580874,0.48358517445434607,0.356085503702381,0.5405410638976766,0.0,0.4878934006609343,0.3588760587400729,0.36646889646059755,0.5079664360141669,0.4829394514363422,0.5409482493876565,0.36007696885548923,0.0,0.3122785451656873,0.0,0.4594801805079475,0.4051615176982876,0.5041855586642928,0.20607219380365593,0.4993062854784078,0.5300223049338249,0.46193433964554664,0.0,0.5300151907079192,0.22401068287857692,0.32336644285114396,0.34651299146567327,0.4992205237782862,0.5703727826772169,0.5670112325990884,0.0,0.4458593645146399,0.4294449534218054,0.5556493456441185,0.5034043680357068,0.19904442625704605,0.32276596366371413,0.4940475842340416,0.0,0.33644149086360187,0.39432637158673245,0.32083386188187796,0.0,0.44936677263168606,0.4448037415798254,0.2843059393752471,0.34493916780239564,0.4393451889177766,0.5002369904657752,0.0,0.4312299788402318,0.0,0.0,0.5002436759724281,0.4791441647002327,0.3122582671027328,0.0,0.0,0.42970752972240006,0.41291283976619403,0.37679731755060764,0.0,0.4535611286301833,0.41939033662338093
2016-11-30,0.4811442490869983,0.18592238508204434,0.0,0.4825364541090675,0.6023763397584659,0.2026646228288328,0.24188315258605353,0.523824915220555,0.43573461001191716,0.3687134819133075,0.0,0.5348154889613684,0.5143956422491882,0.0,0.5135580187128382,0.469392701139478,0.18132873237186317,0.4388730205196786,0.5873468016109843,0.351111445046614,0.0,0.5102842324590579,0.5910006662605733,0.36739156949799573,0.35434036956109954,0.0,0.22531346740068905,0.0,0.45484668053271843,0.23539993744035612,0.2584392083629011,0.584850123340487,0.49689241514922006,0.45401470761742113,0.4888930399749618,0.26815320873398873,0.4527796271446379,0.44794636438793517,0.457228948456493,0.0,0.4479740757470495,0.48060112216089174,0.4502451032672465,0.12705947604015128,0.5193595770500431,0.634587156708506,0.5326481014128649,0.0,0.4839912848229141,0.0,0.4591112577538178,0.5377510232107998,0.42217741885518456,0.20994758914094624,0.0,0.5863968506888354,0.467147796460379,0.43180855809792085,0.4347830604464831,0.6157873599367623,0.5180937060294122,0.4781934819554082,0.2716745668049576,0.48610806276399965,0.4757055122071884,0.35430427200945597,0.578546207542563,0.0,0.5050494154237593,0.3434064951254298,0.3676095105434878,0.5238898819284271,0.5274054640911984,0.5638919264523259,0.25136487826471093,0.0,0.4386700716450179,0.0,0.45220606590590373,0.40838484411270154,0.5476786962234724,0.20757869886089453,0.534368626281099,0.5566707885481436,0.5024784916476578,0.0,0.541443822865346,0.22178235092878987,0.3395231328860598,0.3561339781922915,0.5152641431816114,0.5669511601155676,0.561486082618487,0.0,0.4654684818098439,0.468979045336958,0.5455474604190629,0.5204941269273013,0.23882755807544953,0.31300600215776997,0.4914410520048502,0.0,0.333099646103755,0.4261815178203329,0.3424413267751176,0.0,0.4505204149751566,0.45949050018665544,0.2790886103375228,0.34404679415739087,0.4382179693259388,0.5211022310824864,0.0,0.4299640229060314,0.0,0.0,0.5389137909143001,0.47434203964471844,0.3012695019160129,0.0,0.3608726473726942,0.4114099329840595,0.4143280221654555,0.38320694618890133,0.0,0.4755675507889358,0.43576018807024913
2016-12-31,0.4660531363663497,0.18617708013186687,0.0,0.48506326339935163,0.5993244204891753,0.20447361362166752,0.23715652753621355,0.547692208500341,0.4346724479645165,0.37392082414935846,0.0,0.5276673497720308,0.510898584043002,0.0,0.48763235930127313,0.46205819196018716,0.1777959801449146,0.43653013637500904,0.5777944672356063,0.3013643326380494,0.0,0.5152824270825783,0.5921415237589888,0.3611727687386197,0.39968518836992367,0.0,0.21352349848297913,0.0,0.45684207529624776,0.23440297542385824,0.25553045449201645,0.5820738127214057,0.39464103608586515,0.452330578522112,0.4909554620443657,0.26177036827761807,0.437373332269612,0.4417568196038638,0.45439520286402196,0.0,0.44377016019489407,0.48366820882796324,0.4501996870349289,0.1496104342139532,0.5233056197545537,0.6361892672623144,0.532559791989621,0.0,0.4837025554668659,0.0,0.45292131922756307,0.5181531608998732,0.41763864566986025,0.2085806620448727,0.0,0.5897959366634689,0.49149135530488647,0.43262720789475195,0.46430022442930086,0.6135315586601391,0.5193054575730379,0.4793483348545927,0.26849987546014026,0.48799997022185093,0.4621416151469404,0.3612435699956888,0.5685198426540197,0.0,0.5048851008692167,0.3351218901784651,0.37083607345392744,0.5108271163256121,0.5090096603605332,0.5590210146726468,0.23905783881977713,0.0,0.4397223775592516,0.0,0.43954372478177156,0.4121936136183211,0.543981759001899,0.31766045364813816,0.5310873928423359,0.5798547041601505,0.4952029954908564,0.0,0.5398071997391277,0.19947472089462,0.3401159135872135,0.3667037813805866,0.510856260693562,0.5518735646917282,0.559803379459641,0.0,0.4580083932487187,0.4683233363021569,0.5684069896456343,0.5110145152757168,0.23916695968367854,0.3114489101935594,0.4864446629649501,0.0,0.3108347725678833,0.3734232191596849,0.3402137687271712,0.0,0.477649968961945,0.446852314921845,0.2755935472662735,0.3503622715355687,0.43510995557036386,0.5363662940094003,0.0,0.4380995591267199,0.0,0.0,0.5335788320002519,0.47467980255778025,0.28955216703775893,0.0,0.17087948737168293,0.4042621974465764,0.41746014651843777,0.3674076084241564,0.0,0.5032466600316385,0.4321247325545962
2017-01-31,0.46103240547287844,0.2879288517642516,0.0,0.4925585840859574,0.6011787553910525,0.20609132613823936,0.2382844327750867,0.546575010821721,0.4342464519059666,0.3823663219536694,0.0,0.5206798054901107,0.5088043071021529,0.0,0.48563602128200273,0.4617419647991914,0.24407484756111725,0.43508133531825033,0.5621784801179789,0.3016616621652266,0.0,0.5144490663972836,0.5959733489717426,0.337076034558482,0.38076498819499016,0.0,0.20983252757661358,0.0,0.4611174354989489,0.23395851867159506,0.2537092848504447,0.5792349626933323,0.3913314153918016,0.4512196931613391,0.4173636851272457,0.2461162349142648,0.4295203436540726,0.431185870920879,0.446190883492882,0.0,0.4407884758019025,0.48818380032152586,0.4508959242894022,0.16413636993733283,0.5246809469145767,0.6417869995436905,0.533720391037313,0.0,0.4845316111061751,0.0,0.45376043856185155,0.5162226122587875,0.4163182246158657,0.2077072085372369,0.0,0.5975825367846915,0.5011098898742705,0.4345636346945763,0.46645179845926465,0.6129104239179513,0.5233609992743777,0.48093743774573494,0.26304873884728325,0.49182804252845863,0.4561199520397116,0.4102824274382001,0.5626972123080878,0.0,0.5040061122935895,0.33435851912098524,0.3744206465028768,0.5034525711428655,0.5012647350816221,0.5582505478360951,0.3392137623290034,0.0,0.42066520515778427,0.0,0.44309752847235856,0.4164272181844654,0.5392203605567352,0.32648164905822313,0.5303197670546483,0.5827272852427575,0.4872486973229012,0.0,0.5404710267422892,0.2010567158235318,0.3352451676686638,0.37001930322589016,0.5064873425540314,0.5549354642229364,0.5578034832882678,0.0,0.45649405183584546,0.4710467473141694,0.5687304002086709,0.5075395288774907,0.24151179498887582,0.3083866053738526,0.4859144339425112,0.0,0.3108012340218504,0.3645153972985166,0.34558179512634435,0.0,0.47960893796241005,0.44689529351187457,0.27337076973389285,0.35981629423261874,0.432555501500014,0.5287171436172374,0.0,0.45001416850768267,0.0,0.0,0.530267522241234,0.4758959131948348,0.2880222102292507,0.0,0.17356909143863697,0.3963893744318548,0.4218575991533585,0.3639754432584032,0.0,0.50432013397379,0.4332799214918013
2017-02-28,0.4563207512140994,0.28695326029284174,0.0,0.49339254368907687,0.5993600907758154,0.20740027482600437,0.2379161768584994,0.5450363440264914,0.43355358463228405,0.3887825967649617,0.0,0.5143866500002844,0.5062732508652383,0.0,0.48330231650634553,0.45983513958547706,0.22565727461317006,0.43302819241228124,0.5590884571203736,0.2891670151494506,0.0,0.5131920977839641,0.5963732330617421,0.28984503053823996,0.36873042455095484,0.0,0.20716291465389022,0.0,0.46282174429153544,0.23323227250128015,0.25259715543550043,0.5748078979312434,0.3868724233028691,0.45015291873396596,0.41839936978178444,0.2335239759514491,0.4242601554676356,0.41701378998096594,0.43931389831628287,0.0,0.4385586513304032,0.4921403658692539,0.4513549965306756,0.27240664954892707,0.5253654332250886,0.6419167071562687,0.5344245863788658,0.0,0.4850509860994215,0.0,0.452831957974614,0.5139126390757295,0.4138556873853356,0.20684518660204657,0.0,0.5999907197332409,0.5051779452699982,0.43581856433925537,0.46657945556451413,0.6097058564910542,0.5259380606329589,0.48094258775715154,0.2594882850747371,0.49462511243775376,0.45111412853694677,0.40857435400074565,0.5563117141546655,0.0,0.5025118571072891,0.3311080716468504,0.37746991950013326,0.4970353732105016,0.4947650209705191,0.5569316218860422,0.3122720057978542,0.0,0.39945518957241305,0.0,0.4444860804578184,0.42024032953256657,0.5332818824796758,0.3238111934963492,0.5295147352729388,0.5843793702519195,0.4746734009485714,0.0,0.5402046024253974,0.19989457730632418,0.3148710597874148,0.37128680217769844,0.5022019160689424,0.5550908969128827,0.5533305558257542,0.0,0.45473316092146865,0.47267979083228906,0.5685301833368132,0.5041167374956463,0.2207139464970018,0.3051588502787994,0.48441108651567955,0.0,0.3109617663166645,0.3459795117274058,0.35024185139452485,0.0,0.48098431548538106,0.44712978968628425,0.27088317308379883,0.36416730288694804,0.4299359329733105,0.5226117674211579,0.0,0.45599830049009843,0.0,0.0,0.5259611556316287,0.47761378040207986,0.28186807690132143,0.0,0.1781518796869041,0.38959601162699503,0.42607945477110865,0.3627970558975506,0.0,0.5053923960570367,0.4345495580145713
2017-03-31,0.4506259640637761,0.28127161773203435,0.0,0.48174531236357904,0.588468439593927,0.20954968584293907,0.23289482637549982,0.5421788659001967,0.43198627958464486,0.39367411079180964,0.0,0.5071319329593079,0.5015058141249812,0.0,0.4794741697792608,0.4552978329464491,0.22428892268704437,0.42884306325781285,0.5550407090964851,0.28860120926509797,0.0,0.5106940931517111,0.5899333021832703,0.26233673444874217,0.3478702342121505,0.0,0.203631512289551,0.0,0.45983636707734304,0.23159629891753983,0.25071136627482893,0.5664027218256296,0.4064982812927883,0.4485790255876133,0.41872186458921784,0.24119064120958397,0.41729930055885095,0.4019380531463392,0.4314650303410145,0.0,0.4353110108390653,0.495402698243499,0.45108545012974827,0.31300848396628095,0.524643436948614,0.6306547452528632,0.5343523469256378,0.0,0.4841532343802853,0.0,0.45019862180240644,0.5102069517393013,0.4067493949490246,0.20544003801565394,0.0,0.5919970578691455,0.49887838112437666,0.43561436710839646,0.4628263758277729,0.6001844045708697,0.5263004813724548,0.47821121257657656,0.25704908848016267,0.49333620705621656,0.44557225376825244,0.40478050451267245,0.5461362825726159,0.0,0.5005303129970575,0.32249552030658835,0.3804137170192131,0.4898133682970245,0.4878804463434834,0.5543841987819711,0.3031481135834412,0.0,0.38442843342235256,0.0,0.4417444178240146,0.4242428702815517,0.5244191253808861,0.3208244124282583,0.5281043693478897,0.5838805243859007,0.4546547395875721,0.0,0.5375961804743975,0.19776162476719192,0.31815139753989863,0.3690395964296807,0.49675390018240484,0.549456474548535,0.5439059917627996,0.0,0.45161993965854547,0.4724987473146406,0.5670445044345115,0.4996202886148225,0.22761724308083087,0.30947930940139673,0.48050170576593954,0.0,0.3109244392190973,0.32755389859804135,0.3550062213114973,0.0,0.48116527637619766,0.4469010844632912,0.2664869250186528,0.3607389311146883,0.42605487025416044,0.515385015995362,0.0,0.45348160071692156,0.0,0.0,0.5180136135434619,0.4711984035924467,0.27594497084622405,0.0,0.17827701921248665,0.3833015664625371,0.4303559978686821,0.36127051403008054,0.0,0.5059152988576788,0.4379254983184146
2017-04-30,0.4416340735355082,0.27812271662500415,0.0,0.5004492662305144,0.5810835186062031,0.21233340101219095,0.22979509535652537,0.5490373580515245,0.43129706182631905,0.39804843115999866,0.0,0.521102891383019,0.49845785172284013,0.0,0.48479571710475444,0.48214684554508885,0.24993729518101632,0.4259668860967794,0.5625850017752227,0.28864621275200886,0.0,0.5106275610350355,0.586095319383964,0.24098940439356537,0.313913222279255,0.0,0.19984666433081555,0.0,0.4715961085409916,0.2306586876971136,0.2555349184585661,0.5508806097599512,0.43069044660212613,0.44770907763420326,0.4195128853264679,0.2487421434599549,0.4146301429268278,0.39220069439329536,0.42613456588896176,0.0,0.4333644416477359,0.5102223760020703,0.45127630508241,0.3043669885721886,0.5291672218725588,0.6231870025937685,0.5378442015794892,0.0,0.4834352754523985,0.0,0.4486006911554494,0.5206448216440738,0.44642505617769035,0.1227193273181611,0.0,0.5877247837299681,0.4973432319941832,0.4361904894313465,0.4604899627584062,0.5927370671680157,0.5267781575725197,0.4763108187573858,0.26720965329214164,0.49348789244197827,0.4416865920160326,0.4029906759708217,0.5380095684476986,0.0,0.49923243015041924,0.35027378826870104,0.39738287118371635,0.4845111332400143,0.4829741310625929,0.5403318560500112,0.3005254424339818,0.0,0.43117359887691914,0.0,0.4411132543785028,0.4334998851270774,0.5167890020683357,0.3123764883079867,0.5265925682848196,0.5840930847518547,0.4198971659113534,0.0,0.5413528612270379,0.19645714758687963,0.32266212680021916,0.3687164997592145,0.5162688370494625,0.5742860894647632,0.526842673453548,0.0,0.44934853969881533,0.48843148864744784,0.5567851472426352,0.481866830332916,0.23436269860187675,0.3140954564849032,0.4514874948965662,0.3529569842395747,0.311893744593763,0.4160107406324726,0.35934234273082877,0.0,0.4819952266332555,0.43523705819638403,0.26369955948911944,0.36002293561302595,0.42337194927272237,0.4978372466844965,0.0,0.4521775028109156,0.0,0.0,0.5417589467688012,0.4674898173900156,0.27214073405262,0.0,0.2253758406598769,0.3802162907353966,0.43436414020672864,0.36027620907757696,0.0,0.5067545129431028,0.443933254213529
2017-05-31,0.43784694931863366,0.27990529379101414,0.0,0.5034453188840925,0.5831420328587572,0.21740835975736808,0.22729087410161086,0.5472084000727113,0.431576894288501,0.4043021678949015,0.0,0.5144357230284712,0.49729201205970003,0.0,0.4850037831918006,0.47899302334462424,0.2516184753270459,0.42433788165007774,0.5773744810945414,0.28930325109447225,0.0,0.5094432348210026,0.5875595694208471,0.2243541413334957,0.28824210571274,0.10068048276968508,0.19640939766876805,0.0,0.47149518100121873,0.23054349840065175,0.25414815558935483,0.5436066115198215,0.42744789652593207,0.4475366098808544,0.42120515805680137,0.25893248331246155,0.41661819476868567,0.38679192376618066,0.4226329915326273,0.0,0.4333388762617809,0.5153963044491884,0.45247055231488476,0.29293863593818387,0.5299234415624275,0.6238278436572545,0.5385402983936598,0.0,0.4837427109202563,0.0,0.4482166734292152,0.5182145210220923,0.44440541494096547,0.12654209068833502,0.0,0.5928447365360979,0.5043259700290863,0.43839228149065157,0.460906397886258,0.5884091157174992,0.5277627643757492,0.47586881314677376,0.2665054873895315,0.4969657636815501,0.4386502755538973,0.40934334455024646,0.5312836221384865,0.0,0.4984961099721264,0.34474214207298326,0.4007020442466947,0.4799562190453527,0.47868191333931853,0.5378497636304838,0.3011936081911249,0.0,0.4292279888162109,0.0,0.443969544024475,0.43774929366342225,0.5088176772385291,0.3094929007407302,0.5252316622800133,0.5712532727616434,0.4097674622427346,0.0,0.5408831456148703,0.19593628508289754,0.3310195492068279,0.3714896923864506,0.5115060101645841,0.5760760827587855,0.5185309862785303,0.0,0.4409204928701838,0.48993411315347424,0.5561799756698471,0.47821163544813183,0.24339448540610656,0.3210055107845397,0.4497818941145544,0.3363193928511586,0.3140527391911167,0.40096706295100026,0.38263279007126094,0.0,0.48442902107567487,0.4369971747073215,0.2624020303049404,0.36679317490395086,0.42152782516353315,0.4931441622998526,0.0,0.4591822270745199,0.0,0.0,0.5374501825063394,0.4695360900121549,0.2691879206926295,0.0,0.2257214430176134,0.37980333263402716,0.43988294806344397,0.3610699718247538,0.0,0.5088227906534251,0.4459375571809806
2017-06-30,0.44766493587113987,0.29131984178526743,0.0,0.48524676407200096,0.6416987154690208,0.2221293726458241,0.22770339598222097,0.5646868674875896,0.4315942497217502,0.40924696094375385,0.18233249317191957,0.5087621022671492,0.5088864548137705,0.0,0.501714886531091,0.4613168471804064,0.34214466506123464,0.3848015353954717,0.5653904935198177,0.2882692523936046,0.0,0.5303303154135812,0.5826328984194794,0.20541555563673827,0.286844327610857,0.385901042584291,0.18588288641433898,0.0,0.46947634816869227,0.24248876236727004,0.27598659630916744,0.49246823760565267,0.43384417769598593,0.44735502181946474,0.4224850491459342,0.2983267107565808,0.472156989623588,0.4260930352089851,0.42739706315083076,0.0,0.4301613165529879,0.5294392617087355,0.4581692501787158,0.3131504181823829,0.5330760639868217,0.6194642291990301,0.5443032975019645,0.0,0.4662106384949564,0.0,0.44739981073120416,0.5585113362244857,0.4212930925860708,0.21291946643487497,0.0,0.6231307387813441,0.5071092622534306,0.45125243259690057,0.4598165675420538,0.562204393625856,0.5270088661895478,0.47433171934887414,0.2980547191994945,0.499756825825359,0.45501464625039395,0.4115735436170385,0.5245276455640698,0.0,0.4978693727447735,0.35359177959876603,0.3782005451991695,0.4659868678198078,0.47527507855766493,0.49076237839240305,0.30741747873321934,0.0,0.416034945714911,0.0,0.4149550292812932,0.4053432673085584,0.5010654182955366,0.30135366108839046,0.4167215912610408,0.5788548734731844,0.4637092091403961,0.0,0.5434499961023705,0.19920778175369291,0.36453562509324083,0.4182718822844181,0.5402938362077006,0.5735641296820199,0.46430489179582085,0.0,0.4363884032619756,0.4905885762579115,0.5889496686547554,0.43717039304173,0.2752416801472128,0.3282590928942392,0.46208381445885593,0.3237633353764596,0.3318341859889526,0.40699773980592274,0.38387220609404404,0.0,0.4863100650385921,0.39579456895711546,0.2607417209290341,0.5439192589085433,0.4537843939385218,0.4908141966036304,0.0,0.46119061978635156,0.24495704211330557,0.09343335117479203,0.5325610768191488,0.4966914978046974,0.2655049439534754,0.2582018840602359,0.2960837275153359,0.3846935197347177,0.4172709835205903,0.3828074051828344,0.0,0.5086835917208787,0.45333903536254344
2017-07-31,0.4399516577265886,0.42892207106489955,0.0,0.48738890327731993,0.6398716864920705,0.2270740443358011,0.20883711041025732,0.5705295379214368,0.4320336279288805,0.4139170930796892,0.19403405752835864,0.5030003806098484,0.5063839769195738,0.0,0.5051774437314767,0.4583534676095466,0.2991996841101282,0.38299778182912714,0.564946549889369,0.2892900480313314,0.0,0.5293161738741932,0.5870980963243835,0.2117455492606037,0.2767667872940697,0.38731567544926226,0.2718763347373878,0.0,0.4683031637632584,0.21694203862749095,0.27247758914417725,0.4845146022477811,0.43064501366180546,0.4475678172404231,0.42392645252319533,0.30563524774144446,0.4715518130742371,0.4242990014882754,0.42448795684523954,0.0,0.43102150757069124,0.534419749113428,0.46376052528277345,0.33492774475350373,0.5363921108235034,0.6164206424612929,0.5453357046896062,0.0,0.49515299473339586,0.0,0.447013273478234,0.5632437099638214,0.41957581586360465,0.24009696144704437,0.0,0.653049785711733,0.5110667493836696,0.4524830540728584,0.45935462627638124,0.5579307979940453,0.525954069860024,0.47223874922703174,0.3135190974970458,0.5026034822918919,0.4525394264093315,0.48395988389761313,0.5188149204338318,0.0,0.49766888083701577,0.3479918381834646,0.3777154646455027,0.46344156013593124,0.47288186206523913,0.48847104635075067,0.231799351246057,0.0,0.4190731934803721,0.0,0.4578451217360804,0.40893786358458495,0.4931348758865185,0.3247200850230608,0.41527047334585604,0.6090080063322774,0.44935767256963705,0.0,0.5462974535519953,0.19596295655841506,0.3943925854866702,0.4432563095220292,0.5416666011060383,0.5631439555370326,0.454942667689375,0.0,0.43644445295168866,0.48955866501451945,0.5909626446546786,0.43324337661924384,0.28461545105410907,0.340956781344665,0.4698326269041252,0.3543489840701699,0.34011712409840605,0.45853934838639415,0.37365417340159157,0.0,0.4884067715687745,0.4042906041854054,0.2918881773781888,0.5472610636459355,0.46544118677649576,0.5066647386501368,0.0,0.464060965754876,0.2053955281971176,0.09600699688487814,0.5271102447641453,0.5272839946049256,0.2638253772675793,0.2644405577968055,0.23638742311505967,0.38487734002330093,0.41883019438903185,0.3826714869076287,0.0,0.5101739863957759,0.4570733264668332
2017-08-31,0.48742730461203687,0.4468111012959528,0.0,0.49639465293222995,0.6294382551654879,0.21814753457863084,0.20537500975603834,0.5704133402802957,0.4317445983520267,0.41653114900314425,0.20780385324076656,0.49837660684665197,0.5003766649831465,0.0,0.5237801196283713,0.4843454084679536,0.38739035143389644,0.3797649611364668,0.6070908898267942,0.2902915075998337,0.0,0.5326898437311051,0.5920431000353904,0.2791487369799514,0.26329111367719615,0.38771273200579137,0.26986910734501734,0.0,0.4628740868324333,0.2226089935372347,0.2765643241158542,0.4753013032748739,0.4239060291856023,0.4473825345452201,0.4247610191094675,0.38695763357031093,0.5373427860040657,0.4407773383799726,0.44138227535297675,0.0,0.4311038189811354,0.5192928003278463,0.4578153290838821,0.33582458411551885,0.5566981879545633,0.5917800818644118,0.5583907436035563,0.0,0.4964381259436037,0.0,0.445348631286676,0.558364010110371,0.41225359228975844,0.3680899649685247,0.0,0.6565117699527748,0.506640671906791,0.44530340614321845,0.4858990734331935,0.5491090895561023,0.5241182785699895,0.4687086900217896,0.3265967834459032,0.543210438135559,0.46110995656247183,0.4693528395137402,0.5108917409386585,0.0,0.49717571417135126,0.3711938324752767,0.39330860728684996,0.4912224064863709,0.4812771341261799,0.5238913279965877,0.24914800601299505,0.0,0.4170007055131008,0.0,0.40463773599654373,0.4040970513445131,0.48597938754972014,0.45928516587417473,0.41242570026922487,0.6292105008677176,0.4968252875727049,0.30368679717350827,0.5667267988313294,0.19998275620178202,0.39085136301776996,0.5015166124927809,0.5415941479324399,0.5517626357239787,0.4455176279129772,0.0,0.45899606776221696,0.48474190614393053,0.6014881657283021,0.4587910808556861,0.29507465418065776,0.3981948055262793,0.4668538388075733,0.45427533514751645,0.3589126236885936,0.4835349797560116,0.39245543394753735,0.0,0.4893103091753152,0.4114141845551941,0.2900977107374767,0.5427377295406212,0.49476031196328674,0.5156455239832959,0.0,0.4572038269371713,0.3331645695927869,0.22868209973233683,0.5565781049522782,0.5772082308691768,0.2730636242225393,0.4221503505148575,0.2687067215060827,0.42123126386649196,0.4753529495245294,0.37806337169796955,0.0,0.5117250962961655,0.4449937479675419
2017-09-30,0.4905210450747808,0.4465312194748561,0.0,0.4976266108200073,0.6276026742741905,0.2206789359578708,0.2177101600105231,0.5718046067126344,0.43246593532843647,0.4203998173918662,0.22273513715518706,0.4954053411812832,0.4992900915212445,0.0,0.5243056336085681,0.4823389963252328,0.3739180632525662,0.3785901448055218,0.6074509772181717,0.2921325503158458,0.0,0.5414172385682262,0.5797929375371946,0.26408094616007083,0.2566403676993892,0.4038732262680061,0.2684327848658226,0.0,0.461759286250001,0.22179838728534773,0.2739679743332514,0.46331664454196275,0.5311688764979152,0.447893159916664,0.4264448390918094,0.3714894555978833,0.5548493784191121,0.43367108374764096,0.4361661509825468,0.2898168758238592,0.43235989964528637,0.5290724670636673,0.46692323199100355,0.3675875885017597,0.5568851172745954,0.5878859404971298,0.5596539226235656,0.0,0.49852847253949173,0.0,0.4303696718553293,0.5439193256538666,0.411124274655742,0.3787427867740998,0.0,0.6572320973525566,0.5100239263482155,0.4695090650013116,0.49114791219901366,0.5452836502392423,0.5225819853963933,0.46740857672129515,0.32530709727106166,0.546477598177188,0.4532666706572216,0.46248074746886403,0.5061806783731848,0.0,0.4973476143520318,0.36432328171478856,0.4115665492307169,0.4823325417909926,0.46981350630096974,0.5119676235625004,0.2349487368029368,0.0,0.41390146877853,0.0,0.4065243331219724,0.4303013573320034,0.48144324737158795,0.44766300309418133,0.4106516397843162,0.6234780361620275,0.4908805563579601,0.3247885702172265,0.5728998477124354,0.19938266878863786,0.3917901751976128,0.4835980900542133,0.537912140944519,0.568791625379363,0.4289835684699179,0.0,0.4623232974639513,0.49452478712148923,0.5811939207643129,0.44464119967173893,0.30465792796006264,0.3939131107777111,0.46578588994829334,0.4287037270703057,0.3593283898812147,0.47961744877992807,0.3955751826471065,0.0,0.4913417715385394,0.4120086104115853,0.2901283338202981,0.5455000157567012,0.4993013289543794,0.5077395719468479,0.0,0.45943148086751084,0.323055961719907,0.2272896426310166,0.5512770972989477,0.5608099633027457,0.27216098542290335,0.33900592254698503,0.28895654167892504,0.43790510361919077,0.460003244508838,0.40397650026365284,0.0,0.5138107696491458,0.47613096238045904
2017-10-31,0.4865632419992558,0.44614810945865674,0.0,0.4992269381188484,0.6265582322408662,0.22357454990671977,0.21624018070046633,0.5701052640187226,0.4333920999590984,0.42435587248597767,0.23633881473067384,0.4931144478434145,0.49856099677966054,0.0,0.523363004991874,0.479470948169683,0.3641334354311657,0.3776706202033442,0.6067484293363096,0.2940521368408436,0.0,0.5402785926403061,0.5787473337828335,0.2536413182051864,0.2534326021745403,0.38386643178160496,0.2674622963103236,0.0,0.4608711255653106,0.22122439321865697,0.27212276532198243,0.4567448869880022,0.5145355617698062,0.4486500156336187,0.42814522468867283,0.3693749928913447,0.5514438593499201,0.42912794481613453,0.43212796925840746,0.41133422824956833,0.4339092751010776,0.531849392213817,0.467732839620049,0.3924530050343505,0.5564952141076096,0.584192785366494,0.560064169793573,0.0,0.5009691342862758,0.06437926243507758,0.4305259009940411,0.5419591015877625,0.4105003562043141,0.35960932035990956,0.0,0.6582097142073546,0.5137091364131948,0.4709176005312873,0.5007385361278371,0.5419121758062236,0.5195448757513725,0.466144242227304,0.3283865364042921,0.5539709189292935,0.4520992447737716,0.45729242737577913,0.5020597162434083,0.0,0.4978006315245959,0.38159471619888874,0.41346545052599154,0.4804304845741042,0.46866295479555053,0.5099661656695711,0.22891284702180506,0.0,0.4080702318697166,0.0,0.408634944066864,0.4334897695987929,0.47757877863124176,0.439902900835936,0.4091559765772491,0.6244985697176677,0.4882850072337967,0.33153554992815065,0.5727524259104312,0.19900021349912816,0.39446644119228125,0.47305694609872284,0.5339820179636143,0.5688637078399286,0.4231433751709341,0.0,0.4630679758301373,0.49491709323012134,0.5812758547295098,0.4419939227362986,0.3148688019828506,0.39315033921923176,0.46474910816288234,0.4174415236874965,0.36017303204014134,0.4795981915458113,0.39898709615639677,0.0,0.49355474574714875,0.4129721655147306,0.2903836113123443,0.5371109644094911,0.4970112672692482,0.5002476033322022,0.0,0.4236458606363019,0.3037519695726942,0.2092257580324086,0.546793281439571,0.5583014355870085,0.27006023989007166,0.3160131467008497,0.28746062105591647,0.43207920718334,0.46082111244070334,0.40680128535067855,0.0,0.5160813903118159,0.4795290390100006
2017-11-30,0.4832227180904294,0.4472409899012433,0.0,0.5042174187964541,0.6288641476235738,0.22690538043803804,0.2160520623128766,0.5684163819497583,0.4346233854988845,0.42860872049903304,0.24966493985577928,0.4916462553792958,0.49866963720958213,0.0,0.5224875328382312,0.4761327511954069,0.35583713160957453,0.3774862355855377,0.6062139657539422,0.29625941266003925,0.0,0.5394709204226364,0.5797575850110281,0.2472204452003486,0.25111744535681607,0.3327535156159528,0.2672093578264626,0.0,0.4614126547852047,0.2210622947479266,0.27110794205767996,0.45078901517465336,0.5144071034214179,0.4496401210747556,0.430010219205745,0.3700121455510179,0.5509679581657719,0.42757517814392476,0.42965360453102086,0.3488239255426007,0.4359419515805403,0.5357665473622303,0.46880106443897446,0.3807509775868387,0.5568601272442296,0.5845087183664021,0.560700284789129,0.0,0.5038808799988127,0.048176033241316675,0.4311317303657823,0.540144748043278,0.4372933350850481,0.3494358197766695,0.0,0.6614666974449581,0.5199461434087205,0.47310037505334496,0.5015211914888159,0.5404145052685868,0.5170989287767914,0.4648255198740672,0.33292848062198505,0.5627633682354061,0.4516615937570995,0.45556550718715055,0.49931874376870866,0.0,0.49849875659775605,0.37591681647877384,0.41568136056035404,0.47921463283104465,0.46802511914152584,0.5083299533506601,0.22868309393987954,0.0,0.4013989035515929,0.0,0.41204873253725804,0.4366850644278415,0.47482475444759115,0.4393264779622778,0.40805802159233356,0.6262935639743534,0.4860906563773052,0.3331389637323768,0.5732672284020844,0.19900892925235963,0.3991156542317572,0.4705364214096255,0.5300720014417342,0.5704836416956603,0.4186449020448646,0.0,0.46362454588490964,0.4957918359321092,0.581679987643602,0.4397943646345616,0.32506514067186726,0.3944597576110102,0.4642533241217138,0.41055861501206903,0.3616035214876562,0.48340579991334237,0.40255882170220003,0.0,0.4961426248073112,0.41432977287585804,0.29127737390727515,0.5422387159667975,0.4948168790277753,0.49423923681266274,0.0,0.4350068916863938,0.25234364462167624,0.1446237483301435,0.5441272493297019,0.5594341852764602,0.2697716778687616,0.32078560305399056,0.2749844933761724,0.4283566966261188,0.46279095989560104,0.41045667498126687,0.0,0.5165794192431962,0.48045863144287454
2017-12-31,0.47968688478056387,0.4408982653746022,0.0,0.4973652792097683,0.6213041431794107,0.22868747423794833,0.21449021755966918,0.582956894000788,0.4349817360758776,0.4306660021099608,0.25560368462628563,0.49031670657372356,0.4970116888726518,0.0,0.5315693561142043,0.47105330179355964,0.37560448388068374,0.3759597216187883,0.584469728381553,0.2981345741505764,0.0,0.5496596397133944,0.5906092585358824,0.22019195404203698,0.252041331326421,0.3285410189463208,0.2663570647829509,0.0,0.45786801885729744,0.22821629541603128,0.2827960732290283,0.427623349023321,0.5096754047268991,0.45012745265107346,0.4310458216645871,0.37044054185351794,0.5580254204322778,0.4252332121383818,0.4268714859557002,0.3277359411614629,0.4366906057480647,0.5405729815454731,0.4797336534565111,0.4173002494570279,0.5555460535948844,0.572286094575369,0.5645287390242514,0.0,0.5052622129795159,0.05167693809812662,0.43064887679363706,0.5720099580205847,0.43246906992730405,0.44027214849252255,0.0,0.656235302886504,0.5171514350663148,0.4729854808683512,0.4994029326217203,0.5348182405901131,0.513910140214561,0.46093386117250673,0.356997514395542,0.5739377885111289,0.4511476664423995,0.4475569867827535,0.49502343622558026,0.0,0.49884030040764443,0.4137664493320954,0.42841567581492107,0.4604368050082989,0.46744904475700305,0.5065908526138302,0.3134483431208159,0.0,0.488083814753411,0.0,0.410817514041388,0.4227756408363424,0.4720757135082515,0.4632968801940384,0.40675964688821864,0.6121677626494261,0.4955674412618978,0.2772129568882352,0.5875209564342788,0.19821018294030449,0.4108620629718004,0.47898724672241366,0.5526778532095068,0.5657515780073855,0.414157906578013,0.0,0.44562592838984166,0.49508914989138525,0.5850051022978227,0.4578124817843311,0.33422616794857857,0.3945049876674202,0.4695231727428637,0.4088725602143889,0.36212831959186886,0.4827933932815084,0.40534931422236653,0.0,0.4971773111072931,0.44442101110942933,0.20523391757636436,0.5383767288482049,0.5199049541950775,0.4884827160769717,0.0,0.5211024970977071,0.22253959714870225,0.11467608074598651,0.5594164416732724,0.5518229575458027,0.2759853777580187,0.3209096509467102,0.3481474849672239,0.4495299051512882,0.4831340231397437,0.3939584282765106,0.0,0.5156548595200324,0.4615857381162102
2018-01-31,0.477415096111961,0.4425503794376675,0.0,0.5064810047841557,0.6276003064744385,0.2329040411921884,0.2145519109622272,0.5814368061127472,0.4368296773926174,0.4353219673170322,0.26831836406343257,0.4901744531422554,0.498305404082327,0.0,0.5310173002463323,0.4668391414881921,0.37146197958249894,0.37701183748409695,0.6108902322778679,0.30116260474304746,0.0,0.5494420606294664,0.5939901612582981,0.2181198033588634,0.25188862121999617,0.30322538318260744,0.26675306591838704,0.0,0.46019991592470716,0.22844805048205688,0.2813123840037725,0.4238809758305834,0.5102544259237883,0.45162819783909514,0.43341852293666705,0.374108375375521,0.5622062690459457,0.42727606383562194,0.42651359421657525,0.3250035559204059,0.43931115213857563,0.5455587062006781,0.48069237084009353,0.471210000364632,0.5565711709475534,0.5774067615380272,0.5652508574765903,0.0,0.508647148083319,0.056645123585908654,0.4320833867428604,0.5709563496750603,0.4336848537055977,0.4304229324194077,0.0,0.6622860886458691,0.5260997998403584,0.4760725471352887,0.5013312647792012,0.5357414350503452,0.5056302636551627,0.46018954958958763,0.3576178299600736,0.5846979582228111,0.45186025363545773,0.4500282703222657,0.49421971600464176,0.0,0.5000477965784377,0.40879926338428596,0.42183472913879894,0.4602964332172344,0.467742490035036,0.5056126396648757,0.3143228369021622,0.0,0.4920264072198378,0.0,0.4156188784730165,0.41509715591827917,0.47125427405206,0.4629464729241544,0.4064966718652491,0.6145086110358758,0.49472717487052936,0.26236825842349065,0.5887567202917212,0.19891258574467705,0.4163404255580539,0.4830158208057349,0.5490516218972373,0.5687515815104518,0.4121454548072898,0.0,0.4458982397235083,0.4967384520010666,0.5858279760512146,0.4560883390998548,0.33920230303924753,0.3965797353356773,0.4699966937477904,0.40786866481724315,0.3644619058051928,0.4822800514481852,0.40929725175683357,0.0,0.5003544115035325,0.44894323526583496,0.24970522430659783,0.5462096091908013,0.5181499552433864,0.48542893775655555,0.0,0.5496616829202908,0.21780386183596218,0.11243813326355385,0.5564009131256817,0.5565733702140666,0.2764187369643649,0.33036404173637124,0.32713841743843697,0.44180875550813253,0.48361069554133557,0.3976673683340958,0.0,0.5159101489697739,0.4937463471110765
2018-02-28,0.5302272859065251,0.4100118869957948,0.0,0.44754235365273565,0.5612233443112852,0.30653060949828204,0.1655672663702016,0.6594281598747611,0.4348254421968153,0.43131213380258404,0.31610388324996824,0.48094925695722035,0.41359359394405276,0.0,0.5712671434139536,0.4876229418678761,0.44291984017600633,0.37268439013495736,0.6314486609136576,0.36206554410754216,0.0,0.5544183292793224,0.5720661140586187,0.14240618878573505,0.32326191715850905,0.2932118438099538,0.26506188888858984,0.0,0.4481206225802216,0.2795394546618641,0.284547271805261,0.41940021596352234,0.5250064894068499,0.467968303972447,0.4367213125248129,0.36272085579404567,0.5896271772687004,0.3630715857904925,0.43402425651046883,0.48286924159583333,0.3294734586392569,0.5416503135522682,0.5520655408391888,0.43719467393453404,0.5986261166871258,0.5870579380524926,0.5761496582997182,0.08362837868626499,0.5080772398123583,0.11281349192680777,0.48117843447617353,0.6385135821371077,0.419970151310613,0.4640166648678543,0.0,0.6066282153214524,0.5063092808140363,0.5547522264848715,0.5732137611155275,0.5723918751859461,0.5036370854963267,0.38503007142413587,0.3536115632559526,0.565309103037559,0.4546469077536967,0.36882660420280383,0.4876629775775727,0.4295691076924051,0.5298330972487629,0.4347098365792427,0.4941007340124208,0.5360085755095942,0.4077668748494168,0.5741684026007631,0.4487632502516518,0.0,0.47487610557554694,0.0,0.432720814372772,0.4653083419938558,0.49873304659484285,0.4474785411058475,0.4905486007327117,0.6063202838454829,0.4764987514140319,0.3920511094627266,0.6428105562116959,0.1942303771681548,0.42834479202659886,0.4554752219606844,0.5364930797861928,0.5682756752764262,0.5217775452927941,0.0,0.5573858300754726,0.5377126846232707,0.5813416439281891,0.5113024491512616,0.34827668042647986,0.41003636842005015,0.48559562540822127,0.3849455148075138,0.38718779440918694,0.5395224053804208,0.4041111145254049,0.0,0.49450821991400185,0.4944666196326111,0.2345233522096268,0.4963144547001142,0.5702162942564817,0.48130715692770043,0.0,0.4897775819063031,0.3056524369611545,0.24611887214484957,0.592399057878179,0.5111293638121963,0.26294281044579637,0.5028309202673844,0.3846885801955132,0.4297044034991796,0.4793651589804858,0.44483095799511696,0.0,0.5092682109739285,0.5444911675929143
2018-03-31,0.5527928631596137,0.40121142113533836,0.29433599487002754,0.4493215698446158,0.46162865841539175,0.34530064416872,0.2579284767335733,0.6499197386379105,0.472630478814766,0.4422556384070288,0.3775748460189407,0.48856888835319207,0.44052479195485233,0.0,0.5809879245606665,0.4838553048582102,0.48199369879901865,0.3853363784175558,0.6387598350160792,0.37369724140780153,0.0,0.5578368805442416,0.5713805034627162,0.17778378421231084,0.3579665881439532,0.29008112185330887,0.19427964034549094,0.0,0.4897773518832963,0.2993567639903785,0.3113248898685794,0.4582148747865872,0.5293460352204937,0.4902143824094335,0.492287610762957,0.3630288165186205,0.5646586811345677,0.42045646907099604,0.4829503623458911,0.49403408538565746,0.39515748776154214,0.5554958086460843,0.5500339364966549,0.43040527284144003,0.5955612098782121,0.5786951664954217,0.5794982611114604,0.1535769892748695,0.4899824637260705,0.12049845960439656,0.4987416892645451,0.6056260657443464,0.42029301279435305,0.5107750771568856,0.0,0.599992326049678,0.5202925367998827,0.5355871590552049,0.5871854682463654,0.6094780192675759,0.5040815499172913,0.41512307390323694,0.3664679149175843,0.566644976060616,0.4708989653483091,0.43396123586528135,0.49453334695562967,0.4291557595619297,0.5246951081846734,0.4291098340306665,0.5094493419529181,0.545939059800738,0.4481757736178869,0.5667008507734065,0.4161155728464776,0.07554332800077983,0.5070643184607269,0.0,0.40994891997334987,0.47069152646291773,0.511094810053535,0.44533571513112225,0.47517096995974845,0.6066668006500953,0.47757552946457915,0.39626978549102815,0.6471186014500121,0.19332274845938574,0.4609702623868262,0.45127162915623803,0.5525922171767256,0.5631839017983734,0.5756122378537225,0.0,0.5590041016994144,0.5666885149589954,0.5816871610064598,0.5393672211026557,0.3854572254465563,0.41943593753521036,0.4940790945941571,0.36998157328837467,0.44387570573251406,0.5446692604275428,0.3586416730880972,0.0,0.4874328299698199,0.5158504822252084,0.23197639673441628,0.440270701044006,0.5868001872838849,0.5367022358854665,0.0,0.5633442044225824,0.27795741101680993,0.33446483382368,0.6079870740411741,0.5064884710058661,0.25100315902535253,0.5171151516015782,0.41402559693898394,0.4252419750472757,0.4804369813849987,0.48949455005979975,0.0,0.5241145161087414,0.5312758040489035
2018-04-30,0.6059982162242499,0.3945305847775797,0.29687379930762253,0.4844256070279264,0.4246094789070197,0.32794569859082245,0.2618449956846852,0.6769273926393415,0.4903607339731001,0.4220930028983616,0.3716308425929953,0.5175215984291783,0.39768117887991256,0.0,0.5794622891022577,0.511260549075893,0.48774761520584464,0.3535735910733637,0.663448398558017,0.3280547106915799,0.0,0.5744096080031981,0.5681723628694795,0.18505223825487466,0.3668844409341303,0.28530460456519935,0.21995176563221305,0.0,0.5091355954539062,0.32533946712438994,0.3386086012101464,0.47197123195082047,0.5422318714601042,0.5072727422957403,0.4716693674877874,0.377930955310065,0.5555749041517843,0.44241229319116043,0.47722025622764624,0.4938817283648267,0.3660827544592429,0.5891796666428065,0.5364061500629872,0.4234339230690808,0.5911903601087036,0.6050977602823883,0.579406763161107,0.15062120308713384,0.5348868007573534,0.2036046021461426,0.4988239275473366,0.5842001888966949,0.42057471746516356,0.5084532284812456,0.0,0.5989342504172602,0.5181630442754694,0.5316431344928335,0.5891930730601657,0.6209415762708936,0.5649335035718934,0.4321776474309935,0.3653248988654814,0.5718832592253738,0.46954118365725606,0.4261109248863218,0.4757088086805184,0.40188803159769365,0.5153019699711154,0.45242964828963983,0.49179404880759603,0.5559310712503787,0.4559671932966066,0.5768550878662573,0.4154641966398456,0.04656351667884767,0.507526875764211,0.0,0.3597400721549948,0.493678484183223,0.5696661861419784,0.44433162642104224,0.5030035308351717,0.6261320333632728,0.49101919739023014,0.39584388720924957,0.6442882416919214,0.12790793500978362,0.44872205889451383,0.4651070228483304,0.5747004604536413,0.5854680217945926,0.5897332967253474,0.0,0.5979394339431867,0.5579654210952406,0.619787302243214,0.5514981324223421,0.38375484417866174,0.4421227563881317,0.5075898616078216,0.35658429051107376,0.4471449566848247,0.5369844782359837,0.36206804622299726,0.0,0.48400622183987746,0.49174861156033894,0.25123785245490876,0.43544645871088,0.5665776132680475,0.5349673831815798,0.0,0.5646966115948453,0.2648957270767184,0.2846707429964378,0.6372042755415418,0.5051316880470622,0.2564884730971641,0.4799355687645235,0.408172506631741,0.4639792495479257,0.48269337415882785,0.4938703758668781,0.0,0.5407615095525439,0.5560833503451608
2018-05-31,0.5972921623412522,0.39074764685088764,0.2910755698204844,0.49580336774010336,0.429639776887083,0.3403453351261791,0.26444536098293114,0.6738481357575703,0.4903256951064382,0.4254330428867463,0.3738547959427259,0.5176580255444587,0.4039257452248385,0.0,0.5774190670667606,0.5087460624822429,0.49299769635781715,0.35472870873951523,0.6638640317325141,0.315349594182516,0.0,0.5613060938410355,0.57427606530023,0.1860440155851969,0.3719091653909207,0.28121410500203564,0.21953114351263484,0.0,0.516196907211405,0.3375956568846684,0.3479763450787342,0.47061243237970696,0.5284824868013334,0.5055095182796433,0.4408026416855973,0.3797899223415298,0.556063416618022,0.4368345437284733,0.4733832196181917,0.4925131835464056,0.3664672426158155,0.587100953037051,0.5137214057965738,0.42263710607911836,0.5918065788662559,0.6131812552606022,0.5809202103946756,0.14932500022378697,0.5378690912247687,0.1425299244532508,0.502421085100431,0.5709297938867953,0.42209377879195203,0.5032707946352039,0.0,0.609534399755603,0.5267862287944016,0.5227328307850414,0.572254179824948,0.6186239421481575,0.564066218564453,0.4332140861594362,0.3656622306690275,0.588407582434156,0.4719792248221583,0.45604593428559875,0.4797135786715029,0.34544321011147994,0.4955285457205207,0.4469499847845827,0.4849224720130514,0.5518958520032663,0.4555182609660577,0.5749864860651687,0.41038388576508955,0.024753559011841522,0.5051321199443842,0.0,0.33318194315297633,0.4914595990211242,0.5649703545156737,0.44258437519897703,0.5040408759216048,0.6308200156260173,0.4912785985469903,0.384770765959178,0.6440115463651697,0.1323437598923386,0.44480688546194663,0.46511847301711884,0.5716592980371411,0.5879064189332581,0.5820713768682734,0.0,0.5901815962636192,0.5556831794105151,0.6204401413744095,0.5479279845568727,0.38372740166245106,0.4148722382825706,0.47839881702574655,0.3490220649709838,0.4460433400613203,0.42307358446434173,0.35243395725031434,0.0,0.48337040951499893,0.4828254392284469,0.253578633871337,0.452934623507306,0.5567651382108307,0.5341776179657904,0.0,0.5655925207691886,0.2595489444970474,0.2614267335028831,0.6346866897436821,0.5090386983343345,0.26477474920694094,0.4340557769779857,0.3976889368231635,0.4402391508900291,0.48542939657986883,0.4905391105081425,0.0,0.5431269437924295,0.5491276559589588
2018-06-30,0.5882077682136673,0.3407328688070486,0.3169437859657814,0.4943224131730358,0.42810054501809935,0.34821021229410176,0.18971631557674026,0.6757694892804437,0.4883467996702939,0.4269921357369831,0.3746159822325938,0.5269576397169932,0.4064978227332535,0.0,0.5829828122679374,0.5046195973954533,0.5420849809547136,0.3547221327679826,0.6666183458101483,0.3296031180965417,0.0,0.588360798714583,0.5883568235050326,0.1877377521554713,0.4157186834011878,0.2758571413728429,0.21872212337303143,0.0,0.5173139418431191,0.3676086467184624,0.4009301087256549,0.4767388627073812,0.5206021528503911,0.4863749649219373,0.500011322802275,0.3498676134404315,0.5492114199332787,0.4308041964392894,0.46830440900133513,0.4309554100123775,0.3663622647761835,0.5916898661737132,0.5320778203256205,0.4533088322196487,0.5898207798155747,0.6052338959011491,0.5652787967922376,0.14518096582965864,0.5390219599992463,0.2208029377304628,0.503094340270786,0.5802675374542103,0.42139770588099185,0.5194881970930971,0.0,0.6029684229641922,0.5280597729740584,0.4859623845678581,0.5453346989694788,0.611192546008357,0.5612236430694661,0.4310760184246649,0.3838378733003621,0.5909521200763124,0.45592494282586654,0.40871920153224717,0.480324803847787,0.29618340490564204,0.4829690337068047,0.43954783853576995,0.4708882090532642,0.5425649201608687,0.45748265089760154,0.548539897358038,0.4322562154526193,0.023059350912202535,0.519249126214577,0.0,0.3272692821422301,0.5246919434884909,0.5586313732202935,0.4339913362214159,0.5066334681364736,0.6250208933474336,0.4863609150303083,0.3643872737733627,0.6539289075150716,0.13600301728084288,0.49738161306574125,0.4613853064949731,0.5913203222153277,0.5825169951904317,0.5666811396719571,0.0,0.5665050118096165,0.5547085196292899,0.6274198967191897,0.5257491351658541,0.3791931334373153,0.41893114101477424,0.5031263510357635,0.3332040814400644,0.44974465892397303,0.46998347483060826,0.3752384539772668,0.0,0.48066412001145903,0.5116343062984577,0.292304579505426,0.4487303146020022,0.5683129612325276,0.5391315075932432,0.10439342550283137,0.5338626727568023,0.2544558268067359,0.25023625189272536,0.6102270407661871,0.5522413123620403,0.296151091509435,0.4799208753691551,0.4453388295601407,0.46600111345091916,0.4942288717509302,0.48671994693248655,0.0,0.5435181927873983,0.5402385210971665
2018-07-31,0.5834705209398822,0.3397363632956896,0.3178411306468707,0.5068213553977832,0.4327947591713111,0.3588250803299859,0.19384287267827624,0.6700589558405023,0.4898260565721046,0.4303764538224104,0.3833083241008299,0.5259358824002455,0.41012967260181976,0.0,0.5827122817858768,0.5029829408243114,0.5748655435150353,0.35650453118615694,0.6399913471124862,0.3250248298767498,0.0,0.5889044079221121,0.5687848345311085,0.19236033912184825,0.44744752114338865,0.2762795653589179,0.21897726023576136,0.0,0.5227359067365902,0.36448672197588994,0.40585953143853315,0.4882372301379456,0.5194368775941609,0.48254897252635476,0.5332545378725584,0.351047863590039,0.5133913386168799,0.4295030341681672,0.46560457520419973,0.4421884163922242,0.36776264367980843,0.5918149394144808,0.5216515912029975,0.469692355789251,0.5908580597507794,0.6160515080977197,0.5695535335669307,0.14274481366337038,0.5421238516588371,0.20283700713137084,0.5064598813998646,0.5951325382395066,0.4240093977872675,0.521094659199606,0.0,0.6169553313553752,0.5359859107840449,0.48665012803436997,0.5508388975657724,0.611727890407785,0.5598773173350363,0.4323250687527798,0.39383341731818,0.6088576562421405,0.45529468783833504,0.4704112656211015,0.4835104302048451,0.3414724955360844,0.4771750813473527,0.4269947840860307,0.49836556255388453,0.5394671598863183,0.4564738769189755,0.546446063433169,0.47457862090077746,0.05412106534286014,0.5297206617789645,0.0,0.3035770517268578,0.5252304347455828,0.5555566151800773,0.40608956371415683,0.5076541250291188,0.6442197752873969,0.4625273028871113,0.3453245120188072,0.6521594947002526,0.14233448496534123,0.4843076862346895,0.4655631750595201,0.5945079200904185,0.5862831152889846,0.5897207168466887,0.22474556066860604,0.5874158333361917,0.5507332628836076,0.6492794353360956,0.522093200312954,0.3843522681812885,0.4305507679952999,0.5288719167726558,0.35656881000492396,0.4503068388789081,0.4810847157301499,0.37528658024648137,0.0,0.5113897400870153,0.516867860659813,0.31289776745392145,0.4505016828821797,0.5824252235530862,0.5383950375538028,0.1083938508693765,0.5479328968259715,0.2529112620698568,0.2501449477419222,0.5939019382666648,0.5921844719243999,0.3099753580755137,0.3986943282598824,0.44134383327438215,0.44033423220443757,0.4975992152396777,0.4878842391474099,0.0,0.5460159199378054,0.5640387678243206
2018-08-31,0.576512396825094,0.3364277815112879,0.27202183612287073,0.5059910396577512,0.4155965462856759,0.3662152844413998,0.20307224458610448,0.6693704073385881,0.4888491087040519,0.4321628844953319,0.38775209790854964,0.5252951793624764,0.4122935677281436,0.0,0.5819241720469224,0.4789756493291034,0.5732739437804049,0.35700391873713705,0.6693286336047508,0.3224187877949183,0.0,0.5909698585803707,0.561917803408974,0.19770463431561816,0.4438468943998062,0.2763097846539271,0.21861991291401872,0.0,0.5236729807043481,0.36992785130526923,0.4088436326958088,0.48112548756476825,0.5357053582391679,0.4781124262752885,0.5304410446188614,0.351237488923095,0.5004851019548218,0.4263425514392294,0.46236893238036036,0.4348500112551449,0.3684203518379697,0.5934946831315301,0.5098336222048682,0.47597581326070015,0.5898651547581885,0.6099784862294788,0.5677235309961052,0.1372931909722433,0.5436263548623472,0.19529191603154233,0.5073837153159247,0.5887536481950932,0.4240492308732871,0.5277093342073386,0.0,0.612223932270323,0.5372724893880108,0.48467672113645016,0.5426506968167346,0.607413252006514,0.5577417374857612,0.4305792728521149,0.39583745570727824,0.6140317649548998,0.4560994294413502,0.431333862831743,0.48427511123276423,0.27145370532466023,0.47245488043239087,0.4407843471898299,0.4925670499981985,0.5363054091433372,0.4564468848373157,0.5453478428498951,0.483811060586013,0.2221458352384985,0.5275046667760821,0.0,0.29544181880690745,0.5250668730859235,0.5503221243725924,0.3980731913909175,0.5081674423129561,0.63867918695596,0.48054336814418724,0.32860708900348146,0.6520832309463491,0.14783090598381854,0.476203747152256,0.4782137566626108,0.6066257705958816,0.5812931649760391,0.5802255600842503,0.21556535998825702,0.5822969212352961,0.5431541152649454,0.6467874141343677,0.515967654596339,0.39015177913597027,0.4294162644346292,0.5327891875441267,0.34247096945272953,0.44722337286005065,0.46785684212842116,0.37260813554471073,0.0,0.5109429933030938,0.5208689498862104,0.314971162906291,0.4612379576824288,0.5776293928629498,0.5444739487481617,0.13735871292237653,0.5738413560213522,0.25247290401515704,0.2304561919030476,0.5906430048771928,0.5852778908063688,0.31587209803779975,0.35480951234102054,0.44581025304197686,0.4362581220639074,0.49837836727495083,0.48648612271583375,0.0,0.5469081915201064,0.5653435936303275
2018-09-30,0.5702970553688822,0.36322142996253964,0.27821221040549804,0.4954497807325055,0.5020067209709321,0.3700955994739387,0.2136651849279738,0.6767841835169436,0.4872412683592937,0.43310069920961125,0.3895553235001616,0.5294942868045258,0.41379541936750985,0.0,0.5886126211834919,0.5184396962621691,0.5590420353957898,0.35702920053149034,0.6741077025149111,0.32172214811657457,0.0,0.5956853950120511,0.6075605359579206,0.20271968917360833,0.5233784482497534,0.2772555659270084,0.21817456135985003,0.0,0.5359981160396141,0.3844885706220173,0.42456862051860633,0.4850273200024705,0.5384392426778042,0.474691394629477,0.538484535917124,0.35128487690582355,0.5195156323575766,0.42324295166337134,0.45617147407048414,0.4829104958993871,0.3688113842192793,0.5914437826566744,0.5078868366278314,0.4835083753663539,0.5915466441486952,0.5981254712545377,0.571667835481423,0.13284816656188278,0.5444466663521724,0.2678882400126568,0.5075284121921607,0.5967725080893609,0.4216331651439968,0.543098355715884,0.0,0.6008680677895571,0.5367699785361385,0.48001111547390446,0.5460827125081308,0.6010232917821076,0.5556349979012524,0.4280078125377477,0.39756143222363527,0.6071026774288487,0.45674337145342736,0.43843693424672325,0.4841915171173645,0.4098968819315407,0.4696269450597055,0.46512101772415565,0.4712179599484526,0.5336206802285369,0.4564878516170108,0.5528255233394646,0.518788334825732,0.366661375228508,0.5190188732437783,0.0,0.30246794604987204,0.530850198022585,0.5455670931034434,0.3910074104442795,0.5082899700186728,0.663420984420796,0.4951295679632665,0.31801754983307695,0.6586772127154922,0.1523641393550131,0.4690470268272646,0.5034852848328742,0.6194637949983173,0.5720605779396263,0.552274050932748,0.3846315714891062,0.577424535861934,0.5779908236733534,0.6541264770922756,0.5231384606629195,0.3954594755051705,0.44257116473992036,0.5408691487015651,0.318105180668357,0.4437562262211921,0.47733551139981945,0.37193453257226977,0.0,0.5098862594138215,0.528754322157131,0.3160108732738949,0.48026545508181595,0.5773195500538209,0.5730882923569264,0.3604563094961243,0.6127514266847158,0.24450314881763696,0.22963080239525677,0.5817318453417386,0.5736385790520466,0.34096464764422774,0.31790648880753714,0.4512932561722614,0.4873067788314127,0.4990122405305777,0.49289193746831794,0.0,0.5473656168612426,0.5754156014827956
2018-10-31,0.6126763448694041,0.35870659353716067,0.3540059116409586,0.4713984179611521,0.5179081959079745,0.45349653063593465,0.24562015291661857,0.6832524217788706,0.4925306968834154,0.46094405282762696,0.3877616226787228,0.5872589986300515,0.4826578443449716,0.0,0.5845814569339582,0.5180262910294258,0.5522951130897064,0.4522309971747979,0.652488429266287,0.3486282442963366,0.0,0.5898872230833381,0.6048391835921444,0.2142225051624987,0.503546005443287,0.278572403075103,0.28176476205770584,0.0,0.5353948474077942,0.3838852698780188,0.4657924536954147,0.5119433444499891,0.5404201920916607,0.4997653862357675,0.5555245751457242,0.3707945743421281,0.5077367879340932,0.4178448799498405,0.47179229796942906,0.46986073112215715,0.42179199637363973,0.5691635110191298,0.564387184858295,0.49110868580985717,0.5852210724565108,0.5776738156422627,0.5724891485589483,0.12540289130753715,0.55245263652019,0.37653606899694886,0.5633588298418991,0.5908665143901795,0.4767753812191527,0.5473538066691551,0.0,0.5825767964724411,0.5605297812715895,0.4858815442409813,0.5721671761126227,0.5957436108097399,0.5856981272000946,0.4797499642902699,0.41652821414934466,0.5813119943146614,0.5064106730762401,0.42004693124275705,0.5789370940755307,0.3901322554863774,0.5415796213038097,0.4747816590023675,0.4980352288487485,0.5664242384746547,0.535701775347939,0.6067268484259621,0.5125595275471194,0.3465245390884121,0.5153401384554612,0.0,0.29326177081293003,0.521653497805291,0.5963078340012293,0.3506024593122448,0.520018780611248,0.654921157464962,0.5221909309051557,0.2954476327157061,0.6520898450084722,0.16448401847751098,0.4397806216841466,0.48673118751183975,0.6162567551585814,0.5471458208844285,0.5714162287078127,0.3959989237074188,0.5886646495200913,0.5970728326981275,0.6535696762832166,0.5741692622081797,0.44267358057720707,0.43344825532615383,0.5348002513168071,0.296493326344044,0.4344699812448261,0.46161772667075357,0.38820854480069433,0.0,0.5009220786034315,0.5148033172065977,0.37486237115828086,0.4659700997441188,0.5640555602926884,0.6003248293243627,0.3836771580739058,0.5872602935655763,0.39151167092197764,0.37301446345996114,0.5941344953320584,0.5504546325546131,0.3519036581309645,0.28721265507064986,0.4459784919290552,0.5273598413164445,0.47861571253387625,0.5154376975066579,0.0,0.5771736631167294,0.6039750435305526
2018-11-30,0.6048494233686683,0.3655503072967335,0.38498253354433876,0.4895280915271859,0.5157427738544936,0.4460284161795738,0.26386195653154243,0.6802517546039009,0.5194684354511804,0.4870459962027953,0.3929364171183227,0.6021189295698903,0.49067511832782873,0.0,0.586514092296456,0.5303003288911217,0.5527319043177494,0.47492659812524696,0.652017312800947,0.3820890883434235,0.0,0.5934232942516664,0.604643503454804,0.22245795680210512,0.5061757974012909,0.28500073931469644,0.31652648340239475,0.0,0.5373095716045554,0.3902536727081463,0.4750585700079657,0.5272021097999274,0.535117164311116,0.4817432783237089,0.5514808012637142,0.395527491116629,0.5102207137535456,0.41823414197291436,0.4839606750230419,0.46699776150246813,0.4347976151183683,0.5721510810197638,0.5387789178529315,0.5016942711153718,0.5878687464236736,0.597975398608008,0.573988668715912,0.12372051609720734,0.544443746524936,0.41387263120747914,0.5711933613299618,0.5908638849747173,0.5122340046014057,0.5546338922311842,0.0,0.5859341051725283,0.5603476596145277,0.5286553252971344,0.5704456050467495,0.614942004818662,0.5870545825068361,0.4895834349270261,0.4172313629058699,0.5884853870313386,0.5159714025311801,0.42623077943647797,0.598753836052094,0.36757474345904423,0.5395036229034372,0.5145553790158457,0.4996122378167944,0.5725933596199309,0.5323525236940617,0.6024998663804532,0.5162565434325848,0.3380805956730365,0.5166762819270172,0.0,0.28897247718784164,0.5182882407012527,0.5874700649908486,0.3437480689789288,0.49871430073129386,0.6584572951739524,0.526755956857469,0.2968663955052918,0.6538921425885619,0.19013602360307655,0.4419846728556559,0.48554334202144034,0.6343007164526111,0.5472125169727113,0.5755864999062736,0.3671946271602403,0.5852086299065046,0.6122754715200579,0.6564784898281749,0.6002289112353567,0.45127117001795786,0.43869419830599854,0.5346922288555014,0.28790993333229564,0.4375306102312791,0.4569417071793119,0.3873849397843984,0.0,0.5271315207457058,0.5452661922820509,0.37237178626520945,0.4666935401736043,0.5652775805167404,0.5792444439610475,0.32245173938890276,0.589294918296726,0.4247808274967856,0.4098003965294384,0.5939960890293439,0.5499090288075125,0.3588854346803421,0.26911131218333567,0.444395328795057,0.543221715017459,0.47785670153588794,0.5187153926668859,0.0,0.5737204813882794,0.5827228668345622
2018-12-31,0.6030836251609988,0.3790553190381026,0.38525828412870977,0.43521372314350104,0.4770743239322279,0.45042595741425984,0.27634407403293404,0.680764702553066,0.5195287177889788,0.5146385805398935,0.4021432333860108,0.5975155264084848,0.5120490294499104,0.0,0.589851804053561,0.5287405159601384,0.5574079231150263,0.4825096404041209,0.6552320219030733,0.3949344158258669,0.0,0.5918642184387706,0.5737582681759171,0.23201523996649615,0.5065604566458668,0.2941094310613401,0.3294711796202766,0.0,0.5428293065578775,0.3986521228711534,0.48246736064895884,0.5360674250703023,0.5579373989055454,0.4991351844131428,0.551167494810063,0.430781186951118,0.5200159168347591,0.4222958878362138,0.5064496934620557,0.46759876354994423,0.4582942569732744,0.5766206769513992,0.5701852675702846,0.5134025918697867,0.5933714526058553,0.6033571685220411,0.5768569480159526,0.12543764640253385,0.5163107077420621,0.4187206388741463,0.5959846663837456,0.5970441081193217,0.5090001039528549,0.5619566451097273,0.0,0.5994574609600503,0.5760223631423234,0.550379602447241,0.5760751304781297,0.6330292001362614,0.5850180535076681,0.49350016021902665,0.4198641239093532,0.6170777463709746,0.5039506338702539,0.44627051564936354,0.6357307373468462,0.3400534307416106,0.5423115634367172,0.5146786326919139,0.5042428159931034,0.6142265864719441,0.5210513492823559,0.6180595155756163,0.5247794116704793,0.3290851233033281,0.519868602029213,0.20385021257093938,0.28823116327853,0.5184286850475022,0.5846113636677146,0.33995106777825956,0.5317261198088181,0.6553388692811659,0.5279044130007631,0.3025676023999556,0.6603069232240115,0.20779821768470172,0.41449314913147545,0.4930200671136272,0.6348666173570529,0.5532203253765623,0.5912012161022813,0.29674574883420773,0.5853403752239729,0.618790539492615,0.6586969189310707,0.5935469356356554,0.44906599912098727,0.4471985324041836,0.5299199055632627,0.28818023428763695,0.44344457231002155,0.4585772721783128,0.39168877118004053,0.0,0.5507374656709413,0.5435652817062119,0.3803034101802992,0.4765272039826091,0.5756663505729146,0.6013410848976612,0.2738805973360742,0.6079872561816974,0.42536811259318696,0.29659451338850196,0.6102089301497653,0.5593670767706096,0.3680886982453806,0.25940619210603205,0.46224276700192307,0.5422997631361328,0.4757959830722469,0.4879592166740407,0.0,0.6084746380986301,0.599169484883359
2019-01-31,0.5979900124565892,0.3890132059088427,0.3917876169054462,0.43927497727404524,0.4771041919121715,0.45402893368610203,0.2863278590800279,0.6788589607129473,0.5162650649968425,0.5262076635555815,0.40816142825277957,0.592017986356493,0.5197833482348697,0.0,0.5904848587278977,0.5243243136774928,0.5582344392750453,0.4818360608756021,0.6552221741228105,0.3937205551479178,0.0,0.5928553213475931,0.5745410972983749,0.24039386922021996,0.5129064448849867,0.30251827240407714,0.3543028003149363,0.0,0.5456634650103456,0.40380283169100667,0.48423178327257377,0.5439357332813417,0.5537065373110391,0.5067861461000654,0.5492277570024853,0.4250173240557824,0.5229922380074484,0.4244777228232443,0.515914002710896,0.4612333807321634,0.4562132775139088,0.579158378779391,0.5686171272993635,0.5236658240657054,0.5952211602894955,0.6072095998838075,0.5780558412132146,0.12710674002175967,0.5247300224146916,0.4335987153551846,0.5927948733552543,0.5989841623654704,0.5031036223041987,0.5642586884148947,0.0,0.6054521186813684,0.5818133535359498,0.5522170615253831,0.5758826673076642,0.6451845910054521,0.579944490546684,0.4929242047337062,0.4219818949987857,0.6298665258470009,0.5024386800988547,0.4617855929762982,0.6395414808922885,0.3072601703972264,0.5478296911547177,0.5100840176557868,0.5055480184794675,0.6143480015508432,0.5078510885308436,0.6193903365520735,0.5266145693525061,0.319339538641704,0.518769169852495,0.36141954558803013,0.286578124989194,0.5176144403425059,0.5783214153680557,0.3387347060218882,0.5274323489322742,0.6582828590672589,0.541362614029341,0.3044260299738778,0.6621943023937471,0.22380047943379033,0.41976979547659904,0.49564969435457035,0.6330654886521472,0.5532277545197474,0.5962429885470558,0.27833553156746044,0.5835235006191315,0.6137054337096108,0.631206079440573,0.596142804286946,0.4505874743091347,0.45149386131976277,0.5316960508580653,0.28544054296358995,0.44608550011015974,0.4452268098492801,0.39356182380454763,0.0,0.5472199462417934,0.5540910100992553,0.38460832682432006,0.4828692753743561,0.5803060150904961,0.5948187691852254,0.250907972482696,0.6174531749946062,0.42203232917629957,0.28534315263364696,0.6123249940164571,0.5613740919830441,0.3750968460906912,0.25100698162314644,0.4525638421470356,0.5388372661409919,0.47108794031643386,0.49842694988071284,0.0,0.6027182516942574,0.5946113564181776
2019-02-28,0.5936601936877925,0.396467405327206,0.388763060586311,0.4421949801196086,0.47662379295140966,0.4573213322290006,0.2944530772056146,0.6772006311743931,0.5135867718495998,0.5265048440837827,0.4120960082670406,0.5878162273925985,0.5197252821696229,0.0,0.5905224908548883,0.5206472005388786,0.5580929983032158,0.4766989953202514,0.6563111655244235,0.3939524158824748,0.0,0.5933699678244537,0.5745925479075195,0.24736870800460342,0.5161190839618327,0.30957641872174635,0.3656874570338198,0.0,0.5474405798794418,0.4073788827613184,0.4848300301959713,0.540475882235741,0.5562020596232404,0.5082034444536734,0.5476436725489979,0.42061442888668804,0.5237007276425792,0.4261320486765745,0.5107004241033238,0.4541838952256099,0.4551123527874827,0.5813607730036562,0.5681332188446638,0.5051845580330956,0.5960827890695447,0.6089134132162933,0.5787948466966713,0.1285117009391263,0.5259567102615327,0.42877305191665643,0.5898256614559668,0.6000890746922135,0.49912640858797647,0.5646616609506204,0.0,0.6082703356918319,0.584247111021032,0.5533193332093053,0.5747527338259396,0.6437081535443409,0.5755384621738119,0.49191407393770203,0.4240046810323609,0.6374534113031897,0.5013104383159791,0.488775136820815,0.6361881963026682,0.2858647803230507,0.5476718007958064,0.5049036748285125,0.5064915033544478,0.6087038560582761,0.4993696770072663,0.6174894806731629,0.5256933730672391,0.3079914619485615,0.5145415065592612,0.3211542246343302,0.2849434372426874,0.5173541176195275,0.5729125413601389,0.34027843777200395,0.524345915061851,0.6600248399887798,0.5391502153835952,0.3059356000656044,0.6629879485168444,0.23616742830067045,0.4235334402603714,0.4969542198223829,0.6312159879681917,0.5495010441534784,0.59108525505615,0.2807935119116141,0.5823385489546161,0.6098241142954284,0.6315082784037432,0.5938064392167897,0.45342849470403485,0.4540067023721843,0.5327966924709056,0.2825375437115194,0.447817346924464,0.4398214570264065,0.3953775414898877,0.0,0.5448736149098679,0.5506691728826002,0.38799822974746095,0.48678482492309566,0.5832471007999221,0.5886059540178877,0.24452105692144477,0.645634997831163,0.4167475446591235,0.2751319412145521,0.6113190275153183,0.5611276624955334,0.3806775208871588,0.24560583175312595,0.44295455098906694,0.5347711905880765,0.46629418184028354,0.500486199219687,0.0,0.5983834405886748,0.5932764404060148
2019-03-31,0.5902163011763968,0.4050887978033314,0.37891787191232684,0.44613747033878176,0.47768945062918966,0.4615747778234093,0.316355544164201,0.6760852349250859,0.5124268456476675,0.527446423012079,0.4164825152164231,0.5843028811761911,0.5202793977843838,0.0,0.5881496978945819,0.5178922416399864,0.5590163160251007,0.47549489419064617,0.6585690064630919,0.3959762853978662,0.0,0.5940786387660856,0.5252888515721779,0.2548154006721106,0.521032291280609,0.31733230154537573,0.3766042302214708,0.0,0.5500849216978287,0.4112507846908128,0.48531748716836104,0.5371967559119709,0.5600476149532302,0.5100048679811576,0.5467301142881921,0.41723976337125307,0.5254272566994229,0.4284236849771543,0.5058469337211084,0.44952897023135324,0.45510447086155825,0.5844735491607252,0.5690157042080092,0.5289480879113516,0.5972692125585023,0.6128633796204174,0.5797077446942128,0.1304110120089144,0.527600488837883,0.4189979132890008,0.5883817689129816,0.6021157231386595,0.49816695680631634,0.5642595946216986,0.0,0.6137707768993452,0.5897579709469675,0.5561525052892837,0.5744569435345244,0.6438121741735131,0.5719672362414184,0.491409101940263,0.4265785933281687,0.6467774085116661,0.500643448235195,0.47738253909033707,0.6339469662074158,0.27275150702145823,0.5485638685495172,0.5000981270872262,0.5081990778662653,0.5991366727607963,0.4925191841046327,0.6165130114244503,0.5467218457447642,0.28599875067481473,0.5091152961057043,0.2575199563371337,0.28344719031433296,0.5178894831977529,0.5684629712462002,0.3437968342212165,0.5222968142160652,0.5936564910430318,0.5369000257549341,0.3081344786926245,0.6643440041945929,0.24831381210692605,0.4277677192993369,0.49943185620557196,0.6291567841239939,0.5491060209000553,0.5871791527001701,0.3133822137276643,0.5820488200505338,0.607645614085582,0.6321297119333816,0.5920945186625317,0.45755997756542033,0.4567591409243493,0.5343879045565361,0.28226111680260574,0.45015251230405046,0.4366178730129556,0.4066579737223438,0.0,0.5445967251873819,0.5475584636468144,0.3933013105210314,0.49337521991756167,0.5875406650055433,0.5825280029230149,0.24487207918498988,0.6613979464119615,0.41056261646776043,0.2674672237876766,0.6109353855966766,0.5626308046519596,0.386782946685354,0.24188069553961628,0.43523913383654983,0.529960001894836,0.46149456226234875,0.4640171439698363,0.0,0.5952927025445962,0.5921895105154873
2019-04-30,0.5869886096967827,0.4133562443363779,0.3643204536513098,0.4502375766924179,0.479040905884294,0.4659402640701828,0.3262629164458975,0.6750765614203784,0.5118067336851777,0.5284808852247843,0.4203271502119958,0.5813398131118963,0.520981247323828,0.0,0.5881733037018091,0.5156103935287236,0.5600427316907913,0.4759680224766787,0.6872975529726433,0.3991929046478732,0.0,0.5946977969503767,0.5257313800073589,0.26243943288215715,0.5253338619006455,0.3252294119972229,0.3869057793358247,0.0,0.5526794402019103,0.41492686644074445,0.48554192874715396,0.5336599036635853,0.5638262622517698,0.5120167241325002,0.5460615868096361,0.41460403916003225,0.5264766244616683,0.4308269806259068,0.501203438333113,0.47366176145230293,0.45575694863898425,0.5878845231146502,0.5706321229443436,0.5264649420243508,0.5982548030060519,0.6164161974414994,0.5805822367167753,0.13240364767925256,0.5293408190779653,0.39880137837024826,0.5872628906044868,0.6041380922863292,0.4980407348650135,0.5624801924472032,0.0,0.6187686645895936,0.5946520318341569,0.559238876409444,0.5738605874942004,0.6439909166972861,0.5686382018862148,0.49080405168127,0.4294921613972093,0.6547988257422612,0.5002818591195914,0.4666960714614437,0.6317968069673281,0.2665664968268097,0.5500123412716033,0.49481526450467994,0.5101807927495946,0.5960140869628473,0.4871310146088499,0.6160969703021353,0.54645905081066,0.2566385462415914,0.5018544149182088,0.3007485738694999,0.2820459045427357,0.5189105224589727,0.5643495713514056,0.348400690460052,0.5209568843374078,0.5958627296921337,0.5339237511618302,0.31037281406487427,0.6654922499130456,0.25989819561341365,0.43180939328931983,0.5014912824309712,0.6269369317528524,0.5482456275272162,0.5836669135342162,0.3141624632291025,0.5821406877743062,0.606076413356366,0.6300074531650466,0.5906893144674473,0.46251487278888737,0.45897338609759053,0.5359127392013441,0.28228860012869517,0.4524989053888227,0.4342432158206823,0.4096770220879164,0.0,0.5450837135130315,0.544614064998972,0.39905292013547417,0.4996002722810656,0.5916341504342827,0.5764529571390706,0.24847819577961558,0.6695644622133573,0.40244658416069606,0.2635143377258892,0.6091941041373976,0.5635735859717309,0.3929921175866285,0.23909268113731297,0.4304200772538368,0.524247673882909,0.457309097656439,0.4671843940167104,0.0,0.59288721515414,0.5905845688085661
2019-05-31,0.6511408033583707,0.4395758734291761,0.4235595667802686,0.4810976175658422,0.4687033188698805,0.5005796386288506,0.3824635255517369,0.7005816556345744,0.531663438143499,0.5369742627457592,0.4279615037576692,0.5546390738514408,0.5424268302868914,0.0,0.6045149654182342,0.5404363472938163,0.6569517773557425,0.49656858962857314,0.6713977808335553,0.45002163346545576,0.0,0.6002784645636232,0.5309262413379666,0.28580424310859226,0.5628253206585414,0.3294897432264623,0.4026213060248847,0.0,0.5481497081183538,0.41424008757157704,0.5433771711341238,0.557329381162518,0.5559766371337305,0.5424678228501676,0.5420468889982734,0.48946959389507605,0.5826339323467524,0.49993146680216594,0.48852449776311746,0.449276612967591,0.4530277235679398,0.6112741866500855,0.5968460125268343,0.52990024788862,0.6142154159580746,0.6578274896704202,0.5945881404789312,0.2039549127789704,0.5781144319430039,0.411143556064816,0.5809394984686784,0.6282768235104853,0.5163586636206439,0.5555274705663472,0.0,0.6610614941294971,0.6032004130359075,0.5337260536408728,0.6065996910665168,0.6327597912080535,0.5981590310635378,0.5294286259323144,0.47523668840645883,0.6421085564546186,0.46489145710147456,0.42762023630402735,0.6442286040442521,0.334538256726596,0.5840452059318382,0.5051806169615856,0.5086515595622314,0.5745532955851057,0.5686279564377162,0.6117077331778182,0.5752331348439511,0.33693396155179023,0.48794656295536293,0.4667675774268022,0.28942969595437973,0.5179236246830606,0.6047963510289095,0.4193893476465759,0.5193513861602289,0.6204010643034497,0.5284061624608659,0.3578252742926805,0.6870470636015876,0.3020149677864899,0.46712591945942444,0.5807722433596909,0.6733216985951069,0.5466095257992277,0.5995610114153495,0.47078509195273877,0.5788396953134315,0.6295988437990215,0.6367334190683919,0.595195287621294,0.5006376333201835,0.4625678547754963,0.5313523809878288,0.2639909684905964,0.4900854962736067,0.49564182787851757,0.4305271240963922,0.41417676926076197,0.5297539870340309,0.5168773806926991,0.422342604975137,0.5931297640391288,0.5882271269592713,0.6753619564146132,0.4259891839298912,0.6475877837798495,0.41619489228293294,0.4420660283007357,0.6112859033483569,0.5881419835434121,0.442095578355162,0.27956922581605387,0.49875101395063964,0.5052797514929552,0.4517436385295827,0.4355646350866569,0.0,0.6073963710400304,0.6005337930893591
2019-06-30,0.6456615404735119,0.45034800313261486,0.41045532184380007,0.4836887370705303,0.4659157780101059,0.4916199300601165,0.4070903954394297,0.701974487361129,0.5282128113531056,0.5373819554408389,0.4573851734606217,0.5531520683942001,0.5271746403887915,0.0,0.6033664352915242,0.536780315641221,0.6830844247665193,0.4872066077564199,0.696296878960462,0.46067515624668265,0.0,0.6090355903110473,0.5309050987879242,0.2924992713916692,0.5652583015503049,0.33588864392080264,0.4017259155115537,0.0,0.5499141581537962,0.41706052454579623,0.5479873784058176,0.5539692241490076,0.5293190292709533,0.5389909560016141,0.5417085874950633,0.4800470159241646,0.583312565592725,0.5083953066547194,0.48493814637434085,0.4449178088324633,0.44968113426352285,0.6106779358160496,0.5928903401404466,0.5358638455530373,0.6185353486808344,0.6586450049213767,0.594904160476911,0.23216235400128843,0.5689427540734079,0.3843233675781039,0.5698957305003792,0.6282371353340508,0.5140754228866247,0.5508525211446424,0.0,0.6629329342237992,0.6009533594896909,0.537464889877909,0.6069856438310224,0.6334327690701967,0.5950446694757217,0.5240770685640083,0.45899259783967333,0.6487887799901348,0.4647092604760504,0.41693298034099685,0.6319054729905387,0.39878303473386495,0.5842263803220543,0.49989511575132917,0.5109878317196968,0.5410390854231797,0.5545810277630263,0.5998004832157238,0.5888163539022846,0.35758582908086545,0.4793687209980568,0.3644293399057513,0.3192279077962331,0.5194120583246983,0.5936935047131833,0.4379384533206597,0.5197289790893878,0.6218434482004476,0.5259229681071095,0.3560033699035491,0.6875285275742055,0.3108220190485772,0.4680520842685229,0.5807863672929029,0.670928804934244,0.54506165936672,0.5957892622926784,0.4589613894200481,0.5792731108160131,0.6201393337918643,0.6610065389952839,0.5838376639139052,0.5013089889790133,0.46450361487387976,0.5322545563409741,0.2628191670992247,0.489427091856312,0.4766346320500453,0.44400410420951797,0.41704311439811315,0.5288297430065706,0.5151674001948124,0.44563346187500097,0.5820539078759279,0.5911353928832301,0.6718431065724337,0.4161293213882319,0.6519778698992975,0.40985929930130033,0.430994117768692,0.6100726955581989,0.587534572947373,0.4451997860993588,0.217954137545122,0.49905840517581207,0.5002170132912119,0.4481714073599142,0.4275581346041517,0.0,0.6003181481582247,0.5990767271095684
2019-07-31,0.6418346595804015,0.45990251298498186,0.40124666338459214,0.48524893165359373,0.4646686395401626,0.4932351927975336,0.4149756290108365,0.7008122352088889,0.5240023553285155,0.5372543004583676,0.45467263282400033,0.5516741102894074,0.5263384334064471,0.0,0.6032335095371175,0.5325073536812097,0.6850864688593119,0.48839788417773256,0.7007134980706821,0.4659126552565674,0.0,0.6083692225568957,0.5301988694595712,0.2994842299975573,0.5650185451131828,0.3424038740976888,0.4087168572271176,0.0,0.5508277122217311,0.4193935771050415,0.5488153265398096,0.5492678238435679,0.5303392075038487,0.5384343475306856,0.5409978707309946,0.47520800498990395,0.5812398920232782,0.4997035646188805,0.4809089943695362,0.43490674668952656,0.4465377680812795,0.6101069315339729,0.5951625296842172,0.5576006249099534,0.6182356396811823,0.6552942366902885,0.5948975956313048,0.2299130800122252,0.5684745099638477,0.36027202681364434,0.5690054970849263,0.6277245511878924,0.5100896735251261,0.5436345985422534,0.0,0.6597003453584342,0.5998398149460349,0.5394534389693513,0.6056188691346313,0.6322947594562126,0.5908456051664588,0.5219218990705154,0.4456578428805602,0.6788552636814293,0.46449797579916413,0.4025610639057959,0.6282096339891079,0.3974597961310607,0.5842082372995048,0.4927314738302259,0.5130616736627432,0.5403342576421516,0.5474280626369815,0.6010233627565253,0.5875977842582677,0.3417612300878195,0.4688300712864804,0.3668013338719342,0.32295233171200194,0.520973650170307,0.5890726026709966,0.4295025695837102,0.5200862588328079,0.6225708534245359,0.5215133066516401,0.35541906756301656,0.6870514698326529,0.3190988818891615,0.46811243697940735,0.5702207778998115,0.6680229029343261,0.5404740751732761,0.5906323382599701,0.4364819520547752,0.5791379035040882,0.6178920428728238,0.659059947346332,0.5831702994883795,0.5009594121279313,0.4652110857692549,0.5325553159550778,0.2593436640343806,0.4879412651592023,0.4691841756513363,0.4457224827389157,0.4188725528567929,0.5271334899857114,0.5130962673751556,0.447900522304153,0.5681344158970454,0.5926266997125941,0.66624362537983,0.4006902141301608,0.6521485803828425,0.4001488539688265,0.43472355599220364,0.5931345903448865,0.5830190989034001,0.44810970089084723,0.20896887035461195,0.49625682433856133,0.4936107279679569,0.445677840587813,0.43071856407109677,0.0,0.5981041748381106,0.6007146074064745
2019-08-31,0.6511629060825049,0.46967433835407796,0.38930115212771027,0.48809499982244403,0.49454312845433607,0.5055801990673163,0.4432320767602462,0.7334435047594475,0.5453521352507356,0.5295494856100783,0.4003887988374825,0.5509471540736175,0.5043644797319564,0.0,0.6087525796707662,0.5428891157174341,0.6883461756459993,0.5013071919190332,0.7021444114528259,0.47208148805715444,0.0,0.6055477441029224,0.5428449041767147,0.31742345535737204,0.5676683931886324,0.37284920079300665,0.4305806433377561,0.0,0.5528026886591848,0.4222016075948458,0.553618206207893,0.5669770513572028,0.5430001547683853,0.5397784931127468,0.5410325188339143,0.48327892952995033,0.6159279183383497,0.5045836514578849,0.5157535201215354,0.43266363486146053,0.47252360770551183,0.6136944577789789,0.6128797391249362,0.5609875787487254,0.6283949883541892,0.6701839506303532,0.6063750385504875,0.23150626789317783,0.5355909380357305,0.3417671095258529,0.5506425262709381,0.666362063158115,0.5096296519363168,0.5478618696011153,0.06947930474302817,0.6621400343975918,0.6098958816892219,0.551697288071616,0.6119331668195361,0.6491853842029022,0.6129308683338802,0.5373101291212601,0.46975132569937533,0.6861736692007451,0.45673178234348666,0.3941416831503093,0.6417010531442072,0.3932241055300787,0.5970411534368638,0.5590868538841274,0.5159451702962015,0.5286512114480386,0.5685627218349194,0.5969180590446588,0.5877431945471331,0.3249656595490483,0.49997135794900155,0.37065168567880724,0.30828651407640423,0.5230267044337604,0.6012213710559555,0.548239777692812,0.5281520935729326,0.6123417565515117,0.5299522919116552,0.4302704957225186,0.7011823641447242,0.3388838865945149,0.4913773993292749,0.5676743067903922,0.6666704073614326,0.5709820825359263,0.6230571858853643,0.45935286243593776,0.6118865249379847,0.6245157935634479,0.6435660655959302,0.6043164185214237,0.46785705999018723,0.45639963997389144,0.5495810557780886,0.2591411043002324,0.5198266239157249,0.5265407169851395,0.48524045886330464,0.41941915703998306,0.5279205921262352,0.46996181779123264,0.45297157199469895,0.563264302805615,0.5998979207071672,0.6621980105814871,0.4406816163296259,0.6567962111604356,0.44965485589829796,0.4699066080753248,0.6322831897094549,0.6079154521639271,0.46935289018968634,0.29678310879574754,0.531818597725732,0.529507573014821,0.43615521178163535,0.45699005130098064,0.0,0.598546392469838,0.6041352376812034
2019-09-30,0.643845756055156,0.4814330080469477,0.3727330557564869,0.4941840318678679,0.49866314039066817,0.49333369325256965,0.43156820139021124,0.7297926560848661,0.5480667015459881,0.4984694174396564,0.40183961586804706,0.5511310168605932,0.5055975338721269,0.0,0.6126077563307619,0.5403550558957603,0.6965718971766873,0.5066073827463811,0.6412132709326291,0.4721072100036609,0.0,0.5977173958994637,0.5444166325840427,0.32311420041997624,0.539980370474129,0.37675308347854447,0.4369044087414995,0.0,0.5566982279804694,0.4259999659077912,0.5467533270298769,0.5650230706373885,0.5484428793316004,0.5411079176229898,0.5422817434126164,0.4536718310520311,0.6243138586960602,0.501965187276263,0.5119501441002547,0.4376121724042062,0.4737224516238413,0.644841514205262,0.6167122349180381,0.5664501540102025,0.6234540356852717,0.6790344306407328,0.6017620630566755,0.23777929308150536,0.5377870014902624,0.24557934583882934,0.5253912963120653,0.6585650011020535,0.5145009660981892,0.5436537897507359,0.05268859755996151,0.6740769273993836,0.6207056420913648,0.5594601111860941,0.6155318414997508,0.6530857496066598,0.612339368594568,0.5381432166872205,0.45543577731595897,0.6977125692648127,0.4499236205266773,0.39659656299749174,0.658321410284839,0.387789726762666,0.5988562944118613,0.5574929116160925,0.5197932396417841,0.5086174998889055,0.5579263931537002,0.5764766199744251,0.5912573686547792,0.3126435052978533,0.4928028128355891,0.37956586887773974,0.3121295482850025,0.5258202729726844,0.5756284278644458,0.5407645182771038,0.5242633679883305,0.6235764641715292,0.5290168033029671,0.42500796988085165,0.703522228191476,0.3458797965673427,0.45783540156960795,0.5725710406823781,0.6646235857818161,0.5611049915987443,0.6119145655062287,0.4404946636569852,0.6204448309725394,0.627408295738068,0.6718835212208282,0.5901937045252356,0.45218344455010573,0.4618672529361229,0.5520649182625683,0.26514982264158843,0.5193676047010984,0.48917742327360303,0.47964705449526157,0.4159578543710256,0.5319901826661739,0.45920502293307064,0.46230578230446495,0.5608515613865197,0.6068984010405867,0.6620619438815083,0.4006148768708339,0.670008433761281,0.4479069379699751,0.4765992003402019,0.6341088070996871,0.6145674784056115,0.4736005910109747,0.28809505420173376,0.544365318416656,0.5258472104274233,0.4380136226922807,0.46031054630619855,0.0,0.5989375381805856,0.5954946939519493
2019-10-31,0.6582149858191723,0.47941802462540917,0.3882269896758441,0.48866661912112075,0.5018301519154973,0.5186059226228228,0.43053576570967145,0.7134991387800717,0.5409849599652434,0.504138184536439,0.3949668315676077,0.5496160315275732,0.5036640274844102,0.22219048042853595,0.6106510271338979,0.5450415663064226,0.6880410099642624,0.5007668550786573,0.675329766646408,0.48452538988119936,0.0,0.6109577319156168,0.5704648913116707,0.3352848756616862,0.525422880344564,0.3934495371984275,0.4404626387253413,0.0,0.5531305285043593,0.4249119103523393,0.5616391837229797,0.5683465415206529,0.5472125865978289,0.5339530235065177,0.5395279729046575,0.46654791503582127,0.6104846068317926,0.5094474445977607,0.5160395139094556,0.42040115241512244,0.46490953827676074,0.625707620520817,0.6188464103221368,0.5646808881529349,0.645994141729009,0.6525700955872981,0.6120761166399468,0.23695330408059648,0.5282820765947773,0.3306323801402596,0.5646355524584259,0.6149738275229603,0.5010560048153015,0.5343548464268778,0.053933174277402046,0.6468983453789601,0.6013477363868008,0.550797269963858,0.6070612849695936,0.6318364515589919,0.6395556990635091,0.5383649960635015,0.4616448026983227,0.6847421147878103,0.46948330313225534,0.3661501702177193,0.6547916927644366,0.36896416474600296,0.5964556768002337,0.5636147224894046,0.5195861378739415,0.5228604331724231,0.5795430467131465,0.5877080934160385,0.5780239436268078,0.30070578348567745,0.5201656620798706,0.372730838793299,0.3080250451965175,0.5261457899552429,0.5751139401817467,0.5472734816367285,0.5236530006202208,0.6328977431753624,0.5553407475029027,0.4443556256274416,0.705654438858661,0.36332365466546807,0.4540037101093697,0.5631770352156155,0.6758499251899169,0.5616101959672646,0.606440111279103,0.4163913303532132,0.6404982820329863,0.6202654786798242,0.6604434374205312,0.6217254572410178,0.44435982008774894,0.4746996337889038,0.543739123633601,0.24975622339539882,0.5102486466459673,0.47669017133584357,0.4889082950187225,0.3996822138066489,0.525071438311365,0.4457802545746955,0.46704032477730456,0.5357130181226989,0.5993579264306569,0.6678195095191949,0.42488847902483823,0.6479696209996708,0.4520131222007936,0.47650489241840144,0.6172647935732591,0.6405351357950821,0.47256082035534125,0.27461176978552615,0.562704472069322,0.5575940135658617,0.43815394329239055,0.4604699310984236,0.0,0.5944868535087612,0.6149210331677681
2019-11-30,0.6591386467629385,0.48926194981160426,0.38264950344754534,0.49369747420107063,0.5044991715398255,0.5216273760786032,0.43779732430217333,0.7154470768657355,0.5449566413086802,0.5057273218506166,0.3976132255831253,0.5504122680945333,0.5052048971179176,0.27098554678854964,0.6118631874140629,0.5432255874403523,0.6967359967683947,0.5065919077262976,0.6782054267377275,0.4927938155110056,0.0,0.6123803226062863,0.5747579302106465,0.3389894940284278,0.5346989570957941,0.39451269241095877,0.4461340905133854,0.0,0.5568346413252406,0.42867899804983584,0.5636485826099644,0.5665578667994579,0.5528105884965143,0.5358932330058586,0.5661024982807891,0.464105706933335,0.6202064985369831,0.507179249992176,0.5113655998028769,0.42511184972900434,0.4677499254778708,0.6285642374073048,0.6246629373512419,0.5699082354007795,0.6477663130381273,0.6631325204313792,0.6120055016268058,0.244855653211667,0.5304164855663763,0.334818536286313,0.5672520224482493,0.6194946418610973,0.5072944840823654,0.5306909871605893,0.061406786229163415,0.6597501464317751,0.6119930130567961,0.5595111542263914,0.611105380281191,0.635829284378175,0.6394843151885911,0.5394109776166502,0.4608066272655801,0.6980867800176896,0.46929084405992594,0.3676933602825989,0.6540439211627189,0.3628871232539691,0.5988670988276409,0.5620589109199533,0.5238151537860399,0.5240457324539881,0.5713869648463883,0.5899404298055232,0.5796749657855508,0.2986838310499693,0.5182710507900277,0.3652796199895621,0.31229305979598193,0.529162217459469,0.5733328730608347,0.541569487434501,0.5259760255127114,0.6355289466508827,0.5551293612399443,0.43974205740450495,0.7083821816836139,0.3690733383151934,0.4548239855819868,0.5721959042442484,0.6753895776904584,0.564343530082414,0.6064949491428364,0.40580448528910446,0.6440136635644204,0.6241096471405393,0.6607609497120637,0.6221128055317973,0.44468187882885885,0.47994961656589297,0.5460795220606652,0.2556860379633821,0.5112616423419301,0.47467464902500167,0.4943648493479006,0.37393162633455657,0.5303939352924567,0.4368906121276092,0.4776566131705183,0.5498505620165874,0.6070854441063464,0.6677619855228951,0.4227441812483933,0.657447867310027,0.4523309933065608,0.48107399472685186,0.6206202647544659,0.6465498115351261,0.4769380805182016,0.2691359679796574,0.5677485254426954,0.555323161745972,0.4401751805781914,0.4639638299087878,0.0,0.595670987029878,0.6129121813430378
2019-12-31,0.6567837345543163,0.4927352200597949,0.3780533147153198,0.49449402717029345,0.501974226133251,0.521399966608907,0.44107866441631605,0.7157441391600051,0.5446422930324719,0.5058502229251792,0.3969764605881428,0.5506104818522017,0.5054673788009971,0.2641416155740479,0.6114881614047389,0.5385052286039563,0.6974283384900911,0.5072983230218682,0.6786543076962948,0.4992205474272479,0.0,0.611893883177087,0.558582142699561,0.34164035736117937,0.5338407971328633,0.3941603349356171,0.45058407797059297,0.0,0.5575289707900748,0.4302481534365259,0.5637384566735277,0.5614360610469435,0.5496485233105803,0.5370309634166525,0.5766826789333328,0.4602640015798571,0.6193760942935795,0.5025015878333438,0.5046860547020733,0.445842397553097,0.46908944257335405,0.628384392302434,0.6277881567180891,0.5774992483647923,0.6468486297027064,0.6574346853513827,0.6117515889552325,0.2508507471023943,0.5311706441389534,0.33536715369200765,0.5655758848887912,0.6203498449249274,0.5055242903770024,0.5251277261050966,0.06992460019931367,0.6551356862345088,0.6099907335881188,0.560467712041336,0.6092732650174677,0.6328899232165855,0.636559802487682,0.5374462750099996,0.4588989955863317,0.6987819733077419,0.46852428446989386,0.3571269779602672,0.6484311764121704,0.3576534374047043,0.5993802813272466,0.5542094791662433,0.5238528400937992,0.5233810813992811,0.5675981154687033,0.5909838599927928,0.5735570512379948,0.30171045819785863,0.5125263108855632,0.35270882782139606,0.31337089823257885,0.5311451091256751,0.5682798602584018,0.5310494154156242,0.5271748828167581,0.6623181616379853,0.5488942890314714,0.4332399594067578,0.7073671714102034,0.37267771727460614,0.4535857104310916,0.5740722567632162,0.6736309403811908,0.5590902089450073,0.6022879613816746,0.4030070209697477,0.6450020703881192,0.6232364165133185,0.6578047408060776,0.6210713958036811,0.44505988166436683,0.4809422481064613,0.5460101105220941,0.25309531188004303,0.5086018895613426,0.4679160680902582,0.49603073743883674,0.34831380351001756,0.5307743408845865,0.4354002948150619,0.47685365720253203,0.5479064761846726,0.6078839150328182,0.6636877959882761,0.41236472476912095,0.6701643345219978,0.44499123145616293,0.4597865921927855,0.6144542217183446,0.6407247065620217,0.4789227346265077,0.26242579747268774,0.5681971823552541,0.5504992294627868,0.44157840452037256,0.46608123870232027,0.0,0.59472805388693,0.6156481522427274
2020-01-31,0.6553209615495122,0.49765437764256176,0.3759469241171448,0.4970525372849662,0.5017893584755485,0.5222707671343431,0.45791357725575477,0.716745232327834,0.5463020977980078,0.5064265901272664,0.3981749494046093,0.5512629412235741,0.5063129894920975,0.2626632364507981,0.6114403861091283,0.5354462307186674,0.7007335757175066,0.509947232762293,0.6798886105490508,0.5064568147859536,0.0,0.6120387828795307,0.5587227929519227,0.34501651751547435,0.5367252266152323,0.39594219298956745,0.455328164533552,0.0,0.5593916356797534,0.4325409924842262,0.5639928903135996,0.5572150265708015,0.5504041767644686,0.5385166188273017,0.5769985539135174,0.4567627786248079,0.6223619971963046,0.499232042123706,0.4984818381834252,0.44524962273177565,0.47123823692060385,0.6301365258033761,0.6320459298300131,0.5830001860017183,0.64700059027556,0.6579877998439703,0.6120837877822722,0.2592689902572951,0.5324476959198539,0.33338213366974934,0.5646823015343152,0.6227798829768688,0.5071910076680637,0.5208165775723389,0.08006383232884104,0.6572360658134215,0.6129288877523592,0.5643717059225234,0.6092505339924692,0.6328956814529207,0.6344490164110312,0.536299675259156,0.45841324187099874,0.7035211153728822,0.468181864682799,0.3498200243638494,0.6446577386193537,0.3553744939033726,0.6007133793011222,0.5484920294388596,0.5270374952189294,0.523454268862977,0.5640248401765723,0.5922682730940539,0.569191060714679,0.29785445896359625,0.5076894077201966,0.34311286151810133,0.3160241145015747,0.5335706570829313,0.5643578022486828,0.5230817223254419,0.5288711805986502,0.6627813208042412,0.5443383090784122,0.429157172562122,0.7079322698338653,0.37666320647952084,0.45288479376584434,0.5789548527778302,0.6720986105049165,0.5567718409302556,0.6002009273766624,0.40721626157614166,0.6467564595002209,0.6241955503747071,0.6567134097451675,0.6204968264506656,0.44645164711756957,0.4833955089723008,0.5467347938478531,0.2542605674588632,0.507739503775524,0.46280039108442256,0.5002644329793634,0.33199352425365536,0.5333280627951503,0.4343772719993724,0.49504369004662846,0.5510960647158181,0.6111459153545478,0.6600184262900187,0.40031709524153075,0.6745012170873469,0.4403295838417516,0.4580383589734301,0.6112191261080134,0.6392418444610907,0.48177175554440893,0.25764029042944764,0.5679972095311031,0.5454417806194857,0.443298315451568,0.4684502024883386,0.0,0.5947310734910084,0.6166403483459573
2020-02-29,0.6701686060126618,0.5055354834789915,0.38010693692907926,0.5035095413269567,0.5072621062382385,0.40879553417200676,0.46445994931007073,0.7226369565760344,0.5509996728671087,0.5079866246308441,0.4023969707088634,0.5414198427076643,0.5320713590334178,0.3293246039688149,0.6313906693054878,0.5354371086653598,0.7173675425103251,0.5157281237649199,0.6996842220152628,0.5139685834424262,0.0,0.6134528456301811,0.5636646459482623,0.363135715760884,0.5470204438006157,0.40018365030041625,0.45745535854287656,0.0,0.5633805786060193,0.46585535636210457,0.5651156545647765,0.5556893276007436,0.5582806031678375,0.55859493813817,0.6026707542376877,0.45484606896713553,0.6317091092208884,0.49883647569930745,0.507336219225906,0.4480301298704928,0.4931890223352814,0.6345211824396247,0.553929350562969,0.584629810479628,0.6522495805368439,0.6698102567742816,0.6212461790530764,0.28442096036832754,0.5346145651007319,0.3298357047797619,0.6079734714199574,0.6275082404989789,0.6318838379541659,0.5441840729163285,0.18282850361382058,0.6714617136337313,0.6249176150293769,0.4522741811537647,0.6051768255552219,0.6858512256370614,0.5615703260475208,0.5371215730193808,0.4599212835349661,0.7136693804932946,0.4952784886556974,0.358636222614227,0.5634825828735543,0.3832189258305884,0.6186814544387178,0.5479900995028388,0.5525392764229821,0.5517590422249256,0.5451217064473922,0.6089221488217458,0.5965436846054439,0.3818381287998399,0.5353903886704345,0.34055200874153524,0.3566601261282035,0.5733628265049779,0.5875916468575555,0.5414915738894186,0.5312603729396156,0.6655380643379871,0.5441406986542958,0.42890451769590326,0.7146777524409025,0.38119862277367766,0.4813142319696782,0.631899318496583,0.6715062714955607,0.560442891227633,0.5102272839223024,0.4547512070516836,0.6287384067383025,0.5621116853736511,0.658691110006991,0.6344865228448899,0.47138088677568274,0.563068414430295,0.5575365741863525,0.2629937960264466,0.525564751654494,0.46188118804223227,0.49979812972602444,0.3287391748321387,0.624796089017751,0.48879477240353786,0.5167133647925647,0.5750536031203927,0.6805605270812142,0.6721640489163984,0.4578077387891475,0.6894627226723787,0.4761626393354325,0.4569245293372256,0.6131876191995793,0.6456208723164725,0.5328293291349031,0.28187321672460364,0.5684777148290356,0.5418608116735569,0.44542406107219035,0.47121083087943233,0.0,0.5405470609558919,0.622366281725113
2020-03-31,0.5874098860094511,0.48191598985139494,0.47528409439031266,0.6045516645733205,0.5036126129840283,0.47314199905255233,0.4483042626925576,0.5851346817209491,0.5148653372483115,0.5790000989012907,0.30338594647212336,0.4300359614933457,0.4840191760955477,0.3067454907533219,0.5627974502066976,0.4901117164561423,0.6815583010308337,0.5329880354003889,0.6544963407753053,0.5001638132489422,0.0,0.5648576214734446,0.5389249399084003,0.36183931114683815,0.5562537331193929,0.3615539895942448,0.4391148657388675,0.0,0.43101813587473625,0.48164598579855095,0.5651289387790307,0.5522968065750515,0.6092384318291915,0.45766058764530415,0.5669060025618102,0.4792846243233711,0.6059785205079186,0.5435987754567315,0.4567429950096098,0.396045856609213,0.48656334095406806,0.5958683962977195,0.41323278792976015,0.5514958683244283,0.6062480117926892,0.656172883613965,0.5713958090975851,0.2736912042544604,0.5515044676134069,0.46912204876398705,0.6137829577023691,0.586009746730961,0.5854710335030932,0.4743338803077146,0.28096490623767734,0.6649945957719605,0.4852962710548886,0.5543152605821124,0.5098737290524329,0.4386323372585384,0.5166067051922075,0.5640397395858479,0.4125196510295242,0.6900389076656279,0.45307224355945275,0.4795438700569782,0.615560751248424,0.3258581641299748,0.6731321103658696,0.5744082856582464,0.5034988046563029,0.5487330781841716,0.5310245018918324,0.5698478756282668,0.5139270378619711,0.3285294638665785,0.6080982092612205,0.3467664523309127,0.36021682024146345,0.448099724904954,0.5120992579331496,0.5042188046008586,0.4777645895861201,0.6230589331907135,0.5089110772996245,0.3898200972898891,0.725322824297096,0.4042349429397274,0.5324792669490306,0.6481304055667668,0.6160572373228388,0.4403224059450694,0.5939014623670689,0.34389005382587695,0.6555298181231861,0.5238179387802412,0.6166469959586276,0.5824669776690015,0.44715695820528095,0.518103899210253,0.5789047792621705,0.3432662953998986,0.47619669612087284,0.428187349274243,0.35365830938630616,0.3899756942923576,0.5870732843162965,0.5277642100725182,0.4964172032537889,0.6377266967154523,0.633908027996658,0.6528361963984735,0.5077967790130427,0.6844363164241031,0.6018841326172764,0.4967043238319074,0.6050005878490305,0.6453177612265742,0.48349691617936563,0.25902783047687933,0.5257487619213195,0.48827359702275686,0.39451010646840035,0.4474312188698131,0.0,0.5200144367718212,0.6066355752970957
2020-04-30,0.5897040898292808,0.4934460210978801,0.4506975301150931,0.6119645447744985,0.5147284084463349,0.46712769368995805,0.4358814626923862,0.5895564165362418,0.5228981093286844,0.5875540017498005,0.31277168541280087,0.4314049882697184,0.4858916903013462,0.2924941876964601,0.5653079227449314,0.49319152428361535,0.6865587523292741,0.5256601222841584,0.658696549360568,0.5115739803473226,0.22958518137759804,0.5672207515974197,0.5467142673940908,0.3668336912137057,0.5651942287858902,0.36943582739053116,0.438252543240645,0.0,0.4370146803439897,0.4873709400702405,0.5709984514887423,0.5372513017797091,0.6208950753613982,0.4800489141035142,0.569156683533381,0.4740033332696964,0.6128894207339265,0.533431887478919,0.45271207788889806,0.3742036312447667,0.49070043288715665,0.604020331518808,0.41939978178480414,0.5618634024949811,0.6101462752750381,0.6613442651468441,0.5654276516522191,0.27954526196664364,0.5545540594251409,0.49879221188876643,0.5840504601331201,0.5914972992139015,0.5882777051667261,0.47943688097613835,0.2736218673851905,0.6713049885359796,0.5015850542650641,0.5445173922066261,0.5083556051365576,0.3969291635144917,0.5177718484402012,0.5277436375233678,0.41648344666755954,0.6936300721137151,0.47582605369333447,0.48096798154679543,0.5909419758069208,0.32456692376635027,0.6655180761039492,0.5798094700777406,0.510751160127701,0.5269214412366164,0.5239982924215624,0.5512201399447116,0.5221602308006142,0.32220429829881847,0.6116598549280268,0.2888372878042972,0.35319878779694486,0.45208259040817234,0.511503863396957,0.5078714530754735,0.4809532989506643,0.6278061363142985,0.47809059071492815,0.40152898087262023,0.7289370358050768,0.41073437480845537,0.5353951230014455,0.6528813287121842,0.615922862066692,0.4423732824192718,0.5907838658322947,0.32619113909053404,0.6594513520761058,0.5298601153192599,0.6364506257689823,0.562240781733775,0.4466622579257781,0.5269252746105721,0.5840318220158071,0.3507868962346944,0.47932362814178314,0.43156639893611637,0.3657888473456512,0.390098114129608,0.5868832040487271,0.5274474097949132,0.5110691707795297,0.6440064301859554,0.6367860844842166,0.655379133766462,0.5034366944193762,0.6918442092488308,0.6105628474766295,0.4971186907875954,0.6051665770121634,0.6474645964672497,0.4894541067165458,0.27556544625986573,0.5306561420804365,0.4853887211516292,0.3974179561838413,0.43414652557998007,0.0,0.5222701671964133,0.6006049089608301
2020-05-31,0.5853288507856095,0.48384353081362075,0.4356271850795605,0.5919714503868564,0.4957200496736273,0.46069115481331924,0.4331239003704463,0.5890103075505931,0.518469205983859,0.5816855530800222,0.30187766510769487,0.4315307474090465,0.4812315548608342,0.286903850276456,0.5637401435060019,0.4878710647116893,0.6845929544271346,0.5217261103816919,0.6674351446775519,0.5153600948567989,0.22151447522386591,0.5642705893819829,0.5330465231640773,0.36760913406085594,0.5580476970480921,0.36591711607409627,0.4388822582739977,0.0,0.43199461320760113,0.48493364360770014,0.5705629529749457,0.528643601006143,0.6024272010976329,0.4757202775383829,0.5645531396622879,0.4654586389649436,0.6058639949739938,0.5249770249421093,0.44612413630558384,0.3653688191523963,0.49068844575557197,0.6015533322444658,0.41966030200695886,0.5665292117206797,0.6075516932863034,0.6536211448384139,0.5636467599059303,0.2748421536938037,0.5485953244236803,0.4891791574472638,0.575668094721003,0.5893526248603169,0.5856412357047511,0.4761399366741075,0.2690639270048134,0.6628202701092011,0.4841129980924579,0.5405322973559255,0.5045028792965297,0.39294616634075424,0.5110705679464631,0.48848563353312846,0.41507062438769504,0.692629331149331,0.4725949523635273,0.4629380832470449,0.5833035064304455,0.32162736613575793,0.6598525153924382,0.5662074618653374,0.48741791682301167,0.5217114330461531,0.519117751799549,0.549460568963637,0.5056499624418996,0.31287093683891826,0.5956794854446879,0.2762733838050991,0.35099896302359057,0.4530239078259752,0.506205324168165,0.49700246528359315,0.48087731150157836,0.6234530442227807,0.46798106047595583,0.4003624475625926,0.7263976737311982,0.4104625326653381,0.5277842542078208,0.6518081887072976,0.6128476792461334,0.433865554181581,0.5857381962771548,0.3398034064621178,0.6579585764175762,0.5251001443114652,0.632760726429855,0.5576609695082155,0.4482927519854089,0.5237367151395482,0.5771529132604377,0.33876393073584216,0.47750518733606845,0.4208101389770217,0.38026171731551933,0.3583622045368473,0.5812736482038774,0.5228947206540924,0.4832052077766289,0.6057233152994657,0.6357696022873415,0.645307093011303,0.4833996318761683,0.6855886658187806,0.6132823095176386,0.4814980932654276,0.5563729959378052,0.6398259484278545,0.4956655074907447,0.2665199280968709,0.522018272036827,0.47657124165431364,0.3976037997723667,0.4321518795579989,0.0,0.5185039707207686,0.6061879408162117
2020-06-30,0.5899570011914216,0.5041816061877453,0.42180653619208264,0.6154859064920674,0.5218843053152997,0.4788140122452416,0.46600214745053503,0.5948485846513164,0.5317415628799902,0.5899203580202993,0.2968908007376469,0.4336818977474375,0.4869420338833809,0.2914179585300565,0.5669315559053167,0.4950182615698411,0.6918094537539557,0.535454875026766,0.6997092821878427,0.5272711383864116,0.22259195755957475,0.5689870246904869,0.5522279462682833,0.3742240618217936,0.5751316063162863,0.37983030359452685,0.4448693257876891,0.0,0.4439779923600665,0.49368857059572196,0.5766275643716731,0.5331171932254819,0.6307333939060019,0.4787419497731891,0.5706056417866266,0.46303440325866213,0.6175539804168536,0.5131843922230213,0.44461299404796095,0.38703343889483616,0.4966755022147886,0.6138773867372871,0.42832690027988307,0.586471674011279,0.6137296490957298,0.6639438516215562,0.5678675079038333,0.2883127209419403,0.5564879206819737,0.48818637717661156,0.5845091689807005,0.5982412408457755,0.5905461221546708,0.4816782375021894,0.26625336315035675,0.6755052958228427,0.5158036892194839,0.5513978258112351,0.5040322418043236,0.3946350061865148,0.5137507174745921,0.4531595472629532,0.42211935223436564,0.6977562205130083,0.4748408502116541,0.47450541400827756,0.5908082382304494,0.3251305339284854,0.6602541811005489,0.5803574306404683,0.4960236162239149,0.5259761958420119,0.5183572482618594,0.5533110616538693,0.5241383945502192,0.31601886129822504,0.609327975016796,0.2948263195405244,0.34774586402091306,0.45776163142329546,0.507862714031283,0.5065587025098013,0.4855313285317703,0.6319629107717548,0.4760447034384007,0.41089032808846804,0.7321519125199067,0.4191841414796171,0.5360482465507455,0.6610572479693335,0.6136132724227709,0.44250141515353303,0.5911595491895217,0.3279743864222758,0.663668711082461,0.5357749313789818,0.6420030215098963,0.5601868141839511,0.4446613181587651,0.5375064910589902,0.5887175603930824,0.356312843998468,0.4828236309579969,0.4331716577022198,0.39356553453620247,0.37029035025842544,0.5855831260720985,0.5174791506598481,0.5078888819794525,0.6256924968292733,0.640819926657263,0.6530457278388218,0.4865613281677285,0.6977385332037976,0.6189102293912331,0.490821199424987,0.5825027569926116,0.6468934610044584,0.5038202038679727,0.259998692404748,0.5265700636307719,0.47649684246497404,0.4018121164397511,0.4372354076600613,0.0,0.5229831409081842,0.6023684298577197
2020-07-31,0.5887280307472604,0.44220787029784797,0.40721195662414167,0.6114230164241992,0.5197529347250656,0.4698761133791595,0.49380685920609446,0.5951575214417633,0.533956221307401,0.5889888252365789,0.30181696846756567,0.4347146200803908,0.4860137912498,0.29083744967536734,0.5671536682814871,0.49489678516211744,0.6935591017502513,0.5380377408085972,0.7268939796924281,0.5344462133808959,0.22185174536033372,0.5686080923918723,0.5499223719248829,0.37754936338623263,0.5775668584229089,0.38229315663556296,0.44723628555216965,0.0,0.4443328597933067,0.49537321613237145,0.5790289560593441,0.5292326585185414,0.6308576878907421,0.477612455252839,0.5698327668670456,0.4579222775426913,0.6188025751066789,0.43252138421887354,0.44053881321161953,0.3903695062232237,0.49882349265979886,0.6171384167800529,0.43149967989039784,0.6293737461452161,0.6146380547166311,0.6639082922258172,0.5683895338042984,0.3578787526560573,0.5557419420475019,0.47717720813424985,0.583115927678819,0.6002323824548613,0.5927888800453955,0.48257227824210375,0.2585981196695701,0.6758729627590578,0.515985500978626,0.5534193164450391,0.5008690982449187,0.3927442350691112,0.5124863384592124,0.42188882888238366,0.42414725925507923,0.6861109431215577,0.4739539894687837,0.47802066178810926,0.5876019476505947,0.30850299339469617,0.6591091678998169,0.5771953949377457,0.5059707572040103,0.5248346724779196,0.5148731413357912,0.5537775813362721,0.5208533471256467,0.3158960885615025,0.6036342365714606,0.2960967650762302,0.3527077459053785,0.4601168412113609,0.5053057883653805,0.5036880362827415,0.48707793264509086,0.6222002559793758,0.4722327736608249,0.41393007616092453,0.7329315453319795,0.4220204013763953,0.5338309093268638,0.6731634224927143,0.6115106116030166,0.43937573847749983,0.5909070643099817,0.3219769972552419,0.6647129654577769,0.5365654105336353,0.6429857707247162,0.5587226960387695,0.44738987120826434,0.5403420259519582,0.5877265872745299,0.35581738716683875,0.4838353755190115,0.43147898642765975,0.4509105595495815,0.36959927132276316,0.5860180599277435,0.515966820387244,0.5146275953707102,0.6285593320286715,0.6427631937669789,0.6478526786470632,0.4760937158181725,0.6989580000841437,0.6338658238953899,0.4844534793604939,0.5683288508826131,0.6454375540074471,0.5061724430117436,0.263676156646252,0.5199197371418544,0.4707598000293884,0.4034410897273433,0.4363380421307085,0.0,0.5224724298464701,0.6029317139629007
2020-08-31,0.5877940749622028,0.504568242974948,0.3948247039850061,0.607223496813949,0.5171672512232635,0.4616976064357331,0.4972958938725836,0.5966472232794555,0.5358967812229986,0.5880559849990534,0.29762061890633285,0.43581989007796484,0.48522718069339726,0.29080959305767407,0.5675146345241786,0.49523861344879627,0.695423062663801,0.5403588042001534,0.7268171036158362,0.540924657873863,0.22171201805164495,0.5682243177235521,0.5472597955441041,0.3807720475071293,0.5796665935849621,0.38431698032576805,0.44934418585029307,0.0,0.444366879693332,0.5191619340486218,0.5811493792902017,0.5258556590257754,0.6300857334821415,0.4769406139862921,0.5691763510083271,0.45453449559599973,0.6200632051732635,0.4771862611929302,0.43751898026049674,0.3930206588559474,0.5008272839060959,0.6201392621259529,0.43430612492173415,0.6131253365889199,0.6156848026936852,0.6638534174926546,0.5689709008626995,0.3612178216055426,0.5551477287884045,0.4666650266599806,0.5821473112965168,0.6021028099964573,0.5952323623828573,0.4835219066536088,0.2464746411809582,0.6761295378973795,0.5151979814785809,0.5554961387435936,0.49801205929886144,0.39130303550028067,0.511482037133678,0.42696367029680826,0.42614415451164794,0.6877884018346304,0.47343701367466356,0.4737449207574804,0.585756088149061,0.3110982781516524,0.659070504718122,0.5743192301431018,0.491880543378303,0.5241976970060699,0.5119417967209366,0.5543501354513879,0.517940694732328,0.317954251718313,0.5985421212156379,0.2979923389090582,0.34871100029891733,0.462305633607066,0.503418583789493,0.5013497554181608,0.48848002578754934,0.6225707909348865,0.4689328573866741,0.41662780532919597,0.7339156648052793,0.42452835698587255,0.5318804442798754,0.6790180784060629,0.6095353749502943,0.4364586189295536,0.5913518062556219,0.3201664210021397,0.665738063116621,0.5372614217041057,0.6438033967512585,0.5577333788881076,0.44996949289381477,0.5428994220175016,0.586466377684898,0.35513838768314504,0.48500062687136675,0.43039381629741164,0.44136679152865277,0.3697547544494421,0.5874173082328058,0.515053279138801,0.5203689972467238,0.6306472112102416,0.6449697659347973,0.6423402756169141,0.4684653537886175,0.699643243035981,0.635247954067777,0.47941470027850974,0.5619885234971622,0.6445986321465569,0.5253057182463379,0.2779113494823024,0.5139712306203529,0.46602246721212026,0.404987461557157,0.43560671880674445,0.0,0.5222775934991237,0.6035039525383196
2020-09-30,0.48761578310464654,0.5135756145134779,0.3141939138405877,0.6144553902660619,0.5260028217570989,0.4508348738811398,0.49676119749544084,0.5999477465159563,0.4589484716401908,0.5919732021812176,0.3428994240720026,0.4055099025792599,0.501278474216079,0.29550993124529573,0.568896472100411,0.44449628123469637,0.5125548160543105,0.5302069176767222,0.7295256575256965,0.5402891025054536,0.2239954393081339,0.583436118684152,0.5550591164926799,0.37765958640191194,0.574721063889146,0.3926176422493175,0.4191436667258595,0.0,0.4825406166381817,0.5628991452373198,0.5537404538238723,0.48938182125881535,0.656822899967034,0.5054361923957432,0.6011757536019977,0.4644281138965342,0.6902639620148784,0.41490241506306597,0.42178735331352096,0.4019493117459822,0.4431692881559196,0.6378131305459243,0.4155601237430293,0.6173289875262719,0.6156568952154536,0.5572927973144985,0.5936183119599345,0.466416275567059,0.5416549947172934,0.49678166132443113,0.5285083320360565,0.5329481432428814,0.598487357440484,0.4866266252301151,0.23543377063492463,0.6907939081760368,0.5292514075383603,0.5788627872580345,0.5163489643645213,0.42832527196621495,0.5123126773988399,0.42505888235860256,0.43091469064978,0.6901677519333563,0.4593331426650729,0.47194877030251414,0.512784017826409,0.3163393804616382,0.6366121943533802,0.48577724605697925,0.42154072838240386,0.5227257052000939,0.5176943127770136,0.5641258715976839,0.525179774320297,0.32486927382172226,0.6037622838111595,0.3108041906964219,0.3769753608088404,0.4536623428880424,0.5038158323850537,0.4266324135451507,0.47320419793043494,0.6269157646509289,0.47219028267886265,0.4421892629222285,0.7102130365413958,0.42992305457947144,0.47627399323539715,0.5630283198231208,0.6180247921944717,0.5319018307425263,0.613676590908523,0.32101297181939287,0.6687336390983223,0.6246778064374939,0.6475798163403246,0.5804798002735599,0.433849001298438,0.5507674662467369,0.6148451721415598,0.3608985130142985,0.4496519931497336,0.4168616623599338,0.39191590898068035,0.292688574909429,0.5912313035311423,0.4411890458283052,0.5349729958193779,0.6395825695544806,0.7039621068057945,0.583807975742181,0.4473031335874703,0.7032829530286536,0.5581824740241986,0.4838552136514737,0.5634035789882029,0.6633833874327147,0.4829290681479769,0.30791566329272635,0.49858876681318404,0.46449357428317717,0.42091986649321034,0.4615960241533448,0.39454829994071866,0.536494604324092,0.5969625789287013
2020-10-31,0.5057571071694744,0.49901750189619876,0.2684296993961127,0.5643254165642726,0.47355317943805986,0.4418619448892772,0.5021806592203847,0.5603988329835302,0.450371031534025,0.5763981302609006,0.3768552310226561,0.44119307194530094,0.4886122083276314,0.25881166356349894,0.5811011457937235,0.43827392768151857,0.4929017209169794,0.5333085258233816,0.7180107526380717,0.502426975915962,0.21628698936050003,0.5923199738883611,0.5178609502154337,0.37410032886890776,0.5986742123418178,0.3770786613881477,0.4269306882813473,0.0,0.45832267000366467,0.5485843215736007,0.5469351955069721,0.47003533139333675,0.6615804608193587,0.4933675483622929,0.6290603447005223,0.47317311701633114,0.7337727293453358,0.36544112928644495,0.4393059970472396,0.3711202824373098,0.4397145932228549,0.6527899891697667,0.4310495761853118,0.578714311177602,0.6421914877202619,0.49923691731052955,0.6042333065831911,0.499855047820276,0.5284818589388005,0.4713910965636593,0.5757125961549499,0.5211494691277052,0.5914647301384598,0.4781873380712588,0.16854773876771123,0.7195662974928062,0.47915246067655926,0.5586709881641356,0.5208846528626649,0.45749326854243044,0.5048385996463602,0.4101017355858296,0.43299157227372526,0.6830797282384392,0.45545248629182056,0.44251149961865355,0.4493923410663045,0.35897096262790246,0.648003086634413,0.4616994902934622,0.4657082585164755,0.5105100463391444,0.5646312088371862,0.5783420636489705,0.48500843481970274,0.38687087345737325,0.5694621310941003,0.28516723961378565,0.3964789386066523,0.5021043790992551,0.43685745766714684,0.49758737217547094,0.38245719004184,0.6436687980568674,0.45174468983730703,0.4720849241798558,0.6980271972938976,0.4225297429392759,0.46761230517458846,0.5403102961041201,0.6417350208769841,0.49388760141837523,0.5881899770131532,0.38879381084378223,0.6599907446461357,0.6131869842270479,0.6619203406554137,0.6016005479047675,0.470598919819489,0.534159957525785,0.6100930291487053,0.2869136172012463,0.46997481989890183,0.3969989120026739,0.45788261726363993,0.3234145368075315,0.5821853299667499,0.4473378501712326,0.4814826171917684,0.605375222886621,0.7024084515783128,0.5620509039672639,0.41499990854274543,0.6766268092131906,0.5334363267672078,0.4558876849707757,0.4903270774562627,0.5802259055565644,0.5106665023826171,0.3362270268721548,0.4797851579786128,0.47761247771436516,0.4343278502481176,0.39480244615867643,0.3815882369231589,0.5002310718946841,0.6296885804056395
2020-11-30,0.5088138029515797,0.4876471588874573,0.2581849574594898,0.5453834745420743,0.4851311661659135,0.44038955455503226,0.509361091471545,0.5527437569489663,0.44958121626976566,0.5710128911962438,0.4068096237982813,0.4308104734613778,0.48404068941071965,0.30864596264713035,0.5803974138331071,0.41860758714336826,0.4871822324830988,0.5502456712415427,0.7119291048095703,0.4977255763183501,0.21313889050210602,0.5974959330572919,0.5045321277789069,0.3865811373769942,0.5771330006723979,0.37479105274203073,0.4265914488435624,0.0,0.45347332396298695,0.5171802898919508,0.543324897441343,0.4641346975304489,0.6382439397305533,0.49316685188515835,0.6342866565644415,0.46911637860721617,0.7125306253711982,0.3333388807779213,0.4344029984578188,0.36068908440715874,0.439798404344516,0.6445483748234542,0.4435193034348259,0.5637767159629443,0.6376032210434465,0.44159715381449677,0.5999917534427668,0.5111755880292586,0.5240852307929209,0.45636009997300403,0.5646967206842739,0.5177438355730503,0.5844941987161045,0.4754152251898451,0.19880024580233333,0.7140880038201337,0.46585986231965654,0.5492054150678063,0.4988799302547629,0.43062243339372613,0.5017008922951214,0.39800229429651807,0.4415762365841358,0.6760631028917332,0.4533789581042731,0.40454135509225214,0.4345189583089841,0.3813919145369133,0.6442654261246739,0.45499892026804767,0.4536435208087098,0.4965068463535867,0.56162413204271,0.5663252166052195,0.5186887146740428,0.37238097643148826,0.6800274961935067,0.28258824891460543,0.38379187560498995,0.5044966791300702,0.4208033804702918,0.4872060526544601,0.38186846591437434,0.6367094367758871,0.4454090262399847,0.4643861864347206,0.6926476047698791,0.4212146615932517,0.4796697993381092,0.5342521545367039,0.6378394071227462,0.4819577986608802,0.5820815048046998,0.38407983801220286,0.6548850254979652,0.6203174860119455,0.6536091687351276,0.5858049226701735,0.47552678377524765,0.528634043043835,0.5974094234662451,0.2702233702348861,0.46862543821944447,0.3915025507842054,0.49070713450363534,0.32319529313582024,0.5764033604869709,0.4393748432292024,0.47495418372037684,0.5847511032191556,0.7004726685047101,0.5519469597364938,0.3989521596692419,0.64765811628062,0.5194791781726513,0.4485019151965125,0.4690069884598366,0.5598440612434344,0.5022346628247951,0.36396942339512445,0.47271127678908215,0.46895187856178,0.4318357448791729,0.39281056223016525,0.3871853654846291,0.4924021509370308,0.6402299441159277
2020-12-31,0.5092902472700833,0.4966039238555651,0.2377493161758432,0.5566381294763012,0.505537877483624,0.43408589350499555,0.5165552698589119,0.5528599803395988,0.4547603707208785,0.5746224566278434,0.4077568219836479,0.4317242672622626,0.48688810986251924,0.3058707969289571,0.5805646694603208,0.4211449201005106,0.488404884290693,0.5564344034910028,0.7145050191068196,0.5026888615612887,0.21259969035818208,0.599610655637649,0.513285776780907,0.3903747851310828,0.5895002370890039,0.3818818094621184,0.4296778104802231,0.0,0.4586931678356995,0.5220342323182602,0.5446719323269646,0.46395628923740045,0.6513293681512718,0.4934495608465122,0.6313675912812924,0.469746206741204,0.7123432057542881,0.3338711261153115,0.4333616369365382,0.37410035792686946,0.4426885060346428,0.6490353608143158,0.44933771492226177,0.623711275089962,0.6403384871544192,0.44714693229745733,0.601229473369297,0.5093996938538257,0.528182554096828,0.45420206184089895,0.5692094086882734,0.5233218659530259,0.5908571564376327,0.47857300545275433,0.20276934881002384,0.7149793749596474,0.47746856202342913,0.5574060109395994,0.49918155024140065,0.4324742957843537,0.5021118223762563,0.3904556906638244,0.44418346520746593,0.6830996205909265,0.45440251824307837,0.42068000819593304,0.4348341689528212,0.38306381615188306,0.6446346296564861,0.4600529258565801,0.4574316270699298,0.4976744848542706,0.5564832050886196,0.5676035671955242,0.5274326543519949,0.3727809494725448,0.6793676456938321,0.29468344465662494,0.38328844015417063,0.5070222031673961,0.42054458684208446,0.49443853166899326,0.3829074610028778,0.6146530169865974,0.4476550103993655,0.467817670139546,0.6957864007683964,0.42549748814799454,0.48069797825736765,0.540697121442817,0.6367354252774945,0.4879456178077122,0.5842883847717557,0.3851401885375068,0.6570592335632208,0.620968752905851,0.6570464732863104,0.5862546387773744,0.4776809654494748,0.5339559899240032,0.6036341847852931,0.2884632963825544,0.4705236270993348,0.39567890357549673,0.4840203808016267,0.34252812722929077,0.5817099848619176,0.4387222598100686,0.4889861714292174,0.6051501494734722,0.7031964581414114,0.5505107235423421,0.40602415374472794,0.5974526392054322,0.5275922025625306,0.45392029976618203,0.45052641630454576,0.5720521944164153,0.505658624534102,0.36132101065604255,0.4751191094324987,0.4669358974738314,0.43393066314425843,0.39452568870338856,0.3478231694696489,0.49335539514693233,0.636287950345928
2021-01-31,0.5064086742904792,0.4916540271655379,0.22474384320610982,0.535779204124768,0.49182065088567317,0.42685416591504055,0.5146249967929667,0.5494120932548925,0.4555267344817164,0.5721170169389206,0.4001945644500908,0.4316921739604392,0.4848505806792407,0.2968839932044734,0.5780920615530087,0.4212188697754548,0.4843722848983674,0.5534238609416657,0.711363095161033,0.5048471376318147,0.20929475815609377,0.5849781521864852,0.5069977770484476,0.3914120278102849,0.6033735569325672,0.38236095607178494,0.43025984946236895,0.0,0.45629092361073537,0.49365520544544594,0.5425499066581596,0.46023920925026535,0.639726716115249,0.4903458294563334,0.6040399947025481,0.46777950114856404,0.7104828242323987,0.32085046441040604,0.43052140959847307,0.37110663861287896,0.4435088217662618,0.6456295675739442,0.4501736512618043,0.6061868423465624,0.6380822627484173,0.4441834128144405,0.5990295966952184,0.5019783882811641,0.52655293324315,0.44686194828479325,0.5635451422995892,0.5223002451026277,0.5883192813273712,0.47692321328793463,0.20514166942109138,0.7119400819508453,0.47206870267512013,0.5532558792228788,0.49697768374576906,0.43110809681902573,0.5002000543907241,0.38334108817326656,0.4425152904564981,0.6800659201185922,0.45354076252615216,0.39867761710502864,0.4328269575877606,0.3822885957187598,0.6430367916665561,0.4574809758407331,0.45796438937906436,0.49426007158100904,0.5494813156777854,0.5658073611686664,0.5178204595288811,0.36949467340713116,0.6666872896542437,0.2941326422902652,0.37896653173088607,0.5070356714924141,0.41880606650163194,0.49061293562614894,0.3827665208282867,0.5745715593250262,0.4445751006566062,0.46500562345087504,0.6929287530264001,0.42579669404589215,0.4789314617476317,0.5380004069019247,0.6331200889271146,0.4819177153635619,0.5813841102659061,0.3868824046954141,0.6538668716050517,0.6166734548828896,0.6529608410652794,0.5832129428921285,0.4782944715438372,0.5315832844154635,0.6058042944022647,0.28255443963821675,0.47015885851397904,0.3940074939155044,0.45263645722414897,0.33784839909737474,0.5798849917924227,0.43712966708641715,0.4883342106587094,0.5965981190149248,0.7029437281070259,0.5427984658324737,0.4001948569343658,0.5555374334126808,0.5200223595205365,0.4516504190550478,0.42747609467171316,0.5622778421267403,0.5050951111585594,0.3545504216577665,0.4733036501325192,0.4616063301921373,0.43316174677854236,0.3940409168994528,0.2894576061619504,0.4913966687845248,0.6373251798689517
2021-02-28,0.5355425728198924,0.41329477622391236,0.23899016830076164,0.528346890032513,0.47570844643945626,0.45022085446760346,0.4994978581872037,0.545420468139024,0.4472168751846858,0.5691390158380131,0.4045003885502927,0.4815515718623579,0.4824989244809288,0.2893052859580902,0.5847224406708661,0.4211081759442396,0.515118805566111,0.5470184073885638,0.7073417384510237,0.5132313489562291,0.2058332299425226,0.5998906865774308,0.5000856009709033,0.392076563014156,0.5873971607644687,0.3823743341206914,0.4296748159139134,0.0,0.4749460156504425,0.5370556762487316,0.5397459073619816,0.45654425862687237,0.625253538094503,0.48594251670024124,0.6348522277024796,0.5005072826955709,0.7072825362197165,0.3123388791775011,0.4373384515257747,0.3685353618234017,0.4441869333666689,0.6411848106481175,0.4738344837704869,0.5905126148443216,0.6553040332888636,0.44189228635304945,0.6108382425791573,0.4937030308930293,0.5244118759180364,0.4406322100708142,0.5530441324168063,0.5058241369637791,0.583301701933561,0.47486521543789745,0.2519065860492544,0.7068709610964524,0.4669281520517472,0.5629741504618203,0.5528317642920697,0.4537216598811537,0.4982799541303598,0.3914457654975356,0.4589166967610339,0.6321744766954148,0.46290941879459746,0.37483167700442777,0.43096973371373476,0.421859507028362,0.6402820489761298,0.4547878327148162,0.5132405651752047,0.49869698499631704,0.5534277655396626,0.5708465575953279,0.587626294468659,0.42491680633736506,0.6527773954165897,0.2923707620714672,0.37072271461863027,0.5098860226539846,0.41739663431195756,0.5055145955598447,0.4712463381064456,0.6171203487369733,0.44157492737527915,0.46206323240409525,0.7161538463306373,0.45119121648533805,0.5148639559373133,0.5349644558496669,0.6375528336855815,0.4756638235778519,0.577513313527789,0.4156407577843371,0.6495265221512421,0.6591489087193024,0.6712744797420258,0.6115990850166366,0.5120835636486291,0.5283085624233856,0.6524552484002755,0.27251670846543297,0.515964204269408,0.42851468549722144,0.5013443698114318,0.3752825680500493,0.6160190855808895,0.4351949260770007,0.48616948700570883,0.4761891405125314,0.7078945905139447,0.5593906538237674,0.43746187370369716,0.5392872955617802,0.5109134379418705,0.4496565119150906,0.4144974304059528,0.5874251239151922,0.5480820616040688,0.3874028015253183,0.4868526900266308,0.4565606656192309,0.48383302611904194,0.4013322146119838,0.26115366650458516,0.498184190812762,0.6729247906102869
2021-03-31,0.5949454227417013,0.40348039723650575,0.3047976596274967,0.520114595274285,0.4544901093348699,0.4010474893888068,0.5037948980005013,0.5618091108666742,0.48506363477318964,0.5601348889459657,0.5034815898460538,0.4893251215698681,0.5004093808299215,0.28049149856601246,0.6154234290089861,0.42625100231751756,0.6178559660561527,0.5676668858042117,0.6986707709541277,0.5144323289190291,0.18322674261467758,0.6176755408440985,0.5034422607435951,0.43424691863400194,0.5633955353915555,0.38057832091530885,0.49102989583016726,0.18195765902586455,0.4997828343841125,0.5419640150268535,0.5834029281855476,0.49513305380546346,0.6083339029364347,0.49234977610867753,0.6557668517086955,0.48621687584698375,0.6713766612009268,0.3346481072115306,0.4598889653077884,0.4265916109977666,0.4975465242439645,0.6274972979847137,0.501327637300806,0.5659804963630216,0.6672383046453999,0.46024992301871354,0.6622880525332312,0.5925612415086912,0.5405620629389902,0.4574269391847101,0.6335128490159773,0.5860804120899621,0.56516922829032,0.47071597250441166,0.3155882626820258,0.6839035525894825,0.5300748468841219,0.5898640940942872,0.568664303044113,0.4927712729661261,0.4957047084480348,0.3994265138086855,0.45092741884884724,0.6024438775593329,0.49482465796003783,0.427854252310942,0.42649285902353434,0.43401843126340345,0.6349389997064643,0.44088975948564957,0.5169353556889227,0.5721110587479731,0.6168205073942284,0.6024417315805738,0.6550299612078477,0.43667621774788323,0.6920419225522101,0.4124461818467018,0.38465850589666667,0.5807348173076545,0.49762141600011206,0.5558622201537022,0.47122770644199985,0.5824798512950308,0.48069141578923896,0.49537513059269567,0.7219144692935588,0.44637565061163814,0.5974858357956266,0.513089769143443,0.6073445771808131,0.46634780530622005,0.6015073874203599,0.4722306923766176,0.6581780909515705,0.6491528942573116,0.6666838965470441,0.6597975706312322,0.5258909397046836,0.5215606873588748,0.6649143208382806,0.25048917390832726,0.5621970953128441,0.44885890932255357,0.5470726306234435,0.3549092194412543,0.5888258325799276,0.4888292523981673,0.47895205223601783,0.4576229599327879,0.7025387623913869,0.6593880430340429,0.5741748293188244,0.5157299402329374,0.5062919393169797,0.44665723965933146,0.4209894914192135,0.5563647684909444,0.575972820430433,0.3603611089877573,0.4607581528017586,0.4843174203290932,0.4650895542300353,0.4428032211581062,0.27924641859430677,0.51632531015694,0.7127860377980255
2021-04-30,0.5965194368827942,0.4078652799063078,0.30415332362880404,0.5236626728565084,0.46375494447472926,0.4043191550664817,0.5250494589831924,0.5618809956107376,0.4906131581770628,0.5634276932483532,0.5158909952100545,0.4897765413764314,0.5032830800119896,0.28344366853079095,0.6156156515483948,0.42892363221724167,0.6251596906014222,0.5734950422547681,0.7017817592168123,0.5187066568679386,0.189452975910784,0.6199058367780741,0.5064190187921317,0.43432703113727683,0.5761432530646141,0.38612782380310784,0.4916326619997608,0.12285494835940795,0.5077817686531518,0.5376038337055393,0.584436022446256,0.4958540125898314,0.619921765042502,0.4933547455468674,0.6572404478092376,0.4867192183275875,0.6756618740403253,0.33171328153994634,0.4595798831083498,0.43661843846977444,0.5007660293543698,0.6335487381723482,0.507835066813574,0.6006422797190076,0.6693295265336725,0.4632339233948946,0.6625842971776852,0.594348683881913,0.5445577478665503,0.45995324975400104,0.6341481721447247,0.5922922828514631,0.5754528099989429,0.4728344439665604,0.3131638404856615,0.6971773029905339,0.549080809509223,0.5978184309607605,0.5714382887333038,0.4969323642304082,0.4967186093676288,0.3979089859322792,0.45329331074378154,0.6202474239921247,0.4941962577130584,0.45639341448950854,0.427449755156383,0.4331622574028952,0.6347320204801987,0.4444290897923056,0.5158602011484333,0.5720954799565586,0.6089175676953564,0.6025427939959881,0.6498764742859925,0.43273978183937506,0.6937173219024889,0.39883947078811366,0.386715557222,0.5811895135846536,0.49814132255151045,0.5588282193343492,0.47344051867071846,0.5860892948642681,0.4824152376255413,0.4985295602444121,0.7246016387896532,0.44977779313693583,0.6006690330282233,0.5220896448471364,0.6064498020276183,0.4705772815201769,0.6034224735272667,0.45196257824809716,0.6606932963218786,0.647848254178825,0.6711964641880929,0.6587489344511633,0.52610993466806,0.5237068142834144,0.6717250576632118,0.26658062374049557,0.5652080452779277,0.45368685713276824,0.5515391003629024,0.3721700322629729,0.5939733304212396,0.48810004551649205,0.48959300180483617,0.4664191002593503,0.7066360596735586,0.6619623745872899,0.5701698291349523,0.5940692128293381,0.5127516356883813,0.4512510878720045,0.41008576532425745,0.5662368222793664,0.5787065936439848,0.3644413692178475,0.46278556688695116,0.48189406216018665,0.4662700146021678,0.44661220579805205,0.27026224007736505,0.5173497342813604,0.7077086917814331
2021-05-31,0.6302811788643612,0.45012734144758126,0.3082719853802708,0.5220393251269752,0.4575495138235496,0.47776345254637015,0.5599226498770302,0.5622189904819466,0.4758252306226348,0.5606163299691911,0.5628068949191942,0.5042857719665408,0.48112425331312086,0.3222407969901225,0.6072040655161095,0.4683190449456266,0.6300026649463083,0.5761166531235266,0.6593751478210728,0.5402428852156757,0.19378492264747768,0.6197465801228332,0.4422223037118405,0.46186116502642793,0.5028193053698414,0.3874270825039448,0.4891996070363639,0.3326065449878677,0.5206151369145566,0.5827837703986597,0.5871008797861434,0.5175877832720608,0.5882024431888789,0.48820822319522567,0.7216707604153646,0.5129684645250827,0.6715408131553569,0.2917186693632605,0.4481408556046024,0.45967680557444096,0.4123553194955911,0.6369141907878227,0.5327385605098912,0.5893478379562778,0.6647587687585709,0.5564069910479374,0.6363802928803248,0.6059064778706598,0.5897680715769831,0.41080470928540097,0.6082922758768047,0.5740787479721506,0.5609294962147441,0.5043937051104407,0.3418762915130817,0.6877913801032721,0.5358845231528933,0.5661809878113347,0.5072723039837662,0.46895480815222296,0.48094077238104366,0.4041163555713523,0.4861775996989426,0.6098091015733293,0.5123882571868557,0.44193202698776174,0.42654287925586537,0.44483017393352353,0.6568969908246004,0.41414149076902484,0.4978217449640995,0.5640658663848883,0.6102325020212928,0.632250672536035,0.662781897780236,0.44502161111641336,0.7022616722833677,0.39054457713101143,0.4403923698819296,0.5910290978047948,0.5230500520753849,0.6358967601378154,0.4727100114920896,0.5705422102821475,0.5240398595260646,0.5305035688366799,0.7315045755749794,0.467656232471296,0.6873501440460956,0.6019759668328375,0.5882882366721206,0.4673944151053511,0.6176867993221521,0.4399944927788451,0.6296823043199453,0.6590524269337479,0.6651690858113483,0.6591556876469473,0.5321450999866604,0.5370752839338627,0.6817543935896356,0.2618370320756614,0.5893966079754758,0.5350839218348177,0.5684908089412065,0.3699350819216056,0.6143113166177622,0.5103659166338971,0.5265214326791037,0.4607395387321227,0.7050845714486124,0.6534762677474367,0.5552333683570359,0.584149608603053,0.5371175558430153,0.4520670891819754,0.41341362129178033,0.5545702474311829,0.5770430863282884,0.43484022065027284,0.5117890321291847,0.5088530309530512,0.4627075073692711,0.44931008074230777,0.28669151644966845,0.5260715367615215,0.7180215660996456
2021-06-30,0.6283322655188168,0.45057563265206974,0.30751686418167584,0.5229704804454398,0.4586076145326904,0.4762296400575615,0.5705004427986838,0.5646056466314621,0.4782255191012974,0.5605297706936363,0.5728996706366793,0.5077031170816602,0.48152138712403764,0.4313168454530426,0.6060935561408191,0.46641887540636484,0.6319649973415505,0.5766280457373398,0.6643216318717173,0.5424671188354329,0.2012563890780724,0.6240310214531996,0.4419941272883378,0.46094737664297725,0.5038385172842217,0.3905265439905387,0.48895086358439255,0.24060668940155136,0.5215566168444945,0.5851733352605271,0.585570065153117,0.5253451204874809,0.5896856367101921,0.48820226215545687,0.734369566834251,0.5108831249040529,0.6710756106507555,0.2878588712573988,0.4464396263124976,0.471084879840502,0.41384997010369534,0.6389909700626288,0.5354138234658187,0.6263800562420964,0.6683216670485542,0.5576255013184982,0.635143627770903,0.6070814897082311,0.5886238764960534,0.43558291134248167,0.6060586620312862,0.5758650744883641,0.5619251073859955,0.5051329775502384,0.33932204930576704,0.6881491896812344,0.537401285258406,0.5673827462997929,0.507135059007831,0.47075079477083837,0.4805973475353788,0.4017556051088147,0.4816160192701463,0.6117732872570499,0.510243984599365,0.44762917294090854,0.426547824693687,0.45716566168255485,0.6560674221530638,0.4135116306166569,0.49892407997354504,0.5612457901241614,0.6043888183993716,0.6305488718148613,0.6411891866615257,0.4404848850003317,0.6955361278975896,0.392624686086164,0.46197830372388105,0.5928645162441633,0.5206178127199467,0.6271022607043809,0.47361862279865924,0.5710995634544644,0.5380297167190811,0.5261651611653749,0.7309700570422349,0.46763660671273044,0.6829125586616126,0.6041995107679664,0.5923613787732144,0.4809859356959926,0.6239761347504046,0.46318173646727,0.6286588784902479,0.6579138651878268,0.6641679612749882,0.6313254185272799,0.5318416740987298,0.5354075423110435,0.6802225515617472,0.26661972785209237,0.5649775046351436,0.5457669181352509,0.5691249456474379,0.3773914698169847,0.6150427819086685,0.5081863899854017,0.5240435899102848,0.4618590384342842,0.7059278357760319,0.6491559058098822,0.5468221178147139,0.5854610887250319,0.5374668203811619,0.4482876967065059,0.4002411795288165,0.5547670090357799,0.5722784538703124,0.4425991540367926,0.5091382322183309,0.522006203617704,0.4629527155393001,0.4504993823176339,0.28639567133858757,0.5228250401210824,0.7199316079960567
2021-07-31,0.6294051549261074,0.4561875094493788,0.3076971539371935,0.5274863371217173,0.4696264545048891,0.47540062896306373,0.5758670224058526,0.5648931813931471,0.48269217695540756,0.5636391385943005,0.5878705231397735,0.5074727728186691,0.4840450919768682,0.4363155664560691,0.6064703068769397,0.46308959389879,0.6393663294099979,0.5814839472208408,0.6672006859506938,0.5455259724289593,0.211752271858162,0.6261505271731719,0.4423157918822476,0.4620828037462363,0.5113976441078018,0.3957792950057751,0.4908653581679747,0.19726818824474227,0.5282515973046851,0.5927203701505673,0.5861658057975936,0.5256274408969714,0.59534154696613,0.4902189230387178,0.7317971924234394,0.5110006311958508,0.6744110120810971,0.28607036610105796,0.44635718421675463,0.48364072073092634,0.4159799289708163,0.6442909190679316,0.5409839537127111,0.6362085271010578,0.6706545685460424,0.5698802731387096,0.636208359738279,0.6126801120456637,0.5920417486653258,0.43893408475299533,0.6093589815519677,0.5812090149252462,0.5717477743885141,0.5084244283499103,0.34034393014535913,0.6975519691022531,0.5548691230170244,0.5759266631395862,0.50730643563467,0.47352110173766465,0.48147855727221095,0.4003114634775629,0.48175082085945486,0.6266683884504152,0.5101426409694435,0.4776040490594746,0.4274130346896525,0.4569864483435336,0.6568690102091709,0.4150871217867236,0.5065203066632773,0.561508267356555,0.6011426615674356,0.6311511581608537,0.6437233608466235,0.44348803680174853,0.697263686389279,0.404652470106482,0.46992887427395597,0.5930822860881647,0.5203883096260745,0.6242442372055641,0.47531392312559007,0.574215226800809,0.5421044212292808,0.5264572643316062,0.7329335441215227,0.4705918355903078,0.6859584277594846,0.6079832702970998,0.5913918276551523,0.485553843499589,0.626878720564761,0.45810581376985476,0.6302426068664005,0.6602143848814569,0.6677624263291738,0.6295942763154665,0.5327692536485819,0.5369928635606506,0.6866222520529854,0.283461763162404,0.5675938044162538,0.5485863638649341,0.5945968380935998,0.39692910134774334,0.6206875835471132,0.507261743871553,0.5347219467963066,0.47189949468759707,0.7093381120479129,0.6498315205590647,0.5473367751426667,0.6005919315999662,0.5196868708833537,0.45156175433634815,0.4209540430656806,0.5630721406997883,0.5750801916297361,0.4570261107051655,0.5102045279457644,0.5191263604485459,0.46500672535893134,0.4540868418236895,0.2917247403914184,0.5218961689285931,0.7158550242613744
2021-08-31,0.6237542009916351,0.5110978518819348,0.22254793860615077,0.6005506972377213,0.45978296529933055,0.47231285795392675,0.5913401983882928,0.5911689159271073,0.4822216721666226,0.5600845356060428,0.5952462587597327,0.5055751167908982,0.4821971425072677,0.4297575843544047,0.6172357325574231,0.4571183794024496,0.6524662264601284,0.5766727739018758,0.6697271232384445,0.5459637471924818,0.21909863338899432,0.6358140727920225,0.44924231984527785,0.46015441464718526,0.5164047190337396,0.3963728018394463,0.4889078519973139,0.19176830717116664,0.5226997216394066,0.5993851989405996,0.5823860553248018,0.5189554966724717,0.5910087049640118,0.4885158938034681,0.7554163132307218,0.5076943279979713,0.6901769488666503,0.2813363064578368,0.44373212198662665,0.47784921828942073,0.41662166534882183,0.6422225535974504,0.539394517844812,0.66265830348765,0.6674111686001792,0.5587189788332328,0.6330381527447686,0.6142990775257154,0.585734275812341,0.4386064230720053,0.6020152320330071,0.578124047694393,0.5630371524982221,0.5068533316586344,0.3383324942222215,0.6872054434097837,0.5379847635850477,0.5683293990582299,0.50572965805187,0.4733194672180319,0.4798134755433487,0.39679134215124606,0.4759010009682608,0.6061425233989581,0.5066049884662506,0.49453551925270756,0.4263679402035638,0.4520323052269637,0.6545384809745212,0.4568023225372394,0.5450168237184981,0.5557767202665708,0.5939645056639021,0.6275495888756344,0.6315970422405847,0.43903279165797726,0.6849884258916046,0.40120176573321076,0.4663950628242437,0.5848382938739753,0.5158536251556023,0.6354987910090616,0.47533920173198135,0.5714961196006535,0.6250327281546874,0.5181466231812419,0.7547126943628755,0.4679029003748638,0.675163661322987,0.6163319496858576,0.6115450850884112,0.48024834808662165,0.6230962407054621,0.4522751716127763,0.6075105986365826,0.6555665156731223,0.6880273281851811,0.6425809965819849,0.5315640533443979,0.5312603870477679,0.6770284211419328,0.27548273036008714,0.5607504168927813,0.5382816636045864,0.5929428457641452,0.39180707185181535,0.616413165741863,0.5044950697077407,0.5309333933425184,0.46285127388715797,0.7070552084681706,0.6601714387031958,0.5353948884662733,0.6029894887677318,0.5115794331680591,0.44483350070632116,0.4465531208072391,0.5541543285621399,0.571825167979298,0.48487595780704906,0.5187828560323603,0.5119203860248049,0.463755845262517,0.4834587885897498,0.297555512576237,0.5167866931896979,0.7007969095447234
2021-09-30,0.6246744484377499,0.5399101871554046,0.2292215128670525,0.5872397734186404,0.47664291491536726,0.47504476719631106,0.6126907377042828,0.62365860593867,0.5081162182336327,0.5563622538705469,0.6001998061193725,0.5186531005567988,0.5519530154437476,0.5506615526752826,0.6364246186555967,0.4818915803797222,0.6592935423008606,0.5555274091409901,0.6975901222338726,0.5459150262927576,0.22689225803304597,0.6357853227910197,0.5008803969813082,0.4941504042717558,0.5101677056593817,0.49958676095515175,0.4957980244329833,0.31173005278158944,0.5178015197208382,0.605433764998468,0.5875019865859848,0.5394045674477306,0.58757358905576,0.4919567372277713,0.7658497439660445,0.5232120028147299,0.6851557652013567,0.4180239637328111,0.4491511361243952,0.47460132872150934,0.5334065040438997,0.6482177969572236,0.6110781770720494,0.6481355406510774,0.6792476543844603,0.5504918212404789,0.6277249640453446,0.6270574057221233,0.6209113650283723,0.4640912850568155,0.5472296250023234,0.5745059418558189,0.5519089724614662,0.48356079816935704,0.42500701876163266,0.668943957633568,0.5219504644313436,0.4810540281584029,0.6202939541987362,0.3949426090566828,0.5474605450939121,0.4461365678158574,0.5065111884175276,0.59016227204408,0.4829551293490242,0.47636311686193605,0.4254150357247387,0.5168288702660627,0.646891882008499,0.4528843100190263,0.5228473545140738,0.5087434782340956,0.6039634351299246,0.6184075031047008,0.6457178720164853,0.4974193824497458,0.5453244100179024,0.39776122935810676,0.48384814553312183,0.6131017570443602,0.5688893341628368,0.6506745555518428,0.4915155034514597,0.6227597141596639,0.6290222819082317,0.575602761999089,0.7579943059534532,0.49652676508146787,0.6274636331802632,0.5300577528769611,0.6414171473432784,0.538050078581123,0.6155799246331208,0.45223833875958824,0.6585376318351789,0.6576188131056948,0.7003788584093212,0.6686909898965202,0.5551617665665775,0.5979132164994004,0.6663045472488528,0.2690520067372173,0.6077360534776425,0.6144022930953248,0.573795615649936,0.38978036614254474,0.5933955214924468,0.5244580305919916,0.5473131741518821,0.45666668352082573,0.660891633768654,0.6647791097137604,0.5614420207476769,0.5898568883500385,0.5034493866982696,0.43961814195274607,0.43762004303204805,0.5607815688604957,0.5754626256835808,0.49316458805683894,0.5305283998062308,0.5229639065415814,0.48175714907963707,0.4800493796818138,0.28283155274492366,0.5061147846845028,0.7265454672290057
2021-10-31,0.6919479406644605,0.6029593485017745,0.24172626995652463,0.6035632236311093,0.47582937040931506,0.500248975412655,0.609147938692911,0.6387385303555413,0.5238751988985132,0.5583973977382154,0.6281600105601853,0.5505325219564225,0.5897561885360753,0.5614091832025383,0.6551645609614293,0.48066810423989054,0.6768635918956716,0.5516946626139085,0.7393113252694756,0.5468674975954679,0.2367384012344532,0.6383781110522345,0.5443937881274719,0.5262366332273876,0.5102389153673903,0.5043841284375108,0.5085177487074873,0.2805667229027658,0.5179649865797175,0.6124655845443971,0.5992426821501188,0.5347368743336948,0.5740208225773437,0.48502272845762373,0.762388180523548,0.5507477774607245,0.683900912074511,0.5045029713743444,0.4456680059875705,0.47647100642488904,0.5357313300213664,0.6401661553388684,0.6258522353595928,0.6388552448224073,0.6861447604659657,0.5663212213079858,0.6343143096838877,0.629762305192761,0.6674234844030531,0.47184881829070136,0.5140508654361644,0.6029890726635662,0.4873599089682008,0.531999009126321,0.42413940243053755,0.6667012516251698,0.5209416350980067,0.48190282425149444,0.607438808283481,0.4168969421958369,0.574530314218103,0.3930746906239177,0.5004728469207484,0.5890774923045115,0.46347569269189526,0.4802521542919251,0.4555359231303411,0.5363124110111203,0.6373443613708489,0.5166183210948087,0.5673684380662082,0.49286467215212665,0.6470332018148576,0.6178812053664962,0.6400742587563069,0.48993755803586353,0.5279976338976847,0.4008223810114748,0.5313019601478244,0.6566184872919553,0.6043803611568503,0.64125943755902,0.48550685128883664,0.6570894941507767,0.6865290583636949,0.5687048930832204,0.756959026173026,0.5103650739813055,0.6697757355954105,0.5316280296711874,0.6592880598945962,0.5344599799228251,0.6150661674353101,0.44563098077549496,0.7097112417554485,0.6790015915272216,0.7430198409726045,0.6662053936359181,0.580345910671448,0.6533187930317982,0.6640743659389069,0.2717700472070949,0.6353548343897153,0.6062539700650112,0.5668577390189528,0.3953263687647875,0.5963732638495934,0.5346670450954437,0.5755591619894509,0.45671368242502103,0.6613017079741591,0.691753469744032,0.5832356794909446,0.5887235015374919,0.5013004756568421,0.4818650274861077,0.4214822210963919,0.5597857478664634,0.5809570488913955,0.5128117546766564,0.5278709679776692,0.5328268495255983,0.49271050537913746,0.48010331383449806,0.2917115326113919,0.4914686713387391,0.7646369269989606
2021-11-30,0.6878340905047483,0.6009156795101213,0.244385934684346,0.6025009355685679,0.4750833530615343,0.5053246888287842,0.6122757842880926,0.6372608420453215,0.5237988179555961,0.5583389427823915,0.6401779648314533,0.5466590182445468,0.5867226783017401,0.5717115193721575,0.6536704877683577,0.47923947243092374,0.6764422073154673,0.5521722304051668,0.7262688863496125,0.5477235005749124,0.24727084673579003,0.6364389988031735,0.5424757549953058,0.5210595635616107,0.5103694586069702,0.4854462611151064,0.5077599792404327,0.24108698021789776,0.5181553090652845,0.610641984796646,0.5972798162503823,0.5301953372408993,0.5741549237924284,0.4831406479886775,0.7534303159291285,0.5466520057342218,0.682606145334674,0.5044077061973776,0.44475867023337384,0.47935579727339206,0.5337260790790394,0.6399392768170558,0.6252815281506554,0.635469172855657,0.6852532619519672,0.5592863008942004,0.6325439973265967,0.6339743561471461,0.6619454756835078,0.4702799427279111,0.5137424542594604,0.6029312613644237,0.4876939658340145,0.5289497436521673,0.42409541198186146,0.6642046246346209,0.5202544334930391,0.4825691579774849,0.6059636742269985,0.4177743280888435,0.5712747691192427,0.38998064498559054,0.49681376948128536,0.5878306598737604,0.4630703416242493,0.48474712487622224,0.455356109426645,0.52899519825658,0.6370524614663841,0.5141263648713975,0.5540926173833532,0.49162803294154095,0.6408152906571132,0.6169268678809698,0.634862623587555,0.4844354849010681,0.5269735641678235,0.40456424132201985,0.535554547902097,0.651244665190716,0.5991971488586909,0.6331411575078201,0.48611868373247386,0.6275588432285947,0.6778390778224027,0.561917111151895,0.7558554734902487,0.5087483251937812,0.6667717015240976,0.5328474322041905,0.6556735113684673,0.5310117978862845,0.6145815232880801,0.438996027624592,0.7080222323860249,0.6772946867271669,0.7393490535366974,0.663770759178361,0.5777369723396156,0.6504067337571862,0.6618855997146322,0.27497479680444004,0.6298196117296622,0.6009655932746495,0.5709773166748372,0.401835977420555,0.5967119255102703,0.5316936266192028,0.5758349031842992,0.45669673759677065,0.6614630417864924,0.6855254628517731,0.5741307270071953,0.6143983363532113,0.4991962147011132,0.47487403398436545,0.41578067444071387,0.5575800804257562,0.5796589556564076,0.5250788910985936,0.5259205395425598,0.5272029115934781,0.49043451419387685,0.4802740324064129,0.30189009440922765,0.48971023127587043,0.7646938679831443
2021-12-31,0.6589204667742643,0.5304822799907549,0.2677943768232728,0.6010027914326345,0.48236718004982526,0.5374452398372299,0.6204224700785552,0.6397705323308455,0.523573386306464,0.5581367475811188,0.6552864010951132,0.5816039781708492,0.583564721659705,0.6189639414538204,0.6593126193393865,0.49473971239693426,0.6536309480482361,0.4835198291403179,0.7560268255970446,0.563354637343302,0.25815045635807665,0.6707616069827339,0.5504069710081407,0.5408302881054289,0.5657971009251751,0.5191389518321445,0.5040625028071765,0.23654973109911254,0.5419770203395211,0.5879360021751908,0.5752555729123682,0.5330906388200259,0.6133275436388818,0.527533282704129,0.7703104653947191,0.6407659848768585,0.717184746442292,0.5257763706434158,0.4653556884053028,0.4923424771255975,0.5063886012890859,0.6453679578864305,0.6427310429596955,0.6374589758141646,0.6829442559600511,0.5786435739098847,0.6257920719580952,0.584137012221759,0.6565213052248906,0.47967438524718314,0.5131915246833203,0.594818195779179,0.4876621084831485,0.5190665540577862,0.5023883687168693,0.6768684653772057,0.5191926777242493,0.5004313011211793,0.6151277192797865,0.46545741231358395,0.5679406123489057,0.38816215811585564,0.5153791521854223,0.5996203019427339,0.4548667696385489,0.4889657751327158,0.47692044978891207,0.5612632258049356,0.6366118352968865,0.5399032119378392,0.584410939357661,0.49866662036563575,0.656934817618246,0.6330942083712159,0.6037527058994748,0.582194873053653,0.5259134359831159,0.4081928300740193,0.46651035028622545,0.6648501689849977,0.610416649380462,0.562525611443056,0.49176633514063917,0.6671194834889858,0.6885065984093067,0.5549048567282437,0.7473102909394032,0.5206967479997318,0.7313291618008526,0.5521553136167117,0.6816602084044757,0.527330617934888,0.6317749650973254,0.5188995663009881,0.7196154415993299,0.6830711204329245,0.7458469588933997,0.6824550989869471,0.6209756643328348,0.6296084765330942,0.6791934533867726,0.2780335715473268,0.6842293908654561,0.5880403856665634,0.5593061160869299,0.4079352569305908,0.5967954101407665,0.5294166733802188,0.5868615345413469,0.45644041069758257,0.681675799661091,0.6223106077932654,0.5060342807663314,0.6981985622063835,0.4882966473984204,0.46944284669656244,0.44413504713922763,0.5549809570019628,0.625338723446215,0.4526584268692599,0.5354450702308899,0.5805705313228046,0.5599648331970841,0.511485386560989,0.39858199414695206,0.4653138871926245,0.7727249791330787
2022-01-31,0.6703855853950772,0.5215616480973079,0.2902731091570172,0.6172072205435254,0.4915774458441879,0.578618658680985,0.6106512359676347,0.6512648832950322,0.5340387023239371,0.658685072076255,0.6679845250290379,0.6235761663567535,0.6621474626082839,0.6387175357167113,0.6670180298644273,0.576635364688215,0.6852985104424835,0.6405243296964253,0.76371910025199,0.6631387413234908,0.41706610970638297,0.6864101226867285,0.6051174574261978,0.5671103625911166,0.6073078019275817,0.5196192111004893,0.6145389188901116,0.3313952811155872,0.6658552947122268,0.593462004882178,0.6144305981504768,0.5764967552036839,0.6196767561099058,0.598859678482374,0.7764101156469456,0.6802553306182917,0.7266745444435183,0.5306759552551795,0.5735200961022522,0.5005077784149498,0.561331704542603,0.6509075304590197,0.6641126590889478,0.6464564797968937,0.6930918737736336,0.5984456287064343,0.6373001069176154,0.5988745468137606,0.6847972871615532,0.5671248561782515,0.5224805767201377,0.6377637653661113,0.49972855154032886,0.5521707665561262,0.5088720052819771,0.7003985772510518,0.6362126444434719,0.49815905660715293,0.6367413547268416,0.5664540594504542,0.6908310091590275,0.45495706657605445,0.5331967147929804,0.6089896645442896,0.5286159529600136,0.5150384955363105,0.5234428743542201,0.5581797209921542,0.6515612582153194,0.5487162707471004,0.602997781131706,0.6166320511190864,0.6687310381277011,0.6871533747621558,0.6144552297584909,0.5748677842609458,0.5017411637734118,0.4560969583842729,0.46461932349953283,0.6705600229365528,0.6650109593836127,0.5697245098891343,0.533762892411095,0.6999695970165437,0.6881693703635736,0.5564742549615395,0.7601727112047996,0.5363077103454419,0.7645542832974671,0.5549652199123005,0.6884499350183397,0.5773777238067833,0.5997292848520457,0.5471245114791451,0.7385758583733564,0.7018527817693332,0.7386886391519477,0.6961700850251122,0.6605345800368432,0.5760372246562386,0.6866950905615163,0.29201537977884073,0.6872706246606862,0.5929868599068224,0.5954881661518646,0.4198391369198048,0.6053202217195734,0.564735712994247,0.5983247947446918,0.4628158517367068,0.7103093529062936,0.672655133868175,0.516484339132401,0.7130388551682101,0.4915335968124288,0.48480295305856214,0.44584177277684484,0.561066205617511,0.6539177551921201,0.4513549079685002,0.5330408304393809,0.605970224358273,0.558595676214117,0.6008257482588291,0.4883285177935187,0.5803080277346803,0.7976879305929377
2022-02-28,0.6666701878004592,0.5178512321069154,0.3370973287849383,0.6802374805817171,0.5919746337210678,0.580636174477715,0.6037564586411825,0.6493429254807392,0.5415015735572026,0.6663469533349614,0.6709647502327698,0.6113720898698488,0.6887237400935652,0.6443336115659853,0.6652694946379901,0.6181088745960566,0.680756034852377,0.6514785612869465,0.76018715508277,0.6887574618258254,0.49768515197503954,0.705407044168999,0.6758900475315162,0.5601898944048143,0.5970508619819417,0.5101493098962366,0.6307934484177683,0.3805327648899099,0.6582284686291845,0.5913074177552311,0.627990023769403,0.5963502149467357,0.6221459021778821,0.6264471590266874,0.7728032417673645,0.6886591628560735,0.7226405234974238,0.5293768400365787,0.6233554295765411,0.4935416146021731,0.5676674936147069,0.7094618682235353,0.6735952277922955,0.6432873925715938,0.6909917792243631,0.5843283240194278,0.6350758850029912,0.5985614801900878,0.6747986147098465,0.5714815626992954,0.6488344342919705,0.6350207276274235,0.4940729459887368,0.5463613913162736,0.5114355851997063,0.686168646748408,0.6325912246686858,0.6091930874314553,0.6331556224647188,0.6130447439542182,0.7288360863282402,0.5057134537340634,0.5256976079572745,0.5992052481898751,0.5891646309316944,0.5063795490011869,0.6088205980018419,0.5498063370978018,0.683474873139441,0.5881526744961048,0.5977614285547177,0.6460461647686826,0.6742771812536084,0.7230698413501951,0.6036105239012046,0.5648015007551587,0.5141986389031302,0.509409268004779,0.4643575796365943,0.6649671823508227,0.6571164560696808,0.5620074843061182,0.5359122017085505,0.695058810295783,0.6935453088887368,0.5494298907775179,0.7583693980793115,0.532525377384811,0.7612648048095335,0.5540487714762535,0.7131667791356713,0.566584267877917,0.599347459745723,0.5405154424271355,0.7365451118692143,0.7344132644908941,0.7211680917249623,0.7171516645098301,0.6963430077516777,0.5745595732074334,0.7286771180677398,0.28910021916194,0.6790745694229939,0.5847652576081973,0.5956830253603236,0.4173522736751045,0.6020151371409221,0.5600383416424733,0.592769077133111,0.4588159678635133,0.707685428173248,0.6703508229657634,0.5095044281768956,0.6963669369317911,0.48106402749676364,0.5934110614721687,0.43792570206927356,0.5545206524294379,0.6504841104318567,0.4523261489242191,0.5262383724408614,0.6282879680522108,0.5507298618789676,0.6125375169798631,0.5139183878622521,0.6104636302502663,0.7850166463878891
2022-03-31,0.6667667317529032,0.5201653419609433,0.38933598419096505,0.6866678684647266,0.5978738715173048,0.5873199693424015,0.5678525283251232,0.6495571191673916,0.5867665615126384,0.7075045653652614,0.6829162791348355,0.6206458665316413,0.6818682986771708,0.6576761222639386,0.6650309963987978,0.6151007379232429,0.6854159432522521,0.6937418402652211,0.758809835749135,0.6849852966286576,0.5438537726227545,0.7030211328531245,0.67532870828579,0.5569751301493833,0.600967034257812,0.5098645453381297,0.6337141293261876,0.3968183008566131,0.655221758942518,0.5938740766502422,0.6597557151413491,0.6068898645113558,0.6027114330304716,0.6121646313406972,0.7717222294707582,0.6904970970776566,0.7264443103161904,0.5328273699382358,0.6449256166283032,0.4967123334771504,0.5454155008178518,0.730550846678447,0.6631266922701713,0.6496588775714852,0.6920171414545638,0.5916751978404136,0.6353565210365061,0.6074756257855927,0.6752387371454843,0.6002137175434676,0.6820570952090269,0.6377171996090749,0.561087028085318,0.5443007854161911,0.5191103600956488,0.6952133549486997,0.6338475537564894,0.6669126354882957,0.6329747879728981,0.5969705354512125,0.7425597735554836,0.5085046478010903,0.5234085767406086,0.5994674935646018,0.6168257613828746,0.5209755725126818,0.6488832566411273,0.5469561900386857,0.7018246901712072,0.5880150705457005,0.596806962647484,0.670566381500247,0.6677594668106003,0.7298741722688213,0.6056271266308701,0.5597862152116284,0.5153219264991225,0.5345692953411765,0.46922340295489984,0.6616771699218944,0.652756591588655,0.5629427946287074,0.5634134407636945,0.6954985353402131,0.6884803254817414,0.5475293262462559,0.7586969349573867,0.5329881940704041,0.7505290928959955,0.5548856025373982,0.7141104164973486,0.5689113064102905,0.6186997939582626,0.537955766921193,0.7359774119350253,0.713908402223596,0.7222022788799585,0.7274683253082591,0.7158378329223892,0.5774173470624668,0.7267482957675663,0.2976423376082552,0.676013951832175,0.5854623117142047,0.5998909127610996,0.4242146239200043,0.6102897686334187,0.5810049324527481,0.5980396265815436,0.4614087535598433,0.7101721115421352,0.7071425450029426,0.5147472728371205,0.7003002924498418,0.5697296148533944,0.56920582737202,0.4353075088295935,0.5554572812994353,0.6509939889321692,0.4569852137737346,0.5247405312949089,0.6226502751526493,0.5476218035151087,0.6168128506732069,0.540721246971726,0.6640537992057465,0.8192711305904637
2022-04-30,0.6825484922860455,0.5120555890856231,0.4117551155373287,0.6533367691976361,0.5588610964614182,0.6361905687040899,0.5469884506992468,0.6455286679260458,0.5736018163069388,0.7388717532759177,0.6775166762156724,0.6056820186046046,0.7105640780508737,0.6538851615033826,0.6619048944075915,0.6056407813228625,0.6747389299158703,0.7340998621609611,0.7532349073526947,0.7074688912830238,0.5604173385157184,0.7026011550788412,0.6735631147136468,0.5768420307470808,0.5832543874068102,0.49748983517308637,0.6619392111503687,0.3957666763495024,0.6422704344548181,0.5881953877866126,0.6896734210146058,0.5918879591474295,0.5993346667074179,0.6320097146051237,0.7680704328237671,0.6801500095618189,0.7127579301711219,0.5289723693349362,0.6522475229648282,0.4900968249216375,0.5597110563060478,0.711129339457259,0.6911449784142645,0.6028424061777645,0.6870385040548401,0.565461088379498,0.6362854168146237,0.598120818121495,0.6809702669733292,0.6218125364300898,0.7317825078973361,0.6346308407480665,0.5675789924589849,0.5360714432072857,0.5203779739320147,0.6600412134757708,0.6343280641747521,0.6934183295536652,0.626123104567388,0.6201284662934248,0.7051119839380243,0.5119386405854061,0.5142195305118382,0.5825166341360116,0.6850972419406441,0.5038537056462096,0.7118480605530334,0.5378705212321675,0.7163791340933771,0.5863595332747459,0.5884311071318946,0.7139462811217865,0.6646550360507298,0.7462920244097546,0.5850539882385775,0.550359873866321,0.5079382434996305,0.5870630254961712,0.4657616957984959,0.655141623637328,0.6417779871606291,0.5480761601276208,0.541216458623893,0.6863194663814653,0.6610199834518892,0.5366440896557855,0.7545010350171881,0.5430571370471297,0.7395678623813725,0.5569358799133137,0.7102612109980219,0.5648854466856165,0.5900756583276531,0.5310914948850884,0.7319861531078993,0.7406834342515964,0.7151466026931619,0.7469474437784587,0.7267848585600053,0.5726297345022107,0.7142497710995029,0.28993679970390157,0.6637277705625465,0.5704231061602546,0.5968255600890162,0.4194806450745889,0.6381974334089888,0.6274920044323734,0.5850384922351722,0.4543163436911176,0.701818423844631,0.7552761459504668,0.5378348384116539,0.6722347424826736,0.5543142105637295,0.5404367632681084,0.42358555722305785,0.5449374460858759,0.6447111388532223,0.4549088920425195,0.5826261843324522,0.6277929406825058,0.5376111837482564,0.6359343451198534,0.5869357746985936,0.6950136163607895,0.8031985007731338
2022-05-31,0.6926905642259207,0.5363704746839884,0.42058859675127364,0.710972141257437,0.6234928463158936,0.653557486813626,0.5382248565877064,0.6527444754862224,0.5929675387998669,0.775774932080192,0.7108164226548882,0.6051719895310358,0.7219603556836897,0.6846870244589907,0.6667655455948306,0.6219937551089324,0.708563242615756,0.7437148659356225,0.7614366845545901,0.6973564698839797,0.5387200816586207,0.7091834986655573,0.7029419002146315,0.5842265601948398,0.62914231834677,0.5254140646211355,0.6666470454987794,0.2757369883076802,0.6546777351012174,0.6056130221384545,0.6887627337339872,0.5606048661783387,0.6153983443889687,0.6461429859017588,0.7742396966396558,0.6895242694212752,0.738111918555277,0.5458543467835032,0.6562846438452894,0.5248953734004429,0.6157030726750551,0.7315787005098229,0.6651157039287396,0.6492390829091946,0.6977457822981876,0.6344905469072529,0.6439189933554365,0.6307106738945211,0.7146597500138618,0.6003220764152573,0.6708013072429035,0.6532468975947682,0.5983845895139768,0.5476774606269381,0.5393384043089814,0.7261882324271509,0.6479423935689398,0.6164818680521434,0.6383011502145916,0.6198368972360395,0.6992260322390187,0.5459266655330878,0.5284467942432507,0.6269560307940274,0.7038467058971822,0.5924984364459488,0.724897181610176,0.552005100160655,0.7410405114189305,0.6215084167704723,0.6018331812393005,0.7047803507566096,0.6657509431469121,0.7506555552379008,0.6257672763761954,0.5613301715696586,0.5017873924956626,0.6369455483643738,0.48687166083401445,0.6605185604086279,0.6505580411185674,0.5774652164551156,0.5525321921781958,0.7038117419622418,0.6714971108631788,0.5521977185233852,0.7615628146950087,0.576341772082169,0.7665681463030711,0.5648162148665653,0.7198543281573504,0.6040362690304898,0.5259827059636544,0.5405992325160511,0.7366536709166924,0.7358746129698337,0.7260484811793038,0.6721794398048676,0.6994929028589905,0.5894657816199491,0.7304102127543096,0.3397512640990805,0.6781141669624529,0.5984096336978103,0.6124636390637747,0.44298270658759237,0.6468208392864112,0.6386849215585204,0.6234053929686613,0.4873632943202927,0.7191697576137148,0.8069990885363594,0.5733584776630231,0.7293756204133433,0.5186222599817804,0.5909708088813023,0.4444592717734995,0.57448156081345,0.657560403477043,0.47104796701387885,0.599000592359134,0.6419446091792498,0.5508652928478006,0.6542916657555519,0.5978335837906575,0.6825610664341644,0.8062875371776977
2022-06-30,0.6841071092378708,0.519851361350323,0.4411420617130984,0.686547538312201,0.5933219245560302,0.6498112526256483,0.5308606751613645,0.6479154202311479,0.5776495709236373,0.7713576303107537,0.7059177216075775,0.591045991679973,0.7066800152141745,0.6820498296684087,0.6631339047967665,0.6117439523894332,0.6893751946681643,0.7431438472820563,0.7557865675497658,0.676414466796493,0.5347878046165883,0.7028971666912524,0.6865175210440719,0.5752133910308728,0.6451264360906461,0.5104374154684066,0.6641149988240176,0.2770308494017299,0.6452970085977431,0.5967509991424044,0.6970013170401064,0.5467882933483853,0.6396273008569779,0.638339293398837,0.743738319125372,0.6914034665805022,0.7281014465655928,0.5418931701365085,0.6598236418871886,0.5002536400453085,0.6157307718218532,0.7193140309038231,0.673832697526905,0.6353505588495908,0.6918831370308599,0.5939489017877143,0.6393197976245447,0.6223789767947991,0.7025743298035196,0.5504469788787756,0.7036301882939858,0.643467345714669,0.5846047331772138,0.5383980664119639,0.539380727665636,0.6980124461619137,0.6414586230622124,0.6783326970042183,0.6272251757305494,0.6392657941163562,0.6865340751048086,0.5612510247358168,0.5189936507444607,0.5935944419647161,0.7047994370962138,0.543616698771223,0.7122765286003986,0.5437510906135701,0.7405840414026706,0.6046230565155541,0.5917318292409234,0.7219476265603104,0.6597647847455447,0.7570811101496815,0.5992664792154172,0.5548099579973013,0.4866002380422903,0.6396073178128037,0.47830613441164466,0.6543166996618602,0.6390843897448442,0.5576351808725684,0.5310289669276406,0.6927646171065498,0.6709819549554983,0.5402501774333963,0.7571609188611967,0.5666852624319273,0.7619698498482543,0.5576539696522254,0.7120465122481604,0.5934701014745013,0.49697895954438986,0.5321953436152707,0.732189008081415,0.7270059052603781,0.7195148156029564,0.6875751862051657,0.7125049350523832,0.5803492113389787,0.7203841203615964,0.3144337908447,0.6655871485390508,0.5828005823178882,0.6070954847559034,0.4167519118723382,0.6384809920877922,0.6565759197435288,0.603533954830859,0.4600206253463383,0.7096117330769264,0.7978317826360144,0.55455243484776,0.6975545626194626,0.5040971804336575,0.5741099668379942,0.42091930346947587,0.5506078777700065,0.6502013105444064,0.4647218779731549,0.5805825137795515,0.6242907020355013,0.539873777389089,0.6554328493676199,0.5921791196952123,0.6769799633308811,0.8183164762549037
2022-07-31,0.6811399417418257,0.5166037018680197,0.44060600045988363,0.6785114330849009,0.5823318576488421,0.6509033239135676,0.5301436929044117,0.6463213550945973,0.5729984310602928,0.7593587015795306,0.7087322272641551,0.5819379223517904,0.6989710106785231,0.684635008785991,0.6617587316308858,0.607207546533999,0.6862004573244145,0.7390361161745433,0.753807369494169,0.6736833713465282,0.5369641169597994,0.7001356341153789,0.6804529428328564,0.5709988167827937,0.6391567079824808,0.5075526720398987,0.657836306664282,0.27940298390489804,0.6404765596078204,0.5955611634115721,0.6960078492548099,0.5416311426459721,0.6327562937208456,0.62962762076785,0.7435868920011571,0.6866322140409433,0.7248231020713071,0.5430172261937966,0.6573286115090456,0.48562941319798686,0.6057488236190627,0.716233930815137,0.6700722278686234,0.6363648778094814,0.6904127990154733,0.5855642398573956,0.6380254819514639,0.622450954418798,0.696386635595308,0.5445420236964744,0.7002296627024016,0.6413923710000865,0.5807216334556641,0.5350346423445236,0.5433359161286526,0.6895504820902514,0.6561992139926079,0.6758936842658235,0.6234853749799854,0.6167747610690728,0.677198322920728,0.5624729235262186,0.5165142407367856,0.58451048897194,0.6968498124765323,0.5400794477389806,0.7049904893037569,0.5417921159395489,0.7401084447009676,0.5972988003634422,0.5884298780596794,0.7186928036962426,0.6563728833171711,0.7510980611721989,0.5914479846413105,0.5531820871465981,0.48436838045948044,0.6138704335253087,0.47910548172688355,0.6514646197071001,0.6330952788566042,0.5521253614638699,0.5196168812635352,0.6769049121046726,0.6822682550196321,0.535671908115553,0.7555720580219966,0.5642375325691473,0.7619782352260587,0.5553765096559268,0.7069920744696653,0.5865356055004224,0.48080106389196003,0.5273925947566125,0.7300146215266319,0.7259370717971131,0.717569967066948,0.6806148048503214,0.71079167438696,0.5791336872455572,0.7163334972385792,0.31494193830484113,0.6606198960092312,0.5787529233573117,0.6075279128711494,0.41641198081038117,0.6358607999645115,0.6490011228815034,0.600632293172452,0.4563969766852435,0.7074278349672715,0.7922995148226977,0.5482089222784396,0.6880361555749042,0.5002144014436416,0.5678272560923753,0.41341723529338065,0.5458043895186194,0.6482960466751891,0.46505693094544587,0.5728808991534313,0.6157829493897278,0.5362323920166111,0.6504355953016195,0.5883779921796958,0.6733301694823093,0.818298422115073
2022-08-31,0.6878956920503063,0.5104705954767562,0.46991018919270383,0.6570773747749584,0.5564412486051624,0.6895747085657962,0.535921098216062,0.6432862820618948,0.5838206478214337,0.7672231962787237,0.706286330069756,0.5714186788236847,0.7041942048138028,0.6723025288875478,0.6593733273754498,0.597202302993356,0.6787640263887944,0.75303226552049,0.7501544623742809,0.6687766993615859,0.5365347461703699,0.704579597279974,0.6772155230782465,0.5752261700318028,0.625837205822723,0.5006625171110525,0.6642116764365013,0.324178730888099,0.631718553102314,0.5920818796651596,0.700708384409752,0.55623131773336,0.620459687462622,0.6463916355392242,0.7425478076999341,0.6891606949191825,0.715194681126516,0.5597832128716967,0.6657187004949822,0.4819323400355781,0.6088790011889679,0.7170155999233692,0.7000570915252775,0.6726717706047666,0.6998666355318136,0.6135492571434427,0.6434612068699014,0.6165845954399124,0.6905245575570377,0.5373912350693615,0.7138355870501104,0.6597595113559682,0.5703946784321826,0.5296854670613967,0.545258441258579,0.6671518495223158,0.6434717874247337,0.6915412451499229,0.6177211508052796,0.6326607819804879,0.6672249624657881,0.5616430258699546,0.5117946505365184,0.5704180547139032,0.6804226922863231,0.5965535671213359,0.694443583857281,0.5379899022404272,0.7390161613410308,0.5839840517254413,0.5829128173439533,0.7344161103578363,0.6522929035665123,0.7592769885458179,0.5621165796051014,0.54987443722554,0.4802816376275476,0.6034352635712859,0.4780277805339883,0.6474035033490364,0.6244332535961805,0.5885289873836259,0.5076328048859973,0.670895736773384,0.6695077222763263,0.5724729799518146,0.7613360836721216,0.5595896195148208,0.7587742197796667,0.5519962065481459,0.7106437506553488,0.5722707679569636,0.47078592112084916,0.5474379851807354,0.7264710782859168,0.7293180866485183,0.7177725619211694,0.700315456363576,0.7253576790200136,0.5759089759992655,0.7157099022712123,0.3121220843346574,0.6725618034855644,0.5679451940458915,0.6060501690119635,0.4146595952726194,0.6301241041896867,0.6749544915666146,0.6374955564470396,0.5614454857461999,0.7014160742689016,0.7818885640928526,0.5355513056290401,0.669281467947129,0.4944912786589078,0.5562622276355852,0.40320361793297815,0.5384420499675776,0.6441666038416963,0.46365760827812535,0.5941609513301911,0.6043924424103118,0.5304799484198554,0.655004843039262,0.6076440413530783,0.694426085934726,0.831756700976103
2022-09-30,0.6349703768660717,0.511328809865145,0.4922405384571963,0.6656093360706249,0.5645813216869214,0.6840789524424074,0.6241163864535894,0.643399399520521,0.6109676263385913,0.7758238577589356,0.7149754205788179,0.5657331029780127,0.7207544934412343,0.6796952663232038,0.6591921098638053,0.6131106684107861,0.6818361751450985,0.7835793609583303,0.750392228811927,0.718741649031871,0.587335104215675,0.7039081199308663,0.6650547403908152,0.5650775256436512,0.6295052876943033,0.5041645467132022,0.6832850310235573,0.48361446547003123,0.631932690991024,0.5942934306415986,0.6944041824558291,0.630635583202676,0.6227032378128271,0.6541467145497242,0.7444265451555039,0.687660907464461,0.7185703622246485,0.5411554552880582,0.6745696763700461,0.48462880435336614,0.6457357574753626,0.7188009662251623,0.6827064973999973,0.6802799994179833,0.7005749147338413,0.6232717082721485,0.6439514045950904,0.6232167881090097,0.6827751946561869,0.647826026978829,0.6833018661900624,0.6615064615788715,0.5839368471780221,0.5297187104401753,0.5509967350435613,0.6769115496519871,0.6212167564668758,0.6165020419529488,0.6164540198812936,0.6480722038990523,0.6612333617699429,0.6072137735072685,0.513579168551839,0.5684739177803976,0.7023756073483196,0.6109677110965751,0.6905765374281831,0.5405291628104073,0.7571644961253668,0.6224871218381404,0.5832055391971448,0.7311279745689742,0.6508471261019116,0.75775749659253,0.5643377403749037,0.5529999514895246,0.48212727677827083,0.6078021116356601,0.4823578521492436,0.6469338715417908,0.6217740184328875,0.5894405478522596,0.5227833420436868,0.6721738754766119,0.667285944209993,0.570320991729846,0.7556023779863572,0.560347623365468,0.7260993015524045,0.55079769140123,0.7410618713015013,0.6098858744577532,0.5429122441845219,0.5442761033568422,0.7255599989217126,0.7120397737836843,0.7189724554640792,0.7166356837668565,0.7358661301965914,0.5775070824539398,0.7166100310927493,0.3200602353242542,0.6878046151219087,0.5715658425436596,0.6091546130646103,0.4197714279065773,0.6406064410095516,0.6708148015774746,0.6646953904617143,0.5642752638367948,0.7165033252091142,0.770287977439384,0.5374237371356394,0.6744512504486923,0.49311957664129685,0.6146448718447359,0.39991866531064524,0.538748302987124,0.6452958980719709,0.46606756266776783,0.5906939103364013,0.5999644212591865,0.530984357745825,0.642682671398423,0.6507398200989404,0.7150038612569208,0.80644883751324
2022-10-31,0.6316632944767798,0.5067469944108248,0.5050506239754697,0.6395230392869581,0.5452101077690864,0.6919284859430014,0.6397168944688731,0.6407651817024863,0.6035682121305594,0.7783819110005686,0.7127544499124568,0.5579474272735091,0.726588776701094,0.6763390437742354,0.657235398928387,0.6195928087391056,0.6764912703370214,0.7783404579549004,0.7213141609460018,0.7458081006187501,0.5605620425577912,0.7059394109646118,0.6793663167340078,0.560600147986968,0.6371425286215203,0.4992441877568455,0.6840015932816947,0.5361419283775017,0.6246614806343438,0.5918756353665763,0.6834878038671545,0.6425308589865506,0.6142102234949701,0.6247700577662807,0.7439976691343243,0.6960883883020802,0.7098911233989866,0.5416964575672634,0.6729567266067784,0.4832473378972563,0.6546339620420976,0.6951737648955008,0.6839019352592085,0.6764493648978783,0.6981864064744442,0.6303905738181643,0.6419996238799811,0.6180825310392949,0.6917573574235375,0.634874563243786,0.6591733053115899,0.6575592259889996,0.5757558584496486,0.5260372694239078,0.5521104856467424,0.6597812292037,0.6065121823823023,0.5794565509415107,0.6118720366512803,0.6513363307021134,0.6542081228147817,0.6213787417309401,0.5104763857553146,0.5576269771103541,0.716331687070798,0.602666011898576,0.6807068932234835,0.5385627674819217,0.7560782735055526,0.6093297638273534,0.5774759310018938,0.7225767294510805,0.6470627280861343,0.7546231941400764,0.5543293605062566,0.5514257353094532,0.47987088562925345,0.5961688933545929,0.4823160636668736,0.6437566087656686,0.6147033010526015,0.5799270710947084,0.5430655242290899,0.6605206303411827,0.6738169030366811,0.5629648657930334,0.7467484798023257,0.5568715160305778,0.741427523792668,0.5478931362261442,0.735973423022756,0.6133091434174659,0.5328054075236266,0.537886361502528,0.7224358883612503,0.7086814237197963,0.7455974799357541,0.7174003030520533,0.7339689024912184,0.5752011136096516,0.7106328112082831,0.3195624407246469,0.6810026186124077,0.5493283436636553,0.6082458597377136,0.4203763996464535,0.6579860556806906,0.6555773068023872,0.6566357918768315,0.5608030863490617,0.7120082725581595,0.790075608462411,0.527788626483679,0.6616326112022253,0.48870778833988954,0.6042354846414149,0.39210300513724167,0.5340483417777844,0.6420808649926776,0.46507123701506153,0.580790629660028,0.6128245218368382,0.527155677649802,0.6395145674767143,0.6560781441659661,0.7160754978155994,0.8386149799334165
2022-11-30,0.6137364662021344,0.5067226565302265,0.5290582015900758,0.6433918956418548,0.5490693825798377,0.6947585322664088,0.6138975768200854,0.6397521160575547,0.6009360963939916,0.797308328697208,0.7191163071251473,0.5528489103612448,0.7210889302159135,0.6812759903970599,0.6569096000966789,0.6176719079830253,0.6762689952601116,0.7762088268358669,0.7216219424295435,0.7551337857322479,0.5968403331521852,0.7194087919382391,0.6796721301555032,0.5595006700118645,0.638295281924468,0.5015110296386361,0.6879020426310807,0.5273018595735768,0.6247077495142571,0.59349925723537,0.6839783016566131,0.6382259368695138,0.6146309525946257,0.620549137772129,0.745917451548432,0.712768639695338,0.7115896311961625,0.5469600348546277,0.6706729351124774,0.48531499645084725,0.6275235610187584,0.6966985990257607,0.708304022560487,0.6827249487373078,0.6986259619200634,0.634407034123543,0.6423720347784562,0.622464615672452,0.6911069909702714,0.6496873043310957,0.731495575936585,0.6586693898616641,0.5783967155087936,0.5264492093662233,0.556197928955159,0.6622737273911603,0.611325089924071,0.676838837465796,0.6102098883164754,0.647093775297625,0.6496825740619889,0.6267867865678333,0.5120855057031685,0.554104651288526,0.7004022729614212,0.6118941717159873,0.6763607723539534,0.5411165123955076,0.7597837275500178,0.6083201346130214,0.5779310932066983,0.7324298249830152,0.645879913207799,0.7596252412729614,0.5550290804531814,0.5547468331729527,0.5284746460216642,0.6557723083863889,0.486172584281021,0.6436944110486281,0.6118620485829264,0.5786305620570552,0.5287874659419355,0.6612832816779537,0.670764539190102,0.560655574579155,0.740713365941941,0.5476086178385204,0.7738226268655783,0.546189955932417,0.7342810163242073,0.613050146448422,0.5656031161474543,0.5344841037544208,0.7213118436848863,0.6834574159299933,0.7467686779290803,0.744709902432669,0.7397316842815754,0.5762003169614501,0.7112048540778542,0.3260562466796067,0.6792362714923417,0.5436052504993918,0.6107716638141026,0.42451370470984146,0.6534105661478817,0.6456690984862777,0.6515242221782755,0.5609326679638877,0.6963802411914123,0.7862923357655136,0.5283877838567315,0.6638124691023062,0.4264380798446046,0.6050171611856545,0.3882589344465089,0.5340093478700096,0.6426875565400361,0.4668744125671739,0.5778728288752798,0.6076333432747513,0.5277405941697003,0.6184001795366958,0.669310814692849,0.7030347747636296,0.8403931683296546
2022-12-31,0.6195180010365933,0.5103163184046489,0.5367747406985605,0.6612907240181674,0.5710811210652726,0.7042981522552213,0.6509454509668613,0.6409968226375131,0.601916126663868,0.7985694080416903,0.7311404864085845,0.5508642086227582,0.7182964285879901,0.690740257134559,0.6575124626805685,0.6162212576176531,0.6806019642353022,0.7800390793074519,0.7239154410898136,0.753179652942401,0.6064562721544579,0.7155819704868251,0.6960320137004502,0.5707805692905747,0.6473026840434688,0.5096303739875749,0.6910244686454712,0.5491434992749216,0.629306840882838,0.5979298263440976,0.685324447966256,0.6450292889319981,0.6516542861248317,0.6540546068560985,0.7492281320530789,0.7201048060631103,0.7197185505909441,0.5502266740468227,0.6649780025222173,0.4912223838864354,0.6444535449772574,0.702345173305175,0.7061174747584045,0.6955554934251714,0.7126179334359304,0.6545630033963856,0.65433469600555,0.6332948088711899,0.6871965784402136,0.6630710545184888,0.7331741354382848,0.6999026939103997,0.5883814660502336,0.5292189846393927,0.5622245709265494,0.6836604860859831,0.5823430383908339,0.6731270076364663,0.6106225481236294,0.6631887442366078,0.6471941286070915,0.6400417399606546,0.5273934530784025,0.5572538878566934,0.7235164584719843,0.6374457810621573,0.6756977695898811,0.5469630063702646,0.7631092718933379,0.6261182802558364,0.5808718784032035,0.7335907945020913,0.6833087870984145,0.7623528209441292,0.5636985866786999,0.5617458891428575,0.5676219320490538,0.6434325128636614,0.4927554073292078,0.645054106404261,0.6120772511495298,0.6200411608431924,0.5558720927734015,0.6857412936520999,0.6726260934591732,0.5770079517874632,0.7502338741154907,0.5595314039602063,0.7860059882786474,0.5456408427997173,0.743327818242456,0.6395044716269636,0.5721606739959447,0.5113209097384624,0.7213616118925,0.690308357111898,0.754157517308864,0.7461085984293251,0.7432124183928548,0.5793950886947761,0.7215843686345633,0.33872557997901037,0.6603225275148836,0.5736681803364069,0.6153961664441377,0.4331399820631634,0.6563367069542378,0.6547181295706552,0.6626274513600361,0.5674581502913455,0.6994596555918141,0.7815336399180332,0.5594158553050527,0.6879555558015161,0.4431451135491303,0.6377109625246293,0.38854221229651253,0.5377830195394292,0.6459307946213103,0.4702945534495784,0.6297400445821251,0.6660297343249532,0.53140553741636,0.6429769964063197,0.7039272233858366,0.7276307903872108,0.8388415540347773
2023-01-31,0.6111326808156174,0.5122506988644971,0.5366012771920913,0.6731611268481723,0.5817540591063306,0.7092650169270771,0.6547342922297973,0.6410973770324181,0.6252968628788725,0.7994900600783961,0.7386331790854395,0.5483805808683776,0.7159444719167071,0.6952102742801359,0.6573291185546775,0.616051907487478,0.6820099808354798,0.7775151787817538,0.7249067528904772,0.7539923762676456,0.6229295179637422,0.7187482553201726,0.6799062605144236,0.5705254452068762,0.6508494512534392,0.51517707988778,0.6929582630153384,0.5671075965507294,0.6308324507701112,0.6006958806100395,0.6764801584973437,0.6551994700194229,0.6921070725636383,0.6555918025483154,0.7516005683733549,0.7192301725160282,0.7226379083941452,0.5568327740079957,0.6673085829715091,0.4970625636941203,0.6453142628442421,0.6940230294561155,0.7078189788188172,0.7035712374544677,0.7135625705184894,0.665306616404314,0.6552116092827145,0.6393539396792679,0.6847919959440899,0.6913275664021057,0.7383153794805666,0.7022561908790784,0.5934498276149577,0.5306715241294638,0.5664357488044424,0.6943790694576785,0.592820781427372,0.6812912022496903,0.6098167355542315,0.645511805972106,0.6445016481562675,0.6422406731919088,0.5299660021118832,0.5578237420485352,0.7201392895179086,0.6565482343289969,0.6733093269434146,0.5513308126719737,0.7628553227628794,0.626956543363738,0.5822081024084688,0.7362079017793642,0.6832089057575089,0.7607784262666527,0.5679610070169826,0.5670864869356782,0.569394372144236,0.6483046909862409,0.5193128931010438,0.6454467484322957,0.6106778877006823,0.6203139468114208,0.550946410118748,0.6877876255234535,0.651607069632982,0.57617036822518,0.7501575804320456,0.5609590195419241,0.7897420881148913,0.5445528782888337,0.7384451050792898,0.6418874954758117,0.5855875768655582,0.5095708351799054,0.7204020526122827,0.6931585299884556,0.756207226698347,0.7430154542108899,0.7422124577463832,0.5811517585688971,0.7318237552598303,0.41779436108842866,0.6597107055492828,0.5684188905149953,0.6184139811409405,0.4421581101522156,0.6574091834066309,0.6575394052520817,0.6692823484520849,0.5734687014063803,0.6999597390573968,0.7801694776769244,0.5621750388935021,0.698276424602679,0.4413935571964573,0.6337785252363017,0.38797347007024985,0.5403168316015189,0.6386033319082195,0.47237368443634964,0.6289174329780195,0.6458430754987109,0.5330035025477761,0.6440479409737997,0.703988131327443,0.7259359425950345,0.8370938400671627
2023-02-28,0.6153104879682154,0.5214346997813217,0.5447691655233072,0.7209287669815245,0.601186446049,0.7079227703175953,0.6731424247997236,0.6430025284393609,0.6294415723695446,0.8008042052848835,0.7497299762926088,0.5490434504272466,0.7158577204942201,0.7303539280381535,0.6646703336885409,0.6196595620918619,0.6837814175265843,0.7803987136479573,0.7280338066644739,0.7566867397335156,0.6355133906046431,0.7293644581632187,0.6895667001211337,0.5733169354090071,0.7005250965942731,0.5279050177925745,0.6937212104828452,0.5871824727657318,0.6352323013078058,0.6074364040549833,0.6860912572687591,0.656786144382635,0.7582861860980009,0.6319087222539844,0.7551215522842574,0.7412491351229868,0.7288942580573421,0.5666904529177766,0.6636395903760205,0.5157672373269695,0.6573839040934533,0.7146369166813058,0.7072738343527573,0.7175934188934182,0.71631983550332,0.6863869003115183,0.6547449555773838,0.6488738342585275,0.6877460732908367,0.6930235280724327,0.7424176454275578,0.7141916731020248,0.6032421683292721,0.5358491540683241,0.594970321231137,0.7150850305373005,0.5898294226261056,0.6842972824406425,0.6128436397648959,0.6537784258399492,0.6800154282724113,0.6491280448374774,0.5408585929695304,0.5719619521305322,0.7175284094316684,0.6954790244178944,0.674897891627358,0.558793828429269,0.7664502414952591,0.6331756177037943,0.5871943908066339,0.7395155332289566,0.687116615600193,0.7603407422751377,0.5833538082089716,0.575284030107353,0.5821471752310439,0.6570603370705872,0.47126108296952657,0.6468106879397043,0.6127640350979495,0.6271334364670066,0.5564329964742349,0.6829885895278492,0.6572668589432535,0.5790596450549498,0.7576746325154095,0.5657051689942508,0.7952393139654913,0.5461783367237003,0.7434298941777068,0.6558458207695239,0.5920615019951322,0.5076456655109913,0.7022920845264505,0.6986449731050445,0.7378600346274259,0.7371918280074159,0.7417913869072282,0.586855026690208,0.7525888500285733,0.4538839375465693,0.6687098755006811,0.5770524742859626,0.6241913501275791,0.4663970956326491,0.6608756519950116,0.6590405481599322,0.7039837323822493,0.6727611446416203,0.7031587122983952,0.7914387938494478,0.5549942196336467,0.7199229175023486,0.4767285307103944,0.6403386240332415,0.3968110604805891,0.5523878473446406,0.6331961592408676,0.4778756343773658,0.6281787475967511,0.6725406113449669,0.5257484925126948,0.6474436243503108,0.7294970662580333,0.724030144555979,0.8344154430704182
2023-03-31,0.6221275072869715,0.5225473478404401,0.5589450396517583,0.7239569544957327,0.60311145025547,0.716674742971294,0.6846026035492841,0.6422498956021705,0.6235808142646252,0.8011730293285039,0.7508003406963172,0.5471531943513983,0.69624341735373,0.731386051275547,0.6654741027705222,0.6189320755328296,0.7063129311218235,0.7820181819232531,0.7283142669343391,0.7626813668274436,0.6428908490844416,0.7294853329756356,0.6719854978657267,0.581609071042241,0.7211244905560452,0.5323822911496321,0.6949298174123614,0.5895387719945108,0.6357561078798389,0.6091574891154461,0.6870766107701015,0.6710785938436066,0.7474152830851294,0.6343799527192262,0.757062177026918,0.741187318985958,0.7273492807474276,0.5731043848696302,0.6662464335633465,0.5216003071936305,0.655684293405605,0.714919090492593,0.7057146703934228,0.7225363052180499,0.7145898864440936,0.6889458895614871,0.6574250963782313,0.6503856626733031,0.6971521695870674,0.7260034859593123,0.74308103786041,0.7152027401817179,0.6053008329434003,0.536998728118726,0.595714329776422,0.716684259895945,0.5932637433765818,0.6749247299823367,0.611108036364194,0.6566378689324412,0.6866260749795302,0.6522189083147983,0.5404815998024501,0.570145321062945,0.7128860534964145,0.7048306130750992,0.6693111197948745,0.5599030627787035,0.7691024652206632,0.6330353601694718,0.5875591390605044,0.7356991159052124,0.6821696884312436,0.7587986762313186,0.5836604701990987,0.5798857197711179,0.5819481325356208,0.658255986836276,0.46270995624857947,0.6473403597615496,0.6297420896837279,0.6070632429238519,0.5609673383962672,0.70777344962779,0.6150388889804664,0.5994592147052046,0.7596337860306364,0.5839045465613062,0.797510755181263,0.5388328583553246,0.7435507738031505,0.6549162181372907,0.5859201605614348,0.5222220021109983,0.7338676335589304,0.7174753945441438,0.7439782265516216,0.7390201058313502,0.7455815554362003,0.5875849464150202,0.7531613074771634,0.47317556306938957,0.7014890310502307,0.5877060638896914,0.6260242041374566,0.47478108264949137,0.6610431746290713,0.6555028956138124,0.7064646039189478,0.583101370658269,0.7019446368008568,0.790127936582278,0.5842107459400804,0.7225013309511494,0.5185486976150286,0.6427380348341342,0.3961451062120445,0.5624736876392961,0.6411092587281254,0.5125649844068519,0.646434475374197,0.6977674386699697,0.5579365213954441,0.6401824884977021,0.7258634089954437,0.7225095306760527,0.8342107311479359
2023-04-30,0.6249960688413666,0.5314884128056456,0.572492293947862,0.7326398683168159,0.6099999486641364,0.7234392860328892,0.6915099633819403,0.6500750867014066,0.6264289046697411,0.8023993083530014,0.7570460247268196,0.5478851394667302,0.6964649142590745,0.7333033849037637,0.6678527018213591,0.6208962075034249,0.7123377882104256,0.7841247604639191,0.7283340482916756,0.7665093748491234,0.65295422099934,0.732035848229282,0.6786697603862559,0.583231684486878,0.7193391667361677,0.5422345335581831,0.6972588477114325,0.6154982857168757,0.6380284258003522,0.614571327411205,0.6888647229074901,0.6625211384195508,0.7497633407432237,0.6378582087647899,0.759729884167903,0.7531755395997419,0.7284535824153865,0.5810696399705837,0.6742753495985491,0.5365948450762004,0.6580175137278489,0.7193208037760771,0.7083404375297925,0.7289436971418392,0.7205407959540756,0.6964599020709126,0.6605176134327757,0.654747262558194,0.6988135550545708,0.7090201718037495,0.7454461730345877,0.7188458144125988,0.6101970431228522,0.5367903413520356,0.6005327007637964,0.7234800908050519,0.6026307901829135,0.6920416525189947,0.6283908200442729,0.661064555783932,0.663270500944576,0.6584485726666796,0.5540499234594379,0.5500659277797494,0.7160093622133502,0.719865789494114,0.6784029969598515,0.5636564326671638,0.7703756246979825,0.6365706613312712,0.5910730747885481,0.7420221534802529,0.6919574605312107,0.7648443914001285,0.5909261791098508,0.5864168713114618,0.5905324260385203,0.6595305094565737,0.46912808191624084,0.6495737072919063,0.6297955404896116,0.6106996624814981,0.5612173827704844,0.689686123560857,0.6180203206440825,0.6006066779027444,0.7625301418555032,0.5881331375913736,0.8008445779570494,0.6161522898917149,0.7467188373632475,0.6557154502598015,0.6150928828450056,0.5233852216144517,0.73370609346138,0.7306346189122462,0.7478797328637367,0.7463288830143743,0.7514982567858294,0.6024389597885836,0.7587501267959493,0.4964218761930756,0.684615918235199,0.6087860970430842,0.6281824345612641,0.4908992134608312,0.6629427687540518,0.6562252403520911,0.7126179523656535,0.6010505887623159,0.7127555606387714,0.7867693809033185,0.5874893963271761,0.7287637633235947,0.5246591560754781,0.6672318047574088,0.39731096976596925,0.558601243277364,0.6447990882743894,0.519836634297909,0.6473863907543997,0.6812125189400545,0.5448048628224567,0.647502945613131,0.7418901852395183,0.7229293610673652,0.8331385294718067
2023-05-31,0.6204628246335739,0.5208613904490194,0.5763577505156094,0.7249981529240215,0.6028017821919153,0.7235032193718026,0.6865559662881796,0.6408316923296586,0.6239242604204759,0.8019313763124348,0.755209499547945,0.5429799539486824,0.693830608513928,0.7315246743045191,0.6657896979308265,0.6205230421785854,0.7015491487612522,0.7834322382479197,0.7339489462038344,0.7645178208116461,0.6509236444016742,0.7324230153001443,0.6709153171768081,0.5792386901234625,0.713374074022986,0.5375464892003402,0.6979205231953222,0.6196424390619419,0.6356683999777056,0.6101948256415515,0.6883319959520967,0.6612629767806294,0.7494589458216976,0.6377879356061089,0.7599517676615221,0.7511150253967567,0.7223170494637354,0.5808305982759283,0.6708898673503675,0.5262559252167283,0.653552391320023,0.7119395355245198,0.7072429344100265,0.729552515386189,0.718651917260426,0.6870671673574579,0.6587716182843208,0.6504164408617021,0.6979400699921454,0.7009621160757774,0.743243845883469,0.7153936916851993,0.6069859562489964,0.5351341526056655,0.5992456441813029,0.7146699476619797,0.5947462135404739,0.6890637240393273,0.6204209970460085,0.6495992532014448,0.6602549328472551,0.6618835944994099,0.550495999588197,0.5278596795806498,0.7123302824592419,0.7126955679984635,0.6716985220125247,0.5613754936987446,0.7704844401398843,0.6371096010711935,0.5862826877499812,0.7398853945187834,0.689553135579544,0.7650375426057332,0.5797458587737913,0.5871919114148424,0.5938544449154854,0.6530040291316372,0.46480229044148347,0.6477405873754851,0.6240387203544924,0.5998804408002915,0.55853114037124,0.6878889448739363,0.6222221645424524,0.5964873946794763,0.7598641477096549,0.5834189771827203,0.8004071271421117,0.6101992113984357,0.7462760481166769,0.6526405099246728,0.6056430399211138,0.5189585110519199,0.7303955639297063,0.7295014363041913,0.7468402156170341,0.7471653479095143,0.7449600744312407,0.6053207289055492,0.7420857295462772,0.4999422529201401,0.6798487283244364,0.6053207411855653,0.6254377713132024,0.4833681739925638,0.6605786362471259,0.6557846525594868,0.7084586122059358,0.5830440448603564,0.7087269883949486,0.7842703738436743,0.5837005458240832,0.7363116829399371,0.5140932185759999,0.6625478847181242,0.38307893620510863,0.5451993153865308,0.6497501279202694,0.5162376645569512,0.6398556496129815,0.6817614879234631,0.5407514392756054,0.6458950147951019,0.7449328686862798,0.7211470306500016,0.8364732974320761
2023-06-30,0.6189539681970813,0.518806404273124,0.5801065384829026,0.7243196247597778,0.6015963661431187,0.7251413045929878,0.6863953950762695,0.6392021043165897,0.6237613812768974,0.8020272138526622,0.7563279350127529,0.5412217375373342,0.6922576745378497,0.7305720588026964,0.6647429632039874,0.6190030407101423,0.6982975785316579,0.7837200127144753,0.7151129848229613,0.7648070464345179,0.6522390884179399,0.7322827972916054,0.6693762194457823,0.5777886441438214,0.710847027834132,0.538731569756854,0.6989262448382498,0.6220353284473774,0.6354601007526696,0.6099562704638647,0.6885126379866024,0.6573282828516954,0.7473194564733384,0.6385012255867284,0.760990563816126,0.7500619439182759,0.7190788135216979,0.5836955501434461,0.6689343401017627,0.5271861714849692,0.6524161479467273,0.7091523423254331,0.7076346854195391,0.7322548505293486,0.7181158388244865,0.685975002048371,0.6571794499016554,0.6494143767373358,0.6981560169471941,0.6957682779853288,0.7428781902831213,0.7148899685646823,0.6071190630320371,0.5330821131281925,0.5998614203078968,0.7111164224081994,0.5940808539849302,0.6890570587171982,0.6172139259272909,0.6449883592937611,0.6583537335757945,0.6660814109656927,0.550201144333546,0.5200051216809318,0.7103036592811542,0.7140383242115719,0.6684122233231808,0.5619528579047499,0.7709094068509084,0.6353897817528181,0.5856282791093828,0.7394436500109711,0.6888448905896277,0.7657963412070574,0.5766141888814071,0.5901122759143274,0.5900436438810369,0.6495380005775572,0.4651155279412482,0.6467844592612435,0.6208265062341308,0.5952551636993161,0.5576181924947701,0.6867882135919322,0.6187052078775653,0.594448538830846,0.7591328371499639,0.5824661231768699,0.8012842144181227,0.6078421770099868,0.7452355309006559,0.6513230808396451,0.6021129974627236,0.5172034564995573,0.7282540893118548,0.729677227275022,0.7470536589038229,0.7458388375572139,0.7459978571735482,0.6026550172851818,0.741939382519762,0.5099234728609467,0.6772996523604755,0.604448450189182,0.6303952900475435,0.48572004107750916,0.6600372843930622,0.6518480904971007,0.7086454025603405,0.5808025016504166,0.7064998137192994,0.7794049718002872,0.5835993617338258,0.7353496438742363,0.5106747913958899,0.6618352675668331,0.37938508296074624,0.5430363201042756,0.6491284610904025,0.5170318700638924,0.6587229197033813,0.6788410942707013,0.5402753045002767,0.645527622478437,0.7424239483937052,0.7203594896212481,0.8373155054586634
2023-07-31,0.6184985906409344,0.519642198858201,0.5833110323599303,0.7264792390322513,0.60303417009424,0.7272607839149053,0.6879801728674192,0.6381582709078293,0.6245819988273785,0.8023636817653637,0.7572257096737812,0.5404679347128051,0.6911564713491473,0.7301221336149033,0.6640816284764984,0.6186321911672304,0.698172545981011,0.7843975531059643,0.7279412840841852,0.7659163983809809,0.6550246848354369,0.732478180416741,0.6703718434605658,0.5774308318181094,0.7096792396897746,0.5419841243630997,0.6876145924571518,0.6234571627562384,0.6360114294835602,0.6111351460647113,0.6889471531277442,0.6544174407876633,0.7486833908568744,0.6382761218314837,0.7622987262330508,0.7493973706640552,0.7171661748189858,0.5874707664028495,0.6674765284461723,0.5316277108260886,0.6526436267763295,0.7080302899263176,0.7085776954288322,0.7338467230485054,0.7181103021607376,0.6877419595264017,0.6574394557330027,0.649809304275066,0.6988400334075062,0.6915891748579118,0.7432525719829838,0.7154922466688148,0.6086609936028217,0.5322337733708669,0.6011874075102619,0.7116321497951993,0.5965196133575893,0.6902527201224942,0.6157380094118206,0.6430967853309081,0.6570342547644692,0.6703386990822863,0.5511432119163664,0.5173976757704104,0.7088548647354013,0.7193723279959305,0.6662468939540772,0.5637091522262065,0.7714305117785671,0.6351618535817308,0.5845393507540909,0.7393864032793134,0.6884134647680079,0.7667680758636924,0.5770070091626395,0.5937896988553445,0.5900313044361164,0.6479280084863132,0.4651510865785706,0.6466213023046407,0.6187619722106042,0.5930951833734165,0.5575970511947687,0.6670745630817192,0.6172523447434052,0.5933201868171433,0.7586791633049363,0.5828241825279458,0.802666025833733,0.6067038905873942,0.744285696908655,0.6509023020175313,0.6006799812937115,0.5167266608443165,0.7266308686821782,0.7303449764574383,0.7477736618255262,0.7462525014767021,0.7472189904107694,0.6017264670317771,0.7423104080867172,0.522007600662301,0.6758304850583173,0.6048122159104643,0.623554322503145,0.49235070983540663,0.660283518308154,0.649552680383588,0.7105852901775557,0.584179659484104,0.705092998264882,0.7776614008850565,0.5851688527718485,0.7490196369311516,0.5097606716106942,0.6628084679481464,0.37936594766446,0.5446372113214402,0.6495728543913524,0.5192434086328893,0.657128514523073,0.6770311890641291,0.5411336040974729,0.6457167969059922,0.7436696657845032,0.7200327724863889,0.8362116137957012
2023-08-31,0.6521659570846192,0.5624801971618402,0.6269533324444269,0.7203025500620029,0.5993905032906052,0.7366256036721828,0.6990289470694493,0.647810389581295,0.6098192373731196,0.8014929058283554,0.7818619317954061,0.5970057220990913,0.6937577516592458,0.7265305026348583,0.6800973126770609,0.6326405632630799,0.7283140349508811,0.7938539464206537,0.7484133195012038,0.7633188486858173,0.6660440648661881,0.7247666414992027,0.7144126150770889,0.615400164646218,0.716254308532802,0.5360407010433682,0.6935509102514059,0.6998899137882456,0.644234360064264,0.6065982631174892,0.6932851641510478,0.6894456902533531,0.7462768030641115,0.6675895821022237,0.7617967701326004,0.772355507627234,0.7097765212103077,0.6285271661075881,0.6701470559861373,0.5208047251290714,0.6548908864888455,0.6842656440564903,0.707815472291568,0.740262594030759,0.7263632110007227,0.6746369613369565,0.6717576470810321,0.6901747299448177,0.7064913415196432,0.7570272288698437,0.7591934482249894,0.7074034653434756,0.6039767178751702,0.5270280582526116,0.6489469853826616,0.589688145196863,0.639239316970228,0.7110853920982279,0.6186511202700791,0.6918413275405104,0.6541235513958686,0.6707057728752596,0.5686808218111638,0.4971109666146855,0.6821735774593423,0.7037580981925211,0.6749737693803979,0.5713302498873989,0.7620610927650242,0.6442936182759321,0.5694321710694039,0.7502174925783085,0.6908538266234808,0.7774376545043147,0.5695769650155227,0.6191274809627922,0.6202076722305829,0.6747144071053892,0.542841030728625,0.6395941889997117,0.6129776889189562,0.5933525118684081,0.5543472344686896,0.6727629802124429,0.6534063067086896,0.6172207012990627,0.7594358796052462,0.6006276651601201,0.8145386334326011,0.5537568409082063,0.7196877269157759,0.647275267439939,0.6319410990795071,0.5439719344553099,0.7228114757216334,0.7163432935356453,0.7705614456791345,0.7337087839083495,0.7572936954347655,0.5944593761035026,0.7612674153694258,0.6034201352671265,0.7364496311120485,0.6240798705079315,0.6333527771034404,0.5884999201291642,0.6574864813067122,0.6541503322039737,0.7049288805015064,0.6010845177850801,0.7113597363734381,0.7901994497365947,0.5980174763211281,0.7387448099341912,0.5841130761480623,0.7034790576309287,0.4953512455947493,0.5648666974355087,0.6696356586237012,0.5242282855052667,0.6588549892597257,0.7066097706430192,0.5835292500961181,0.6255232209726441,0.7371087348829459,0.7222870331116682,0.8492259535295722
2023-09-30,0.679303420510346,0.5506536623336136,0.6538620085738527,0.7146561947852088,0.5819060353650629,0.7376293115942291,0.7136613579240015,0.6615455689372712,0.6349828688892026,0.7965360219811362,0.77567571093174,0.6228875620054091,0.6953333388145431,0.7207612835907939,0.6958743957405621,0.6008907255878322,0.7207470583408756,0.7967792872755656,0.765968992792702,0.7594257949693733,0.6633018140447003,0.7333410371432091,0.7074201927036953,0.6396666092985188,0.7351638137632771,0.5108456881036544,0.6934108980260411,0.7271894576771237,0.6710092008109062,0.6185439331860204,0.6917502821039673,0.7147819417413309,0.7526612437099344,0.6440994609220001,0.7793333002816331,0.7782272515510813,0.6999488389903198,0.6534011790389203,0.6684874934913684,0.5204241808670221,0.6747051390497706,0.6680306604024512,0.6955823847734743,0.7352888272085472,0.7296819734378582,0.6669768608021214,0.6754032369203408,0.68233087411253,0.7096084886329412,0.7488328855047102,0.7553460791378072,0.7175792659896659,0.5952807803570862,0.5123075361468756,0.6738005171027072,0.5645917511327829,0.6281274975060722,0.71592685467383,0.6381145814202468,0.6756552302119654,0.6508300319963337,0.6792736288542236,0.6119061883878097,0.4783726198427995,0.7100214846529791,0.6762593671962884,0.6686261205351721,0.5651946301077996,0.7622987288844009,0.6651500179757879,0.6060594492554471,0.7569764666642084,0.6801570783197609,0.7839667501032032,0.5526451343406488,0.6228577507723114,0.667658153777455,0.6777217537724086,0.5708099767996441,0.6404529138631241,0.6766395941380955,0.5799884729437487,0.5920290784154629,0.7159098263231496,0.6437566877272037,0.6111779295010128,0.7667640477047656,0.6154026381061759,0.813755748853619,0.5504677864013029,0.7362153779938205,0.6413634854514834,0.6651908974283405,0.5981706141358077,0.7114802208433363,0.7297622979776046,0.7678646549349085,0.7694046522904848,0.7655208062602155,0.5872104168445827,0.7506647334609502,0.604097951519433,0.7311587978583797,0.6479707821117069,0.6434725680750443,0.5799254474484673,0.6854997306874627,0.674387950786484,0.6960110318252333,0.5854605278199749,0.7055003051831598,0.7383294324173576,0.5930462156454743,0.7189589704206746,0.5717033220264235,0.7171484318465964,0.5009102327243617,0.6263818411354586,0.6850001769754153,0.5642248643973008,0.6524642897307104,0.7029892692033021,0.5750746461177876,0.6532207295455571,0.7740999771531163,0.7243386099490513,0.8619058849888508
2023-10-31,0.6807367141784468,0.5763419776658906,0.6855210046723297,0.6869436505897036,0.5881932460551416,0.720859789829278,0.7145755812860551,0.6741205887506784,0.6124849301544576,0.7976065275079379,0.7803919958174321,0.6206825019577505,0.678299592283493,0.7155599298638704,0.6955502893059822,0.6024472187070562,0.7156370059032828,0.7917579250155047,0.7644426769310436,0.7660939519446729,0.6615291817184245,0.7339177472934442,0.734723082720863,0.6720004789625497,0.7731750417554873,0.5099748257957275,0.6939306365894485,0.7711674642772869,0.6319096547280142,0.6151789952272863,0.6979799832766141,0.7051214751721077,0.768123617540776,0.6731938548875722,0.7794756494045253,0.7830776614013103,0.6916168637830737,0.6430038721809975,0.6744018698398806,0.5413306473130223,0.7005178472031836,0.6423702574957734,0.7102366786397246,0.7317414282811303,0.7332791920275342,0.6699958224045055,0.6754837860943095,0.6757438467867172,0.6791337366617496,0.7665637603004088,0.7419929209086724,0.7235542431502404,0.588844022729481,0.5254017881039392,0.6723314201170504,0.5504375563162122,0.577757202762081,0.7158056529436904,0.6666129991175782,0.7125782763352095,0.6692666123341976,0.6893870512695284,0.6140266980258475,0.4837770893207726,0.7116356492324609,0.6610674247575579,0.6749502760265931,0.563996487140684,0.7652318283232731,0.6386464141600633,0.6111917405988002,0.7338891339272684,0.693911736304815,0.7883381024654752,0.5420424167032901,0.6215444367487714,0.6599424462131264,0.6634754109454348,0.576141035187059,0.6520111332842767,0.6972685814515677,0.5577493410385155,0.6004401739843894,0.7441019458101424,0.6574419779467143,0.6059280612017954,0.7680666925151927,0.6389991164510428,0.8120647733353766,0.5499644414199052,0.7372345912564741,0.6362345532422763,0.6598020572514248,0.6129190050474154,0.7271413279453238,0.7384982991759086,0.7471283485219985,0.77368205085792,0.7582470653087223,0.6285076297623757,0.7541882605750289,0.602650464712147,0.7265515959908662,0.644745679673622,0.6258855936659078,0.5723302114063569,0.6789567087476079,0.7137982481194755,0.7023685685721266,0.6340323992661241,0.7006521904213399,0.7595297688393806,0.5896136008109614,0.7056555302124833,0.5637768606642534,0.7046092956156341,0.4859131247626566,0.6158975669776251,0.6847075763679931,0.5747104248791612,0.6894706254280942,0.7038911636782603,0.5703186839331681,0.6457744113795226,0.7618439559450143,0.7280192777224946,0.8371170313911008
2023-11-30,0.6814558752593116,0.5763660397925869,0.6816893751304145,0.691806159655467,0.5951342518108199,0.7229958252380989,0.7265930154135954,0.7023567458653239,0.6121250697248093,0.7982081030397509,0.78242648787969,0.6166528795454107,0.6783909348343089,0.7323002760388265,0.695099772058616,0.6013379525202233,0.7160096960323256,0.7925059946433318,0.7549259979157218,0.7668117037895265,0.6643125686251744,0.743619925963352,0.7330043455522706,0.678817372388749,0.7712154482557737,0.5120304407740492,0.6942360417566471,0.7747799258744491,0.6332545586926268,0.6138166796649956,0.6983564803403894,0.701608722513217,0.7689776301651339,0.6755030719697199,0.7795487703648797,0.7831535134138135,0.6915180074737293,0.6456534128008973,0.673840591342873,0.5471054895803773,0.6990156750923592,0.6422160828263599,0.7115055659659697,0.7358255458462253,0.7332893262910746,0.6747925189749497,0.6787963150642321,0.6758299405728665,0.6804880231742235,0.7926442240870291,0.7429320300788246,0.7522735084794688,0.5923067819217485,0.5224198476352462,0.6727065514190559,0.5437802580053451,0.5834246786481285,0.7168289093227365,0.6656763646003834,0.7085620708322541,0.6676815941310299,0.6934341239356493,0.6109384075564059,0.48180558156602454,0.7109666747133416,0.6694925507913788,0.6700226882445295,0.5657259833988046,0.7657974849026346,0.6382081382213082,0.6102604570504028,0.7336446906966272,0.6944691601622924,0.7887831665056596,0.5447432446160801,0.6232037956374742,0.6583329167779787,0.6644954811015424,0.5830520085727356,0.68031878360214,0.6948934120937419,0.5568585368841201,0.5993496879305682,0.7420768299042656,0.655307719840553,0.6035594303863426,0.7674502471456714,0.6395846672943944,0.7847475265064531,0.5533489372248068,0.7368280339416615,0.6377723837236826,0.6560089152171694,0.6174925915015165,0.7546100011588416,0.7395965678835359,0.746955344050072,0.7736781915178278,0.7589013590595418,0.6234127459371146,0.7543922836352474,0.61206480068438,0.7243366724653727,0.645209744147198,0.6549870761459735,0.5799682789649978,0.6785683448125406,0.708396397297406,0.7054509424257458,0.6371066629717217,0.7000413366441911,0.7590074716549681,0.5926655936150891,0.7114727080635556,0.5628521996515937,0.7038432233538889,0.3988565498325179,0.6185211001127668,0.6853018096017612,0.5791984105633984,0.6835307772368906,0.7034697531585742,0.569781595805495,0.6448604926181843,0.7585357397768485,0.7279986619360498,0.8584238402355412
2023-12-31,0.6828681182484971,0.5637771193772569,0.6799551193158444,0.6987390314085464,0.6056009054827671,0.7256910402318336,0.7165545108829594,0.7019695513847406,0.6125638549704862,0.7992996741992051,0.7854206661004658,0.6137816527132804,0.6790154687680368,0.7325871720529009,0.6948673195572816,0.6012246624759569,0.7172669831716794,0.7936842573322784,0.7512782348410125,0.7684498795684707,0.6683421154199799,0.7437050733408221,0.732112772506151,0.6765760848142637,0.7695329677812545,0.516086941683108,0.6949329471466635,0.7795167233347428,0.6354911105449234,0.6106598566840163,0.6989868100353104,0.6988464609250142,0.7719033440453146,0.6781168776234034,0.7808457440753768,0.7835573305999338,0.692854861277078,0.6515459779139986,0.6737481726548322,0.5559598573133381,0.6992580280349544,0.6433203607744991,0.7131744385180998,0.7521047170563235,0.7328150114456126,0.6711640238399517,0.679274282746828,0.6771014631122104,0.6805870404412039,0.7909345232907236,0.7444954426623394,0.7529547951467285,0.5974757626068937,0.5227846297179318,0.673528974510758,0.5520186339323231,0.5918075956383761,0.71841014208572,0.6660708007351959,0.7055334940561386,0.6638934957894871,0.6977819746149613,0.6101898915871443,0.4825745563957591,0.7108736590957243,0.6836453771824701,0.6560180661089094,0.5683185942444766,0.7664310228790049,0.6392841887970402,0.6104834319844791,0.7233962721505546,0.6952124920822839,0.7894411546750874,0.5231347597337705,0.6257301695414155,0.6582956002195288,0.6669150302162328,0.5913340463756197,0.6802340514656995,0.6932215984357634,0.5581240855680806,0.5992365437489489,0.7433981010478105,0.6545723225376378,0.6024623015887153,0.7670042002407644,0.6413646470227544,0.7874644264801125,0.5574619485710653,0.736919787341094,0.6403261827188103,0.6528832231790889,0.6151075089199857,0.7535298160316759,0.7410470872584604,0.7490384346628803,0.7738985320746988,0.7598459694613077,0.6243431470167261,0.7550235047590684,0.6233721964676832,0.7229420451758842,0.6465176986759993,0.6567393159010178,0.5896267830711892,0.6787527671472303,0.7050295868345465,0.7100188737181249,0.623952658493048,0.7002328160952433,0.7532545227982037,0.5968218399929618,0.7214517766777563,0.5640210191516455,0.7045581681149438,0.3818505324955032,0.6236247520476722,0.6865808408007693,0.5841951172176204,0.6796518010548117,0.7039625761513544,0.5706044180653832,0.645526826130834,0.7610095877285462,0.7283828010864735,0.8576672361608948
2024-01-31,0.6875338726905155,0.5750873772542676,0.6863858315084261,0.7191242419465734,0.6258212009812156,0.7312515429161577,0.7238436548276912,0.7028577235400337,0.6147315354137,0.8019135745801501,0.7918030094918775,0.6129833101739478,0.6817951257190419,0.7230794106286835,0.6957633339566274,0.6339443980607594,0.7208917452344092,0.7962952814647045,0.774929442971455,0.7733414233632796,0.6776828843822741,0.7280548864091978,0.725365553198985,0.6755153487271904,0.7935593826040521,0.527933351541042,0.6966151260530683,0.7644546830855037,0.6405133714685325,0.6112749260818141,0.7007277622528086,0.7022661014648518,0.7726628006272758,0.6819981369650112,0.7832268823961658,0.7913474040048998,0.6983081803556259,0.6614415507335283,0.6752479853119097,0.5737477021497739,0.6958747078177612,0.6493943292509882,0.7165227424633774,0.7598104358684923,0.7344756483418562,0.6860245253693359,0.6810275925830117,0.682038075190933,0.6831713395411416,0.7908564592302691,0.7484624917199789,0.7553435122609525,0.620125539027264,0.527159989522765,0.6853056145452062,0.6134441209906067,0.6097936245216329,0.72196095774772,0.6719988934231651,0.7044000513516115,0.6638536950781881,0.7040735821818979,0.6249508188072896,0.49607456725745747,0.7118998491356903,0.7180269987872071,0.654170844008851,0.5737263246509181,0.7676007705837161,0.6730646621166455,0.627635319562276,0.7242910168803688,0.7275963243702503,0.7907571589371616,0.5408159192948482,0.6075062158144735,0.6615548841675707,0.6730940007509832,0.6074258761108423,0.6816749711994993,0.6934714740508171,0.5399229514539513,0.59759224327562,0.7461678919829355,0.6576170788520111,0.6041664160666264,0.7642113312740706,0.647936289379059,0.8010657236851324,0.5671588547196816,0.7342186834098477,0.6455766559092171,0.6508209968836826,0.6155841743631145,0.7538523368666304,0.7441301514877608,0.7536428119694694,0.7473201927802561,0.7717953733000856,0.6306103315983218,0.7760621467407661,0.6399864848615137,0.722008838496464,0.6501217613964878,0.6618239795539144,0.6032670057175152,0.6894649545931525,0.704560998451406,0.719836906782971,0.6492038451563982,0.7062511734758528,0.754990326937589,0.6044361141448911,0.64527010503016,0.5737346898779944,0.7089907880688199,0.43386168296354044,0.6362885388420557,0.7101562317585791,0.5944736196316621,0.6786791299607093,0.7077107141753742,0.6029820209536729,0.6482484219253688,0.7670867996727234,0.7299432105852044,0.8547390015864401
2024-02-29,0.6896439612511417,0.5815735826825831,0.6769629033362297,0.7263061088259515,0.6325231431103469,0.7342939008062507,0.72716502266429,0.6902145190086615,0.6158269953346953,0.8032185606294696,0.7939611202309704,0.6115202847315436,0.6826651445851944,0.7236624426039757,0.6957703884233334,0.6346221554442751,0.7179667543868955,0.7976193040816071,0.7076669298209063,0.7759949663366383,0.6830347212792548,0.7146430497817408,0.7255791974602301,0.6736588216298616,0.7997711721319538,0.5342399972470242,0.6977373376541286,0.7754524561683107,0.6426185407419048,0.6148742562371556,0.7015662171231234,0.7054513595653,0.7755949133047475,0.6849858330012797,0.784592842397595,0.7794879047871651,0.5854197208419347,0.6675691713829064,0.6753683213189613,0.5797008987068679,0.6986374190245555,0.6525012565408179,0.7184755654106061,0.7633393669596112,0.7149221793035555,0.6903516684045147,0.6818320745381038,0.6829273389341239,0.6836100950372205,0.7902884219219158,0.7500641179181364,0.7563149843476796,0.6232447286546875,0.5295673243376016,0.6867552398307188,0.6211992978460664,0.6166669940682388,0.7234348875611201,0.6297155217700334,0.7019745009553819,0.6632896523125436,0.7086461498916558,0.6256148431883384,0.5033411091242115,0.7124531248231947,0.728846134726467,0.6520423007438452,0.5770576258040399,0.7683002510662155,0.6747811781015106,0.6314709818255503,0.7246488559957338,0.7192469905210735,0.7855519040619016,0.5483766516287629,0.6104619034884702,0.661720963055917,0.6745148440341375,0.6183596807319405,0.6679221943484249,0.6921969580012846,0.5430803604472789,0.5990009611029854,0.6567163267834802,0.6573121446392839,0.6044227910397572,0.7303574869315077,0.6512620428706013,0.8029911120130441,0.5735203694199107,0.734963977325663,0.6471132107400732,0.6616330654923008,0.6142276596840929,0.7529415757806156,0.7456808357022697,0.7559865673467556,0.7684484831172997,0.7731316491686209,0.633771694558561,0.7769980480759313,0.6474698922568172,0.721340714393129,0.6516326080713701,0.6434556009521373,0.4287053959054743,0.6893263116994901,0.7112831409642036,0.7239341959211192,0.6633939822461615,0.6721425866764453,0.7548925382542666,0.6080196013605608,0.6576874962219529,0.5778673235035153,0.6397095309362608,0.47017421851779,0.6407305846713214,0.6981945696768843,0.6011045222927666,0.6788940556508188,0.7085465214574697,0.5603170753493261,0.6496201032579849,0.7714436682115753,0.7307294408880826,0.8460189540154008
2024-03-31,0.6896239961396045,0.5819645026378382,0.6794383757542998,0.7278766577410705,0.6338475519166343,0.7356419070098509,0.7283122294932871,0.689362666500504,0.616421446145861,0.8038221391735791,0.7942156299288403,0.6094216564165692,0.68221506235928,0.7227377378270228,0.6952281570844231,0.6338393750842114,0.7179882405007113,0.7983063872683653,0.6717494919047394,0.7771408750657646,0.6863461608653504,0.7150353530462058,0.7245590587479248,0.6712300463580279,0.7695661223944641,0.5365148242973001,0.6986768498844538,0.7772623166415369,0.6435669071901152,0.615620244841622,0.7018583297193116,0.7033795447595571,0.775322306696109,0.6875647570016689,0.7853638455648914,0.7519205395383786,0.5846581853828972,0.6708927077168475,0.6744261932819617,0.5816315291695121,0.7004342422286275,0.652598282253407,0.7191289185753439,0.7754075857717203,0.7146978918140111,0.6910329344977675,0.6785999988060613,0.6817995782042106,0.6825139397679407,0.789823820357589,0.7502293804998604,0.756370555712074,0.6240869854608798,0.5304245862095713,0.6871661118944727,0.6213695770262999,0.6181257887279398,0.7238587492465395,0.6282446089263449,0.6990181068917884,0.6623686869031119,0.7123063828292578,0.6250333843744628,0.5016090225868636,0.7127178400735196,0.7306677502221122,0.649835860568996,0.5794739701394316,0.7687094704323563,0.6745870150501104,0.6085989926566505,0.7246564256088437,0.7198548139449262,0.7864470370841846,0.5493320706811878,0.6122555641570765,0.6605327712339665,0.6742037707439809,0.6246052732970547,0.6680009221736698,0.6897579772269685,0.5420408676953458,0.6000705151001231,0.6573317033652442,0.6550543530895209,0.6041120399061763,0.7290203652783122,0.6517089741960848,0.8037670152576758,0.5756874367047283,0.7348970718794307,0.6472552477670735,0.658944832831995,0.6116264582756965,0.7513357848443505,0.746132200165377,0.756832617637545,0.7688908013274164,0.7741060102728817,0.6334351979254862,0.766331039191939,0.6531271300892476,0.7200245816734783,0.6521087030069684,0.6439619711086602,0.45129438696601626,0.6886298190026023,0.7107566607765067,0.725078983126114,0.6664621517585344,0.6710962359013449,0.7536093095346318,0.6098981455652315,0.6597020269585594,0.5767157123294766,0.6399221469947886,0.46899097071948215,0.6412205066475422,0.6984920271212979,0.6040070669621759,0.677213970580104,0.707173658561804,0.5615492013532454,0.6488355317192992,0.7720122620231956,0.7310044175655421,0.8449662891106277
2024-04-30,0.7130918285808404,0.5870311446158224,0.7073673223094157,0.7164488849006915,0.622432074162139,0.7568344280477536,0.7137393604018017,0.6873980026581945,0.6224835977236334,0.8024794188437888,0.8154814160172053,0.5818441418506209,0.6491906394744289,0.7176759753685278,0.7106410319457808,0.6285661786854443,0.7391026359102489,0.7718485302267563,0.7113946221099953,0.7770171730196235,0.7256138453644406,0.7180230215893834,0.7225681833931368,0.6623605371728732,0.7671620912610937,0.5637249804180897,0.7059577860943321,0.7870413553176538,0.6410838852484132,0.6700050359749837,0.7101175935565117,0.7052711439790412,0.7500161125315609,0.6628173798615603,0.7845995645007502,0.7648491945695104,0.5362402134595173,0.7227067338794503,0.6901256950813671,0.6192697236031712,0.7086847379418564,0.6636197373962174,0.7349446252572882,0.7747184382658082,0.7165960253346124,0.6826620967051109,0.6921835911474464,0.6968127121726648,0.7041881700961563,0.7924446327282719,0.7681729968723369,0.7380116584249984,0.619347829008666,0.5701281717521118,0.7128771436394072,0.6038663820918614,0.6065742316854704,0.7386994523101824,0.6648215147268522,0.7242222795087883,0.6669548923344627,0.724328324615885,0.6372075932729776,0.47845698663989794,0.6920711722878528,0.7129125004962239,0.6461144818889087,0.5894946372451326,0.7437789432574136,0.6661390315778392,0.6346518462403584,0.7318971337528839,0.7341288647987193,0.7910104249947324,0.6081016966051043,0.565262760094144,0.6700282025323165,0.6691631243123495,0.6704904636956963,0.691538240029132,0.6712559306883829,0.5585274070346863,0.6158506941146261,0.7374239387814379,0.6449971472903663,0.6025550597416532,0.7139671560417162,0.6873641201395314,0.8034571661969065,0.6295516181722652,0.7403106056274847,0.6439412556313473,0.6619912454953375,0.6420782002798755,0.7478729661950607,0.7523743240126982,0.7165230027884237,0.7742250488854096,0.7729862922588389,0.6827872155999445,0.7714445890871423,0.653442644077005,0.7099071020329205,0.645987982673539,0.6456898608412663,0.6043644277331219,0.6862443936760125,0.7091651557369402,0.7496395413303798,0.635017412130199,0.6252749230397049,0.766533955951044,0.5996968202992442,0.6386134211774379,0.6281544640654,0.7048672773986728,0.5016500883945534,0.6586083035912633,0.7191234797223159,0.6937563691385745,0.683453563737819,0.6903513729754253,0.6055343367251664,0.6427809750727469,0.7999477854689315,0.7302157082219233,0.8329507037704555
2024-05-31,0.7419472914247037,0.7274748195221061,0.7277772201481816,0.7187225023972039,0.6244048022633946,0.7575700737541354,0.7038164826915475,0.705845697841233,0.622244978239209,0.8027112229587948,0.796436838617493,0.6098891081015376,0.6488130642075112,0.7067391727600713,0.7210808871998948,0.6274255343216136,0.7384317758317589,0.7721767725791169,0.7183241294353226,0.7771890896483431,0.7251731336141799,0.7195024986652218,0.728690315538877,0.6815596217355403,0.7740294318571188,0.5636642082040761,0.7059198856882917,0.7883390188889734,0.6417051444570557,0.7388477352804501,0.7099832526535858,0.7024061824786367,0.7593762835210248,0.6650565112473681,0.7850493646342481,0.7649605871051544,0.5530821087653737,0.7570647994807179,0.6892401401111231,0.6141616271407311,0.7091100581124016,0.7191814770104564,0.7353603140684317,0.7678103157503054,0.7183695391425844,0.6837444592371709,0.7030765437996356,0.7132603766456137,0.7027883562935102,0.7884187689499167,0.7678557557690147,0.7377413357467862,0.6202733712212541,0.621454399945347,0.7119184599441966,0.605182407799966,0.6086173969169951,0.7385837858737327,0.7603559131645466,0.7199470181290063,0.6655780013306473,0.7273745840131687,0.6600913390428798,0.4775254570805696,0.6918353141689535,0.7240788288484512,0.6429792100591031,0.6227892997917864,0.7440553307522085,0.6653986154970752,0.6632511225394842,0.7315291714109187,0.7343111582854488,0.7916402652358412,0.6109592176763529,0.5585840815751721,0.6679208965005012,0.6681336417922705,0.7369361309789387,0.6755028303511955,0.6755499711375748,0.5640969661644015,0.6162471879706,0.7594341741715034,0.6417136147330387,0.5997692834539521,0.6901816360775173,0.7531353576516191,0.8092818762337801,0.7108756751097028,0.7576600030666741,0.644280364743479,0.6580759468124272,0.685723575073546,0.7498286706334202,0.7560898632047297,0.7287758450575539,0.7744587069186714,0.7622219599425213,0.7508160628554419,0.7730497958643748,0.6619602145010769,0.7073009494087243,0.6565825606483515,0.6911747116499218,0.6068839328663648,0.6854548426690195,0.7074951595501807,0.7526748339063876,0.6524245346827297,0.6246087953736456,0.7660201074914887,0.6014374267085864,0.6421337541429496,0.6258799200657055,0.7027841220797979,0.501696267251565,0.6579046500612451,0.7447313960748898,0.7577174320897281,0.6793209205084031,0.7306262194987392,0.6450104196747297,0.6427976835104724,0.7995455247315553,0.7303300639267588,0.8725440314226722
2024-06-30,0.741452338449761,0.7247048228044249,0.7290890529127005,0.7221174263411666,0.6277109627966722,0.7588244124219773,0.7015607527834855,0.7051051237541924,0.6227290252039073,0.8033991668129835,0.7975452048015109,0.6072027448027255,0.648994887774602,0.7063818734837172,0.720647435718358,0.6272427680296121,0.7385134945624859,0.7729603797248666,0.7290733079806933,0.7785594320109637,0.7290991522697676,0.7200235600977957,0.7283020670743944,0.6791297080547803,0.7754101906237452,0.5660993077527032,0.7067174784067942,0.7895138426250455,0.6431118885238754,0.7315628828601857,0.7099930331601753,0.7004871594455913,0.7615160330729566,0.6673864354436286,0.7857134270565068,0.765498103872957,0.5543539255933229,0.7584663674448151,0.6888825206357763,0.6166620879415331,0.7109412669834911,0.7194148193959585,0.735996221192853,0.7699540902771354,0.7183589697304927,0.6859763999520299,0.7029344643225757,0.7123926251200005,0.7021384171754729,0.7876801920353436,0.767924480111286,0.7378964093036903,0.621899029740633,0.6221190672149809,0.7125290157713051,0.6081769524419904,0.6118784424719823,0.7382672364531957,0.7591270269511285,0.7178127161254381,0.6648369422537731,0.7305982448613989,0.6572501326784393,0.47867811190306764,0.6921676069532461,0.7302341215687791,0.641434871641028,0.6249467928334077,0.7444577615067355,0.6660939090973981,0.6670219679419599,0.7315411623792207,0.7346759092604133,0.7893583894693513,0.61104653740278,0.5604407357381335,0.667083467517277,0.6687304427569729,0.7463615099306949,0.674971227267989,0.6734895012168179,0.5640049499101696,0.6173669916308802,0.7588876464617585,0.6396566300859672,0.5962736126879247,0.6898017985944787,0.7529606204073613,0.810522002293377,0.7052834014149628,0.7574078081171665,0.6451036553712082,0.6552153395186813,0.6846554208951674,0.7483401642436626,0.7566106504551214,0.7291789369891475,0.7749123141525601,0.7630574783920469,0.7495516738167197,0.7740335727932701,0.6669493684241098,0.7056547231700704,0.6569524956728768,0.6916594610344622,0.6097125910562734,0.6851821097421712,0.7070935654978663,0.7532248894631921,0.658689227306571,0.624884022539987,0.7658635783971515,0.6039230345651191,0.6476093127139245,0.6255405777519858,0.7024335271185965,0.5035640902820535,0.6583875168353901,0.7447448294437795,0.7647365917245544,0.677987539028322,0.7288750776125253,0.6433188206482168,0.6435825839354005,0.7887248744156813,0.7308084013310469,0.8723540683769166
2024-07-31,0.7811088007248802,0.7376354346938303,0.7404361777997884,0.6912616642084397,0.594395652591385,0.7551588241536598,0.7438284882063059,0.7420771577085608,0.644128599656214,0.7994826382423741,0.7915100886581946,0.6606164698600083,0.7000027036757991,0.6913375089639314,0.731041136384377,0.6410418005424188,0.7597093184531826,0.7700194781026547,0.7538237708456793,0.8083607070196176,0.7279398541212885,0.7230298420095442,0.6998980477055683,0.6797646676402251,0.7194941024762599,0.6576768737319314,0.7114974084065027,0.7790832209384372,0.6382720155467698,0.7494299650935761,0.6887026907935729,0.7133752990097267,0.7645276014722052,0.6674640385687667,0.7667402148045807,0.7573316961522736,0.46569412787744474,0.7814943640904548,0.7014306170652403,0.6470741522655825,0.7332447369301834,0.7100013376530804,0.7416822261562714,0.7767369969178952,0.7324143631576376,0.6587538903245399,0.7033470943819247,0.6725247914564328,0.657966396722837,0.7810712689923335,0.7643489808649898,0.7448637917240175,0.6086961197693922,0.6471208067720593,0.7079664313061245,0.567249983655404,0.5822253316951644,0.727142640194175,0.7944374537931077,0.6921411013256132,0.6613725691941785,0.7478073040484414,0.6568975866605659,0.44768181916703637,0.7173878268888791,0.6763415395542665,0.6641292918356936,0.6209639022348217,0.7719580684520645,0.6504350339237385,0.6875617878156368,0.755130751196461,0.7544694405479406,0.7900678609178574,0.5698677011931774,0.5989683526066342,0.6565268364700318,0.6545966868941269,0.752017574187144,0.717202242877157,0.708501911074451,0.6312705045438494,0.6197346100973766,0.7623542841000381,0.6312179770029476,0.5724159901823147,0.6789929240834806,0.7508549834221075,0.8225522589449916,0.7026032258848626,0.758061039366165,0.6351319494397182,0.6798224358586616,0.7066915171900672,0.7694854262061223,0.7641428749880271,0.7324125840839426,0.775896443594742,0.7801135293019881,0.7405992149420667,0.7684231253840821,0.6528190985955683,0.7325177855769905,0.6496759004942028,0.7049125665704461,0.593709226414967,0.6806222194439726,0.7580434049502168,0.7476963732261146,0.6236375117570527,0.6867775666881002,0.7469933507211711,0.5939208003339239,0.6052782173258956,0.6032367769953582,0.7239946613648506,0.49331741162901915,0.6508108062294217,0.7594851963084485,0.7655456316491642,0.6959983810732883,0.7273044101620377,0.645462713356798,0.640385329012614,0.8221115570308678,0.7496704952824877,0.8813953244303547
2024-08-31,0.7763096805918406,0.7233261555744763,0.74141512535691,0.7021184653208694,0.6061339866447631,0.7810906519936267,0.7441913933766879,0.7423112866296582,0.6456639351944494,0.8005708395611176,0.8122634485961823,0.6404992668064079,0.7095492627857098,0.6933225153093853,0.7271377525643733,0.6477069184503069,0.7544942492039886,0.7776387417934656,0.7543292254795314,0.8328623707572371,0.7440753560760444,0.7227296427558888,0.7031238116281363,0.676733431561624,0.7131797274645338,0.6577696080279622,0.7096416424523071,0.7743222629099482,0.641021064013353,0.7483136748541526,0.6935390002251429,0.7113101636865835,0.7900333987949169,0.676571000483132,0.790826783806315,0.7578538587457473,0.48401591216615325,0.7773681460781403,0.7072110519861062,0.6756455839359647,0.7320049605590655,0.7530622996444487,0.7534849301468335,0.7788150031832002,0.7322165344058642,0.6437605432620246,0.7018127578094536,0.6747187383279164,0.6693630132882052,0.7744557853881919,0.7747935591405188,0.7447698223372348,0.6131529465477784,0.6400994863753233,0.7070401805891339,0.5782379762086424,0.5904005036287834,0.7223228692242042,0.7857530219196525,0.6917729520449087,0.6944450229537582,0.7517843676389521,0.6538059868267745,0.41137405641623925,0.6968925593107309,0.5973315113645792,0.6418745958841918,0.6123723281683178,0.7757626256836767,0.6513471585183674,0.7149655401515567,0.7317982079449862,0.7609038652656623,0.7926386324749954,0.5758231036628854,0.5960884618351405,0.6703443513067413,0.6574449925559449,0.7820486326512908,0.7073104035766732,0.7331773436615175,0.6295647985058388,0.6068334414556805,0.7614572234929081,0.6300534728443461,0.5690934516551153,0.6789518834832047,0.7690638950459778,0.7909502768958455,0.6952964248144431,0.767174226427294,0.6385599534818729,0.6772884763944663,0.7341693355773632,0.7645039639130027,0.7684934941097148,0.7327069573009218,0.7788604325171101,0.7857057053193792,0.7799291950133845,0.7589345685223565,0.6666941546307918,0.7233304281769602,0.6533374761329166,0.7247924920902892,0.6028138596050174,0.6809621639047663,0.7384394588969316,0.7495691905781946,0.6306479385876677,0.6785652321056916,0.734676288995366,0.5719167860771398,0.6148787304841166,0.6199209813417931,0.7009291378190701,0.5336523335312123,0.65316224006941,0.760858573676685,0.7851106852038587,0.7037669768433512,0.7548937848249206,0.6429294998569236,0.6414665809616824,0.8160405706551656,0.7568375875554624,0.8825025149990655
2024-09-30,0.7774802964306945,0.7206373854170312,0.7372892266371038,0.7096399080675664,0.606016301730625,0.7815684726257695,0.7606188395822433,0.7440663312032516,0.6460767859913076,0.7854580947146889,0.7948672427555185,0.6748015026542721,0.7079126971620897,0.7067787152915738,0.7249096972482512,0.6776858820326248,0.7351097659196888,0.777606129544279,0.7453388856412699,0.8053772725207358,0.7423097386760197,0.6856473661473717,0.6887825775722844,0.6897042313801431,0.6439593023185637,0.6656406313959107,0.7126009382522666,0.7667023594402573,0.6474688998178949,0.7470024413575964,0.6943100030012069,0.7087533547278013,0.8028848092726689,0.6825394796449789,0.7915381260918184,0.7588973514186971,0.49800102719051326,0.77765592529628,0.7067991120236168,0.6369892614133712,0.7060379671011526,0.7505322754911631,0.7515902792891915,0.782894967618599,0.7315765630802961,0.6446278149167007,0.7014461382348489,0.6725808896749496,0.6681907610832203,0.7658330900252963,0.7522714821365907,0.7699774992727133,0.6131444817894902,0.6382625550497232,0.7051095590876232,0.5769603089985452,0.6144778430043852,0.731902980785484,0.7814712928891082,0.684963463082546,0.6982463185507665,0.7538789568612536,0.6577666566511735,0.40829481192696,0.7027361927824988,0.6823414568643887,0.6474904974899786,0.6127001394939356,0.7739896296496027,0.6823059359183429,0.7032930350332286,0.7371934070043792,0.7647035262556517,0.7671728396985243,0.5612269044449908,0.5905490411064573,0.6908155970443257,0.6744920336268785,0.7790677284041518,0.7118140910348404,0.7354190980703202,0.6503525262256654,0.644816551109392,0.7827476726202116,0.6274251863079586,0.5647573954229508,0.677985852390802,0.767168824098396,0.7975328058424156,0.6916428973635155,0.7704961775066843,0.6384314903528893,0.6740107446824988,0.7295528652744158,0.7632334307498605,0.7702216608767098,0.7571905475099734,0.7548646476802667,0.7861432530984134,0.777503578298931,0.7422925810742201,0.6668005946181097,0.7267079373657517,0.6527626104371934,0.7286947359578194,0.6041512307034919,0.6802189681477904,0.7661400982263536,0.749559079982558,0.6304450096925047,0.6768261310458946,0.7313300110264688,0.5728387617978348,0.6142334564342579,0.5846539065598384,0.6977188971512811,0.5415669093541536,0.6520522278620554,0.7602109825894329,0.7859517043469746,0.6971933007946446,0.7526700285937816,0.6404160117907551,0.6432265503489729,0.81306618480028,0.7541434296313715,0.8830942538215978
2024-10-31,0.7759184916752293,0.7168768655063613,0.7393042045669228,0.6971572784648479,0.5912865652991952,0.7810314990321597,0.7554254280786545,0.7456667127170535,0.6450473749803318,0.784197030316819,0.7887266485713411,0.6690581434769621,0.7054384613553875,0.7316347977639087,0.7265498206066242,0.6749115218584981,0.7272349245935144,0.7765216116485634,0.7517012159422255,0.8034340247948714,0.7396585280653686,0.6848161790516796,0.6800686855957249,0.6856836060349412,0.6403791905738982,0.6758612229297585,0.7120586885950692,0.7545251007017645,0.6445747113996414,0.7490148918761701,0.693478824251379,0.7051184859576537,0.798574691632341,0.6835947795974618,0.7906197850706881,0.7661381320546344,0.4885551236989766,0.7776462447781723,0.7098270044988114,0.5672842632965276,0.704140835808607,0.7473424338637972,0.7508773567953939,0.7612100959774303,0.7288851010107817,0.6290868253268903,0.7037744961037824,0.6647084996143547,0.6645457922053792,0.7554270379634467,0.7509671076252786,0.7687066462131179,0.6074919788270637,0.642628319108889,0.7015008259190236,0.560697693071269,0.6034208811416752,0.7399805269710146,0.7854913801647097,0.6992721208711916,0.6961546312184855,0.7556393100864355,0.6540650300732624,0.3997963734289792,0.7065044611112595,0.6196225044832814,0.6438698797394881,0.5948961720224188,0.7735541284129351,0.6772227674980528,0.7113504896673152,0.7407386010630624,0.7377327423083635,0.7699244048118279,0.5601271742151083,0.5661753173021564,0.6857984345358299,0.6680479619991331,0.7816023600796344,0.7143937633361701,0.7316553176703379,0.6463649916137947,0.6443951842850897,0.7593997095987093,0.6222779614947131,0.5768720040500428,0.6738355999674537,0.7653027368150449,0.7938052100121973,0.6877643573320145,0.7692538522729719,0.6337320780601118,0.6691640873961011,0.7291165180427349,0.7688552811058424,0.769279978893888,0.7560987446437817,0.7588051004182177,0.7858278494994267,0.7871767385816284,0.7449572313895215,0.6602105444616938,0.7234871851884781,0.6492799957122719,0.7119940148841208,0.5957024498143896,0.6779154856896249,0.7622736434128593,0.7470735601551671,0.6511428224407185,0.6614745005564526,0.7266964633244752,0.5678599537408786,0.6012273274682916,0.5749259109519115,0.6885207856410225,0.5357525093768885,0.6460967919143321,0.7598832096094293,0.7842830152884788,0.6896199202580617,0.7500481029520736,0.6446706907708608,0.6409773112612898,0.8100421579694493,0.7532781168485927,0.886548689399828
2024-11-30,0.7755771098684806,0.7360998466267787,0.7370925806994065,0.7112087731931644,0.6075419217333108,0.7816875437172331,0.7680401101278552,0.7427845790312876,0.6472684212076782,0.7853961876543433,0.794336262864158,0.6715603237923206,0.7046219490814853,0.7510110918929158,0.7255833209956378,0.6701463784303648,0.7522417985377328,0.7775905563778184,0.7482310038404217,0.8028292733785792,0.7394173201290086,0.6916469469867929,0.6888478786924195,0.6831805566916589,0.6559117891681271,0.7152014950760162,0.7123947811191377,0.7634771888056486,0.6477330297957802,0.7512419638035718,0.6954028420449978,0.7006771694759533,0.7734736071567329,0.685427389658125,0.7805993416745096,0.766637598017271,0.4931150624436271,0.7790150353554406,0.7093676923137667,0.5723275405541425,0.704104201952463,0.7494815525320089,0.7523807294308648,0.7673894414214477,0.7316691916387688,0.6446692778023435,0.7048921216820112,0.6688750900135247,0.666279788265814,0.7490146363300616,0.7508737419442587,0.7726148766125601,0.6138031281500983,0.6412420441465706,0.7008394873199577,0.576390300081593,0.6138763762867796,0.740180294390712,0.7799579514664798,0.6961988313136028,0.7014584323305406,0.7581694466340776,0.6580568059878342,0.36415094014426236,0.7066284099673749,0.752383573403195,0.6420080595581003,0.5968952420700921,0.7740624792042163,0.6796804434969794,0.7150792405040047,0.7700317935305763,0.739391587902159,0.7997766013367676,0.5860154886928515,0.5677540067555578,0.685194279337725,0.6713555889218176,0.785990298566253,0.7134546046640563,0.7294716805988835,0.6439285888485531,0.6452263774549606,0.7813974124568288,0.6501606031358648,0.5843503245194386,0.6820712937240669,0.765320838174967,0.7732321347303699,0.6892845067036124,0.7693445899444031,0.6202014681537873,0.6678502339670337,0.7378261836586993,0.7722886270702816,0.7687052442616736,0.7619454269598375,0.7897453148976036,0.7860836191979409,0.791044903729286,0.7591385561800892,0.6681707305625967,0.7218302986046109,0.6299170348161806,0.7404463997381246,0.6073877488699325,0.6789757239844653,0.7589149498562323,0.7498878779882163,0.7029642076068565,0.6838157675947872,0.7394132443006556,0.5974461814804481,0.6576845057164755,0.5709672351861178,0.6917081363336799,0.5541524217554511,0.658816460499067,0.7638237683672695,0.7861744505767743,0.7102021999301812,0.7493944644714593,0.6769788831017349,0.6426115981941707,0.8086744335952684,0.7532671859983882,0.8857094158814809
2024-12-31,0.7721480542781133,0.7205964891324845,0.7344486579634261,0.6593385624560765,0.5487146403865124,0.778698634972605,0.7614898942528185,0.7441678029923754,0.6396891929611527,0.7791123103704939,0.7674832961350104,0.641819307351069,0.6992826705825774,0.7575944685473022,0.7288972361459516,0.675309386119908,0.7452790128524258,0.7718323049207773,0.738587392441905,0.7991152984610377,0.7295369281410848,0.6962992691682552,0.7027026638905006,0.6725946609647614,0.6437247466852816,0.7183804494106358,0.7099963993573866,0.7658805028127186,0.6304136060556217,0.7468645368359538,0.6961105874093689,0.6920631507848989,0.7750009852578069,0.6846934082111108,0.783391074547746,0.7644466391630694,0.5483966562576166,0.7760486862692547,0.7111070698521653,0.6081684943685902,0.6999677811019035,0.743940804646145,0.7548931977941399,0.7472659600197378,0.7330215822778083,0.5887881066508426,0.7039215811596548,0.6398552293241989,0.653898475587574,0.7327040873171903,0.7471162162914957,0.7500632198621155,0.5842447811789124,0.6472307836966434,0.7254814925045051,0.5249553116149552,0.5647547123782749,0.734890174601131,0.7677455908758046,0.6710053752073919,0.6966831721233587,0.7576135858300405,0.6563141821616316,0.3573225053518731,0.7047333756445651,0.6905036309916506,0.6362723085109228,0.6125626591858937,0.7718068123283864,0.6605994735195272,0.6899997711216821,0.76779755253351,0.7409875371505044,0.7719064862565447,0.5811208572552334,0.5728805376199005,0.6703928917405196,0.6426656118943509,0.7751404877654304,0.7187024281274035,0.72322803427055,0.6300830740475757,0.6428449179231079,0.7719234199753677,0.6325126992370685,0.5902646919658892,0.683110632018261,0.7602901759104738,0.7757629980904956,0.6856454162474301,0.7670473815738118,0.5978193692825667,0.657315471959358,0.7218427496093238,0.7679736375588633,0.7434535041698479,0.7575980903499359,0.7633809068738534,0.7882737954975699,0.7829649361132126,0.7441726284780992,0.627387113266167,0.7269582231371752,0.6379239680258189,0.7281992536847189,0.5652548146571819,0.6701260312467833,0.7531107907820689,0.7346267891294016,0.6670631143994631,0.677069926112618,0.724021605719587,0.6048898087197536,0.6140325342942407,0.5478162399711775,0.6915313336059931,0.5564834864984424,0.6345066138485367,0.7613466776232318,0.773865496083811,0.7100755578032448,0.7431756423516456,0.6530222772371151,0.6339909531955996,0.8009034413483122,0.7511187768185057,0.8623420377426434
2025-01-31,0.7506376433317028,0.7123039819495602,0.725555377543633,0.625349081020763,0.4779935591035144,0.7640425270177217,0.7637531436638102,0.7389022892515825,0.6416908432665499,0.7800194313846921,0.8038181297272446,0.6564488821243414,0.689145633041651,0.7885355693712067,0.7017393314748874,0.674211418226883,0.7452598911395767,0.7562441370136616,0.7469432436785801,0.8277595031847846,0.7288359168804502,0.6936809592172999,0.7168852528564708,0.6389809172926887,0.5483859638533076,0.7159755172464437,0.7061321212807538,0.7583334318924471,0.6242050483172843,0.7465756831215313,0.69987054924937,0.6782033201645067,0.7913798051953801,0.7054433089057925,0.7520632053301629,0.7666910330234795,0.5282852331535058,0.7704155396765312,0.7189858083789471,0.5403530073801052,0.7001505013797984,0.7425993177131373,0.7553856873943976,0.7523041746595526,0.7368357387839964,0.5822346242677953,0.7021351204164495,0.7100259555935396,0.6336025972903614,0.6688164586146366,0.7534371470340383,0.7745193428770893,0.583244678651178,0.6438254813566416,0.7395938587904629,0.5287513352620498,0.5719621925507741,0.7288431348846858,0.7628835949029118,0.6827163830853122,0.6887985124299477,0.7588339142902981,0.6525457157541721,0.35350336746639816,0.7277559892848742,0.6914381490815784,0.6542194029842484,0.6407704769824143,0.7711029992971178,0.656524056042075,0.7176339345771304,0.7576040589266718,0.7640390907999283,0.8003423754168376,0.6369908678997914,0.6259331495019171,0.6967486071282242,0.6457485543470446,0.7809707970083088,0.7120021027194853,0.7119244106321079,0.6543783719680776,0.6437171137718126,0.8016828095502614,0.619716318024439,0.6079630729899838,0.6844870856737124,0.7632621401324441,0.7528974342130329,0.6860748139365442,0.7404888573158923,0.6211613559413331,0.6326614474554847,0.7489607285065563,0.7136073481336463,0.7610068937586161,0.7377411347675294,0.7836094805693152,0.781859120038018,0.7833038536773701,0.7381446833078684,0.6331509841059438,0.7233056016938616,0.6459363743890805,0.7562649644819365,0.5705252562639064,0.6709673202831731,0.7529987705389608,0.7297282837127931,0.7077495796078039,0.6858954031946239,0.6561476987876231,0.44360622616077655,0.6172131093982536,0.5928761028066691,0.7281574712125737,0.5655870619230736,0.6441487126185192,0.7686827759509519,0.77582126246746,0.7363645693565195,0.7471078315100237,0.6660748916834907,0.6303300596504455,0.7279652703926617,0.7460627814769478,0.8875373307306522
2025-02-28,0.7602095402508304,0.7072944597697081,0.7254854762105599,0.6368942944692144,0.4828008714463209,0.7779350186207064,0.7620684414387908,0.746332931100745,0.6446791583906621,0.779894607268229,0.8215546874590918,0.6714604936915433,0.689037616952873,0.7693078891101928,0.7090661165315217,0.6682704370799899,0.7771656442566015,0.7744080392035566,0.7567003711567416,0.8279653146534095,0.7299194424183745,0.6921868824584273,0.7121889428136273,0.6465745983434386,0.5622567762924826,0.7153183997790253,0.70722287481866,0.7643650842886852,0.6254187904429002,0.7471491162402302,0.6973560245200293,0.7038230499080229,0.8030830255439642,0.7081480208958675,0.7253883461952843,0.7671409311276182,0.4786588164312487,0.7731629433580105,0.7244325007138964,0.5524670943707125,0.7077343218514721,0.7422191081008122,0.7326159856002092,0.7606459812557101,0.7375688983501695,0.5926078660840257,0.7085754043347394,0.7372798560436228,0.5739629725368387,0.7306965326442875,0.7520969378335531,0.7791919264836727,0.59222233432472,0.659539480304135,0.7459525241329212,0.5394481525930112,0.6187587224219392,0.7305681644722178,0.7652922367440855,0.6983453567616198,0.6820563465859086,0.7635362331284107,0.6567973943238193,0.35267752980313744,0.7119264302388559,0.6590865312111409,0.6549206898791685,0.6429843759065265,0.7690299397539293,0.6585758377901165,0.6989143884873182,0.7428046772867154,0.7446146172257492,0.7779480882740785,0.6455891269111571,0.6385605419129669,0.6955861129066531,0.6521747388018915,0.8126758807830309,0.7230832084030263,0.7294818774591868,0.6393992377956788,0.6239730911278742,0.8039953298224309,0.6486861519636815,0.6236676252542324,0.6941114785020882,0.7640777978428928,0.6574200569874901,0.67577386404697,0.7442187811104675,0.6294466960263183,0.6425244528152695,0.7287689449131916,0.7260130873110704,0.7704017732083182,0.7372132881078782,0.7685581091773775,0.7810216536177997,0.7978171198875417,0.6998415459763053,0.626245304643841,0.7130987686166039,0.678173879563064,0.7388685037606507,0.5829413505253302,0.672967285675352,0.7582152371340477,0.7358556316180256,0.5945902109496299,0.6968302415518175,0.7156199594754875,0.5460364829311327,0.6252622498777384,0.5517975615439624,0.7698344442319142,0.5708062113856873,0.6539823755105236,0.7676479040350377,0.7887301090558193,0.7386129230014348,0.7246525357503801,0.6799719535326473,0.6179980198575357,0.7581170517424634,0.7500877247944405,0.8926476318751922
2025-03-31,0.750043645093532,0.6864847201799139,0.7318323758718986,0.6170360261177588,0.47754840806627635,0.7748750021053121,0.7672966605930828,0.7221252197311138,0.641262332437217,0.7584683033436682,0.8125990319208711,0.6795982998284885,0.6927318643331498,0.7532956169626011,0.7079313420129484,0.617167596158973,0.7623724201766234,0.7764864646449591,0.7417075738608672,0.8277096902509212,0.729539074036358,0.6890869697497428,0.6582854850329926,0.6412586586363092,0.5607971142453521,0.7079024473031004,0.7069555802393345,0.7507591427286701,0.619481312551186,0.7433709187900933,0.6969130769281153,0.6994824087275612,0.7924163316835348,0.7200073467488277,0.7174171037342979,0.7638951998958312,0.469272465459,0.770071452742063,0.7213147112235887,0.523686883821902,0.7102056873103911,0.768019852805021,0.738775515571323,0.7380443895054662,0.736050992064312,0.5724204868220505,0.7073125036292593,0.7257783034557465,0.5569658242922602,0.6986079745539877,0.7720995875365787,0.7769893937098706,0.5688146052514659,0.6549421890496723,0.7419777720735679,0.5189488084440417,0.5589981336794316,0.7134176228245163,0.7876237090689182,0.7024878638176827,0.7152968153592179,0.7693162004730105,0.65166293659535,0.3510674965140638,0.7431722267478594,0.6559974018066622,0.6812146961041923,0.6380282502662006,0.7651230404975918,0.6474634408460486,0.6954938092478365,0.7712622780880136,0.7814331052227742,0.8075214051388839,0.6279212142728998,0.6309309474567801,0.6873367752976566,0.636126776648689,0.8085831812118848,0.7207775491519416,0.7452932408190146,0.6312767776365559,0.652156253821739,0.8016618609634698,0.6355487273259006,0.5874634313159244,0.6913567269614137,0.7740196088135771,0.6587650629361439,0.6637955503189713,0.7568108502446301,0.6057228178580405,0.6673615222150229,0.7255522241147154,0.7677046987624423,0.7584294069347534,0.7347864266085644,0.792977225146143,0.7908398942328917,0.7936912489335048,0.681186124738412,0.6074863537519181,0.7087975264271451,0.6712509603397646,0.7428004659085348,0.5627941425135963,0.6785279707639749,0.7435960623042811,0.7607518928776733,0.5899903306894896,0.6851071995760446,0.7037143708586506,0.5266631664044216,0.6058720878542307,0.48785524843906486,0.7729680259576468,0.5528963818215753,0.6240870161496247,0.7662689685872496,0.782973420989855,0.7313910644604495,0.7206220774779026,0.6764389506504911,0.6312332654242536,0.748624886247149,0.7543989430708086,0.8953732929470226
2025-04-30,0.7523753615998146,0.7237133345826154,0.7437483760341318,0.7097135929226958,0.5534388052483865,0.7821969670364071,0.7662719057225528,0.7227469321189276,0.6313232849620452,0.7875618220904579,0.8277350828136241,0.6784005779567209,0.7201609919618495,0.783467115418778,0.7093445841851035,0.6304581001716764,0.7860520075129206,0.7147656868581836,0.7429997090463953,0.8108388894742844,0.7518654330873413,0.6975873271102272,0.7127195893624428,0.6446979148048297,0.5752300705546891,0.7160053557044115,0.6978212157600756,0.7670096650019641,0.6535827190523223,0.7501642521057376,0.7017507101104484,0.7129640919279606,0.7928789548105264,0.7179038191185143,0.7372635969886076,0.7695616846285367,0.51460300559332,0.7766469845412505,0.7246813128382864,0.5754877331405954,0.714878927514872,0.7749662708421924,0.7417489057538602,0.7831724580278719,0.7377222516190547,0.6733221001702047,0.7097602240958583,0.7430240168103837,0.5983524101408842,0.7148952503124739,0.7518745670469088,0.7810470150111876,0.6319311473356306,0.6554665045340384,0.7461958539210529,0.6087430694130839,0.6376829536810564,0.6728215513821291,0.7874817915781889,0.7136107334515106,0.7214981069821994,0.7772393310847987,0.6561107821274422,0.3612121747521836,0.7445089152043394,0.7020776908328009,0.7060698604722224,0.6429334400628509,0.7759238287967433,0.6767619088862931,0.6964921012943139,0.7861420346407441,0.7827279638060677,0.8040410260027245,0.6493710851321268,0.6380317019151918,0.6942175912482359,0.6777508564184923,0.8242660576900054,0.7225430061439034,0.7445126622603623,0.6405908425786956,0.6560208013286133,0.8007385038207289,0.66089772278513,0.5935268615564253,0.6951629526600007,0.7749535219992687,0.7062720865257743,0.6887477685495791,0.7588807393879773,0.6492592456698992,0.6548809110419405,0.7277112998427273,0.7682539091274245,0.7626688755359099,0.7447548958163671,0.780304391044001,0.7951417634662794,0.7957637551261192,0.7289549017365899,0.6744777566651372,0.7125659656798027,0.6810675650311923,0.7399485776985425,0.6217337726290013,0.7121507936883547,0.7719174659521185,0.7637388409389908,0.6531593078978492,0.7064704543531,0.7388358622917202,0.563260514452744,0.6907740238041369,0.5077584128741485,0.7890703859164365,0.5815474244804142,0.6830034658420742,0.7678609347335223,0.791324934410403,0.7305841211442604,0.7250485872170465,0.6791811137426027,0.5997693083423759,0.7489513696308647,0.7621626922020001,0.890303292347926
2025-05-31,0.75127010598211,0.7203373508461205,0.7405715013471175,0.7034412911418849,0.5333299659867123,0.7813835606252099,0.7658369128614713,0.7215816021254352,0.6306521999638918,0.7837594619599969,0.8264261874116756,0.6748780115955962,0.7183794058290212,0.7817539221032533,0.7085434326381014,0.6273805466361939,0.7842234020423484,0.707709194607795,0.7679892185731505,0.8102131328344688,0.7506093905086556,0.6966379527942373,0.7054249075218749,0.6413769287807692,0.5686121141029211,0.71223835876099,0.6960982026507418,0.7617533845397687,0.6512198967833447,0.7491017743073157,0.7011061949081474,0.7095582151762635,0.7907314699461115,0.7177576073449755,0.7340049412441704,0.76806076162025,0.49835191757735264,0.7763041977030665,0.7237605128670069,0.572651053146495,0.7145797187414247,0.7732940684023109,0.7407913552671763,0.779701778053635,0.7368105397626409,0.6687346613711339,0.7091312374892893,0.7393351594085426,0.5921627688400889,0.7060415123348122,0.7484989355000292,0.7802810102305711,0.6290549373572509,0.6528261951497556,0.7440996412441876,0.5936803711311445,0.6296202444460325,0.665604558079889,0.7828885610140265,0.7087430346754138,0.7193320324788363,0.7786697953604331,0.653240720404618,0.3646588446915405,0.7446371910969255,0.6628178921637694,0.702596385003407,0.6408265158525343,0.7750266434427123,0.6747531029444762,0.6941733891362086,0.7854086555372621,0.7825274723757323,0.8039082837388063,0.6460141537775008,0.6343968395994469,0.6915446314294958,0.6729395893212597,0.8280921404013805,0.7210785620429411,0.741457319523537,0.6378143219412507,0.6559025387564102,0.7992129821668118,0.6568762409392421,0.5897423649755552,0.6935823832955238,0.77449819235258,0.6968074738132192,0.6892070358661209,0.7582568891574553,0.6465994378247726,0.6510508420175788,0.7262570569882455,0.7658372793763356,0.7611206852242836,0.7441760484409918,0.7799185053218631,0.7949842915548397,0.7941124646418218,0.7230876889252711,0.6694862269266142,0.7103430144625704,0.686654543926417,0.7660073313139164,0.6199712887433011,0.7094646934123078,0.7702319240167044,0.7631540589756224,0.6312355210807629,0.7018417351710216,0.735653823596778,0.5592372574995785,0.7186808340507652,0.49635170543071605,0.7846779882235168,0.5798232712633279,0.6775702835071248,0.7672882013785742,0.7895432191411967,0.7254865958503506,0.7213038598167464,0.6776782127227006,0.5965158560589114,0.7427035247978082,0.7617033047106515,0.8918669773204376
2025-06-30,0.751018010531591,0.7218302766977486,0.7380874609222531,0.7080403420133465,0.551145317572378,0.7822222829123868,0.7660026477059618,0.7209350527560635,0.6321477100576254,0.7868099023383462,0.8271197586365655,0.6724120745702638,0.7181408679448166,0.7798272378912354,0.7083279980160571,0.62766438802336,0.7850407299878921,0.7134303284032001,0.7620473835417289,0.8105471470002745,0.7514447140557542,0.6977757499968706,0.7092706113857342,0.6397629421087728,0.5721721855103572,0.7116411475514232,0.6975114940838458,0.7599849223619575,0.6538556185142228,0.7495980625604823,0.7011323675562162,0.7082451584742101,0.7928901744966558,0.7212362748139783,0.7360220046133582,0.7680393574593435,0.507374402300155,0.7781165102361006,0.7235709351074051,0.5154807010935711,0.7154796180434257,0.7734516660448647,0.7400630020673301,0.7826905277976202,0.7365283900306535,0.6720761697098041,0.7092872046536272,0.7495441124318096,0.5956472676738442,0.7036910738822777,0.7511570259751018,0.7805352775449189,0.6315345704332849,0.6513147108127191,0.7433956898534262,0.6047583956766375,0.636132738357908,0.6715294056452519,0.7797165110258741,0.7043397262059615,0.7190744645820334,0.7805699476020962,0.6521983770501387,0.3671403177166942,0.7456569679300296,0.6757068555041809,0.7027669918839374,0.6405683549492464,0.7756685791098386,0.6748840115046785,0.6921225697671348,0.7859312888243148,0.7827743773057863,0.8045144087586247,0.6517163391994673,0.6058950584953184,0.690251764952447,0.6741213876916724,0.8329184587809306,0.7205821378980954,0.7390281314712562,0.6373780746028155,0.6567388646712908,0.7981151976502917,0.6571980178036959,0.5890148923831262,0.6931816099018535,0.7744938754918939,0.7041193468487872,0.6932264548351759,0.7583398299965112,0.6479433234684763,0.6492969956335422,0.7321056416893502,0.7641866642734858,0.7624462544677089,0.7443906217257691,0.7805078416567359,0.7953212621147503,0.7934424483580858,0.7282733730914518,0.675413202026085,0.7095981191283736,0.6861343846489535,0.7638651198053671,0.6228517268283454,0.7104197121157484,0.7697069837882501,0.7523427231463506,0.6502772979915149,0.7025284875025939,0.7362265765244702,0.56064462066456,0.7192485539160963,0.5007324006246875,0.7824742874731995,0.5902229980001165,0.6813863045640515,0.7747148722914813,0.7892004683898509,0.7215969859752117,0.7204337131297797,0.6775164738354081,0.5991830819459343,0.739308951371743,0.7619388666273957,0.891089758645954
2025-07-31,0.7507867760514594,0.721615943879454,0.7372811499697226,0.7082355004661214,0.5522130328438938,0.7823050390312534,0.7660122020460199,0.7205884946621599,0.6324377779840259,0.7869524825750186,0.8271444701293849,0.6713138074193831,0.7177825919491043,0.7802228607371032,0.7081402405784885,0.6272864696341169,0.7849679602110196,0.713722504370967,0.7620683345710993,0.810587847351733,0.7516138309584525,0.6979064378108023,0.7090793174625891,0.6388771919816538,0.5720253640440407,0.711220766578604,0.6975928253062568,0.7586256505242046,0.6541891557141131,0.7495697379044247,0.7010470507444715,0.7074790144570591,0.7930629416346405,0.7220422107254763,0.735984506369687,0.767756831655142,0.5071185705103775,0.7784483779744646,0.723349519632803,0.5096940320244344,0.7157068813841971,0.7732646715048636,0.7397868229542087,0.7871671335440935,0.7363134186060696,0.6722258902801096,0.7092309277818716,0.7491221276476795,0.5955384557131376,0.7017229111881991,0.7512492499418036,0.7804848435601108,0.6317003639377792,0.6506487532750438,0.7429297439509259,0.6050747935169201,0.6364601987221108,0.6718254266691143,0.778370610354829,0.7026156049122283,0.7186606274398281,0.7812680688861323,0.6515306629834877,0.36651527414111096,0.7459383643594235,0.672574608470924,0.702257513012863,0.6403375058131693,0.7756717644431532,0.674673433906616,0.6915989538612239,0.785934244254815,0.7828257507909204,0.8046470294996014,0.6509658511897909,0.6052678331099582,0.6895796008521023,0.6737721726930217,0.8339488984790893,0.7202676475196335,0.7379169093701269,0.6369238596339485,0.6569646617192261,0.7976688474259995,0.656694163878082,0.5885381034171429,0.6928159538917014,0.7744672180803072,0.7044308076528262,0.6943854511177735,0.7582661123451596,0.6480856694000919,0.6483245911729658,0.7320393256038733,0.7633723274694557,0.7619665422421852,0.7443669585183909,0.7805895147104106,0.7954007718862625,0.7931120690481237,0.7286062866963463,0.6760198338286177,0.7091204538920048,0.6858236571170386,0.7630113989477395,0.6233377665518774,0.7102432688611962,0.7694554293645546,0.7423312778404287,0.6515115105900792,0.7019279581278512,0.7358095605724579,0.5605002477582159,0.7188744282384897,0.5000856772999323,0.7812733517583339,0.5913208481966906,0.6815146210165438,0.7746653583340952,0.7888067112130928,0.7198815940956731,0.7198061927744905,0.6773556181423146,0.5993612792943966,0.7376870140396975,0.7619353637729763,0.8911493751019383
